[15Aug2026 23:32:35.336] [main/INFO] [cpw.mods.modlauncher.Launcher/MODLAUNCHER]: ModLauncher running: args [--launchTarget, forgeserver, --fml.forgeVersion, 47.3.7, --fml.mcVersion, 1.20.1, --fml.forgeGroup, net.minecraftforge, --fml.mcpVersion, 20230612.114412, nogui]
[15Aug2026 23:32:35.339] [main/INFO] [cpw.mods.modlauncher.Launcher/MODLAUNCHER]: ModLauncher 10.0.9+10.0.9+main.dcd20f30 starting: java version 17.0.19 by Ubuntu; OS Linux arch amd64 version 6.8.0-1052-azure
[15Aug2026 23:32:35.367] [main/DEBUG] [cpw.mods.modlauncher.LaunchServiceHandler/MODLAUNCHER]: Found launch services [fmlclientdev,forgeclient,minecraft,forgegametestserverdev,fmlserveruserdev,fmlclient,fmldatauserdev,forgeserverdev,forgeserveruserdev,forgeclientdev,forgeclientuserdev,forgeserver,forgedatadev,fmlserver,fmlclientuserdev,fmlserverdev,forgedatauserdev,testharness,forgegametestserveruserdev]
[15Aug2026 23:32:35.379] [main/DEBUG] [cpw.mods.modlauncher.NameMappingServiceHandler/MODLAUNCHER]: Found naming services : [srgtomcp]
[15Aug2026 23:32:35.396] [main/DEBUG] [cpw.mods.modlauncher.LaunchPluginHandler/MODLAUNCHER]: Found launch plugins: [mixin,eventbus,slf4jfixer,object_holder_definalize,runtime_enum_extender,capability_token_subclass,accesstransformer,runtimedistcleaner]
[15Aug2026 23:32:35.405] [main/DEBUG] [cpw.mods.modlauncher.TransformationServicesHandler/MODLAUNCHER]: Discovering transformation services
[15Aug2026 23:32:35.410] [main/DEBUG] [net.minecraftforge.fml.loading.FMLPaths/CORE]: Path GAMEDIR is /workspaces/server/servidor_minecraft
[15Aug2026 23:32:35.410] [main/DEBUG] [net.minecraftforge.fml.loading.FMLPaths/CORE]: Path MODSDIR is /workspaces/server/servidor_minecraft/mods
[15Aug2026 23:32:35.410] [main/DEBUG] [net.minecraftforge.fml.loading.FMLPaths/CORE]: Path CONFIGDIR is /workspaces/server/servidor_minecraft/config
[15Aug2026 23:32:35.411] [main/DEBUG] [net.minecraftforge.fml.loading.FMLPaths/CORE]: Path FMLCONFIG is /workspaces/server/servidor_minecraft/config/fml.toml
[15Aug2026 23:32:42.007] [main/DEBUG] [cpw.mods.modlauncher.TransformationServicesHandler/MODLAUNCHER]: Found additional transformation services from discovery services: 
[15Aug2026 23:32:42.013] [main/INFO] [net.minecraftforge.fml.loading.ImmediateWindowHandler/]: ImmediateWindowProvider not loading because launch target is forgeserver
[15Aug2026 23:32:42.020] [main/DEBUG] [cpw.mods.modlauncher.TransformationServicesHandler/MODLAUNCHER]: Found transformer services : [mixin,fml]
[15Aug2026 23:32:42.020] [main/DEBUG] [cpw.mods.modlauncher.TransformationServicesHandler/MODLAUNCHER]: Transformation services loading
[15Aug2026 23:32:42.021] [main/DEBUG] [cpw.mods.modlauncher.TransformationServiceDecorator/MODLAUNCHER]: Loading service mixin
[15Aug2026 23:32:42.021] [main/DEBUG] [cpw.mods.modlauncher.TransformationServiceDecorator/MODLAUNCHER]: Loaded service mixin
[15Aug2026 23:32:42.021] [main/DEBUG] [cpw.mods.modlauncher.TransformationServiceDecorator/MODLAUNCHER]: Loading service fml
[15Aug2026 23:32:42.022] [main/DEBUG] [net.minecraftforge.fml.loading.LauncherVersion/CORE]: Found FMLLauncher version 1.0
[15Aug2026 23:32:42.022] [main/DEBUG] [net.minecraftforge.fml.loading.FMLLoader/CORE]: FML 1.0 loading
[15Aug2026 23:32:42.022] [main/DEBUG] [net.minecraftforge.fml.loading.FMLLoader/CORE]: FML found ModLauncher version : 10.0.9+10.0.9+main.dcd20f30
[15Aug2026 23:32:42.022] [main/DEBUG] [net.minecraftforge.fml.loading.FMLLoader/CORE]: FML found AccessTransformer version : 8.0.4+66+master.c09db6d7
[15Aug2026 23:32:42.023] [main/DEBUG] [net.minecraftforge.fml.loading.FMLLoader/CORE]: FML found EventBus version : 6.0.5+6.0.5+master.eb8e549b
[15Aug2026 23:32:42.023] [main/DEBUG] [net.minecraftforge.fml.loading.FMLLoader/CORE]: Found Runtime Dist Cleaner
[15Aug2026 23:32:42.025] [main/DEBUG] [net.minecraftforge.fml.loading.FMLLoader/CORE]: FML found CoreMod version : 5.1.6
[15Aug2026 23:32:42.025] [main/DEBUG] [net.minecraftforge.fml.loading.FMLLoader/CORE]: Found ForgeSPI package implementation version 7.0.1+7.0.1+master.d2b38bf6
[15Aug2026 23:32:42.025] [main/DEBUG] [net.minecraftforge.fml.loading.FMLLoader/CORE]: Found ForgeSPI package specification 5
[15Aug2026 23:32:42.025] [main/DEBUG] [cpw.mods.modlauncher.TransformationServiceDecorator/MODLAUNCHER]: Loaded service fml
[15Aug2026 23:32:42.026] [main/DEBUG] [cpw.mods.modlauncher.TransformationServicesHandler/MODLAUNCHER]: Configuring option handling for services
[15Aug2026 23:32:42.034] [main/DEBUG] [cpw.mods.modlauncher.TransformationServicesHandler/MODLAUNCHER]: Transformation services initializing
[15Aug2026 23:32:42.035] [main/DEBUG] [cpw.mods.modlauncher.TransformationServiceDecorator/MODLAUNCHER]: Initializing transformation service mixin
[15Aug2026 23:32:42.049] [main/DEBUG] [mixin/]: MixinService [ModLauncher] was successfully booted in cpw.mods.cl.ModuleClassLoader@77ec78b9
[15Aug2026 23:32:42.107] [main/INFO] [mixin/]: SpongePowered MIXIN Subsystem Version=0.8.5 Source=union:/workspaces/server/servidor_minecraft/libraries/org/spongepowered/mixin/0.8.5/mixin-0.8.5.jar%2365!/ Service=ModLauncher Env=SERVER
[15Aug2026 23:32:42.112] [main/DEBUG] [mixin/]: Initialising Mixin Platform Manager
[15Aug2026 23:32:42.112] [main/DEBUG] [mixin/]: Adding mixin platform agents for container ModLauncher Root Container(ModLauncher:4f56a0a2)
[15Aug2026 23:32:42.113] [main/DEBUG] [mixin/]: Instancing new MixinPlatformAgentMinecraftForge for ModLauncher Root Container(ModLauncher:4f56a0a2)
[15Aug2026 23:32:42.113] [main/DEBUG] [mixin/]: MixinPlatformAgentMinecraftForge rejected container ModLauncher Root Container(ModLauncher:4f56a0a2)
[15Aug2026 23:32:42.114] [main/DEBUG] [mixin/]: Instancing new MixinPlatformAgentDefault for ModLauncher Root Container(ModLauncher:4f56a0a2)
[15Aug2026 23:32:42.114] [main/DEBUG] [mixin/]: MixinPlatformAgentDefault accepted container ModLauncher Root Container(ModLauncher:4f56a0a2)
[15Aug2026 23:32:42.121] [main/DEBUG] [cpw.mods.modlauncher.TransformationServiceDecorator/MODLAUNCHER]: Initialized transformation service mixin
[15Aug2026 23:32:42.121] [main/DEBUG] [cpw.mods.modlauncher.TransformationServiceDecorator/MODLAUNCHER]: Initializing transformation service fml
[15Aug2026 23:32:42.121] [main/DEBUG] [net.minecraftforge.fml.loading.FMLServiceProvider/CORE]: Setting up basic FML game directories
[15Aug2026 23:32:42.121] [main/DEBUG] [net.minecraftforge.fml.loading.FMLPaths/CORE]: Path GAMEDIR is /workspaces/server/servidor_minecraft
[15Aug2026 23:32:42.122] [main/DEBUG] [net.minecraftforge.fml.loading.FMLPaths/CORE]: Path MODSDIR is /workspaces/server/servidor_minecraft/mods
[15Aug2026 23:32:42.122] [main/DEBUG] [net.minecraftforge.fml.loading.FMLPaths/CORE]: Path CONFIGDIR is /workspaces/server/servidor_minecraft/config
[15Aug2026 23:32:42.122] [main/DEBUG] [net.minecraftforge.fml.loading.FMLPaths/CORE]: Path FMLCONFIG is /workspaces/server/servidor_minecraft/config/fml.toml
[15Aug2026 23:32:42.122] [main/DEBUG] [net.minecraftforge.fml.loading.FMLServiceProvider/CORE]: Loading configuration
[15Aug2026 23:32:42.124] [main/DEBUG] [net.minecraftforge.fml.loading.FMLServiceProvider/CORE]: Preparing ModFile
[15Aug2026 23:32:42.127] [main/DEBUG] [net.minecraftforge.fml.loading.FMLServiceProvider/CORE]: Preparing launch handler
[15Aug2026 23:32:42.128] [main/DEBUG] [net.minecraftforge.fml.loading.FMLLoader/CORE]: Using forgeserver as launch service
[15Aug2026 23:32:42.142] [main/DEBUG] [net.minecraftforge.fml.loading.FMLLoader/CORE]: Received command line version data  : VersionInfo[forgeVersion=47.3.7, mcVersion=1.20.1, mcpVersion=20230612.114412, forgeGroup=net.minecraftforge]
[15Aug2026 23:32:42.144] [main/DEBUG] [cpw.mods.modlauncher.TransformationServiceDecorator/MODLAUNCHER]: Initialized transformation service fml
[15Aug2026 23:32:42.144] [main/DEBUG] [cpw.mods.modlauncher.NameMappingServiceHandler/MODLAUNCHER]: Current naming domain is 'srg'
[15Aug2026 23:32:42.144] [main/DEBUG] [cpw.mods.modlauncher.NameMappingServiceHandler/MODLAUNCHER]: Identified name mapping providers {}
[15Aug2026 23:32:42.145] [main/DEBUG] [cpw.mods.modlauncher.TransformationServicesHandler/MODLAUNCHER]: Transformation services begin scanning
[15Aug2026 23:32:42.145] [main/DEBUG] [cpw.mods.modlauncher.TransformationServiceDecorator/MODLAUNCHER]: Beginning scan trigger - transformation service mixin
[15Aug2026 23:32:42.145] [main/DEBUG] [cpw.mods.modlauncher.TransformationServiceDecorator/MODLAUNCHER]: End scan trigger - transformation service mixin
[15Aug2026 23:32:42.146] [main/DEBUG] [cpw.mods.modlauncher.TransformationServiceDecorator/MODLAUNCHER]: Beginning scan trigger - transformation service fml
[15Aug2026 23:32:42.146] [main/DEBUG] [net.minecraftforge.fml.loading.FMLServiceProvider/CORE]: Initiating mod scan
[15Aug2026 23:32:42.154] [main/DEBUG] [net.minecraftforge.fml.loading.moddiscovery.ModListHandler/CORE]: Found mod coordinates from lists: []
[15Aug2026 23:32:42.158] [main/DEBUG] [net.minecraftforge.fml.loading.moddiscovery.ModDiscoverer/CORE]: Found Mod Locators : (mods folder:null),(maven libs:null),(exploded directory:null),(minecraft:null),(userdev classpath:null)
[15Aug2026 23:32:42.158] [main/DEBUG] [net.minecraftforge.fml.loading.moddiscovery.ModDiscoverer/CORE]: Found Dependency Locators : (JarInJar:null)
[15Aug2026 23:32:42.167] [main/DEBUG] [net.minecraftforge.fml.loading.moddiscovery.ModFileParser/LOADING]: Considering mod file candidate /workspaces/server/servidor_minecraft/mods/[1.20.1-forge]-Epic-Knights-Ice-and-Fire-1.1.jar
[15Aug2026 23:32:42.210] [main/DEBUG] [net.minecraftforge.fml.loading.moddiscovery.ModFileInfo/LOADING]: Found valid mod file [1.20.1-forge]-Epic-Knights-Ice-and-Fire-1.1.jar with {epic_knights_ice_and_fire} mods - versions {1.0}
[15Aug2026 23:32:42.214] [main/DEBUG] [net.minecraftforge.fml.loading.moddiscovery.ModFileParser/LOADING]: Considering mod file candidate /workspaces/server/servidor_minecraft/mods/alexsmobs-1.22.9.jar
[15Aug2026 23:32:42.216] [main/DEBUG] [net.minecraftforge.fml.loading.moddiscovery.ModFileInfo/LOADING]: Found valid mod file alexsmobs-1.22.9.jar with {alexsmobs} mods - versions {1.22.9}
[15Aug2026 23:32:42.217] [main/DEBUG] [net.minecraftforge.fml.loading.moddiscovery.ModFileParser/LOADING]: Considering mod file candidate /workspaces/server/servidor_minecraft/mods/AmbientSounds_FORGE_v6.3.7_mc1.20.1.jar
[15Aug2026 23:32:42.218] [main/DEBUG] [net.minecraftforge.fml.loading.moddiscovery.ModFileInfo/LOADING]: Found valid mod file AmbientSounds_FORGE_v6.3.7_mc1.20.1.jar with {ambientsounds} mods - versions {6.3.7}
[15Aug2026 23:32:42.219] [main/DEBUG] [net.minecraftforge.fml.loading.moddiscovery.ModFileParser/LOADING]: Considering mod file candidate /workspaces/server/servidor_minecraft/mods/appleskin-forge-mc1.20.1-2.5.1.jar
[15Aug2026 23:32:42.226] [main/DEBUG] [net.minecraftforge.fml.loading.moddiscovery.ModFileInfo/LOADING]: Found valid mod file appleskin-forge-mc1.20.1-2.5.1.jar with {appleskin} mods - versions {2.5.1+mc1.20.1}
[15Aug2026 23:32:42.226] [main/DEBUG] [net.minecraftforge.fml.loading.moddiscovery.ModFileParser/LOADING]: Considering mod file candidate /workspaces/server/servidor_minecraft/mods/architectury-9.2.14-forge.jar
[15Aug2026 23:32:42.228] [main/DEBUG] [net.minecraftforge.fml.loading.moddiscovery.ModFileInfo/LOADING]: Found valid mod file architectury-9.2.14-forge.jar with {architectury} mods - versions {9.2.14}
[15Aug2026 23:32:42.229] [main/DEBUG] [net.minecraftforge.fml.loading.moddiscovery.ModFileParser/LOADING]: Considering mod file candidate /workspaces/server/servidor_minecraft/mods/balm-forge-1.20.1-7.3.41-all.jar
[15Aug2026 23:32:42.232] [main/DEBUG] [net.minecraftforge.fml.loading.moddiscovery.ModFileInfo/LOADING]: Found valid mod file balm-forge-1.20.1-7.3.41-all.jar with {balm} mods - versions {7.3.41}
[15Aug2026 23:32:42.232] [main/DEBUG] [net.minecraftforge.fml.loading.moddiscovery.ModFileParser/LOADING]: Considering mod file candidate /workspaces/server/servidor_minecraft/mods/bettercombat-forge-1.9.0+1.20.1.jar
[15Aug2026 23:32:42.238] [main/DEBUG] [net.minecraftforge.fml.loading.moddiscovery.ModFileInfo/LOADING]: Found valid mod file bettercombat-forge-1.9.0+1.20.1.jar with {bettercombat} mods - versions {1.9.0+1.20.1}
[15Aug2026 23:32:42.239] [main/DEBUG] [net.minecraftforge.fml.loading.moddiscovery.ModFileParser/LOADING]: Considering mod file candidate /workspaces/server/servidor_minecraft/mods/carryon-forge-1.20.1-2.1.2.7.jar
[15Aug2026 23:32:42.243] [main/DEBUG] [net.minecraftforge.fml.loading.moddiscovery.ModFileInfo/LOADING]: Found valid mod file carryon-forge-1.20.1-2.1.2.7.jar with {carryon} mods - versions {2.1.2.7}
[15Aug2026 23:32:42.246] [main/DEBUG] [net.minecraftforge.fml.loading.moddiscovery.ModFileParser/LOADING]: Considering mod file candidate /workspaces/server/servidor_minecraft/mods/citadel-2.6.3-1.20.1.jar
[15Aug2026 23:32:42.251] [main/DEBUG] [net.minecraftforge.fml.loading.moddiscovery.ModFileInfo/LOADING]: Found valid mod file citadel-2.6.3-1.20.1.jar with {citadel} mods - versions {2.6.3}
[15Aug2026 23:32:42.254] [main/DEBUG] [net.minecraftforge.fml.loading.moddiscovery.ModFileParser/LOADING]: Considering mod file candidate /workspaces/server/servidor_minecraft/mods/cloth-config-11.1.136-forge.jar
[15Aug2026 23:32:42.255] [main/DEBUG] [net.minecraftforge.fml.loading.moddiscovery.ModFileInfo/LOADING]: Found valid mod file cloth-config-11.1.136-forge.jar with {cloth_config} mods - versions {11.1.136}
[15Aug2026 23:32:42.257] [main/DEBUG] [net.minecraftforge.fml.loading.moddiscovery.ModFileParser/LOADING]: Considering mod file candidate /workspaces/server/servidor_minecraft/mods/Clumps-forge-1.20.1-12.0.0.4.jar
[15Aug2026 23:32:42.258] [main/DEBUG] [net.minecraftforge.fml.loading.moddiscovery.ModFileInfo/LOADING]: Found valid mod file Clumps-forge-1.20.1-12.0.0.4.jar with {clumps} mods - versions {12.0.0.4}
[15Aug2026 23:32:42.260] [main/DEBUG] [net.minecraftforge.fml.loading.moddiscovery.ModFileParser/LOADING]: Considering mod file candidate /workspaces/server/servidor_minecraft/mods/collective-1.20.1-8.39.jar
[15Aug2026 23:32:42.261] [main/DEBUG] [net.minecraftforge.fml.loading.moddiscovery.ModFileInfo/LOADING]: Found valid mod file collective-1.20.1-8.39.jar with {collective} mods - versions {8.39}
[15Aug2026 23:32:42.262] [main/DEBUG] [net.minecraftforge.fml.loading.moddiscovery.ModFileParser/LOADING]: Considering mod file candidate /workspaces/server/servidor_minecraft/mods/corpse-forge-1.20.1-1.0.23.jar
[15Aug2026 23:32:42.263] [main/DEBUG] [net.minecraftforge.fml.loading.moddiscovery.ModFileInfo/LOADING]: Found valid mod file corpse-forge-1.20.1-1.0.23.jar with {corpse} mods - versions {1.20.1-1.0.23}
[15Aug2026 23:32:42.267] [main/DEBUG] [net.minecraftforge.fml.loading.moddiscovery.ModFileParser/LOADING]: Considering mod file candidate /workspaces/server/servidor_minecraft/mods/CreativeCore_FORGE_v2.12.39_mc1.20.1.jar
[15Aug2026 23:32:42.268] [main/DEBUG] [net.minecraftforge.fml.loading.moddiscovery.ModFileInfo/LOADING]: Found valid mod file CreativeCore_FORGE_v2.12.39_mc1.20.1.jar with {creativecore} mods - versions {2.12.39}
[15Aug2026 23:32:42.268] [main/DEBUG] [net.minecraftforge.fml.loading.moddiscovery.ModFileParser/LOADING]: Considering mod file candidate /workspaces/server/servidor_minecraft/mods/curios-forge-5.14.1+1.20.1.jar
[15Aug2026 23:32:42.272] [main/DEBUG] [net.minecraftforge.fml.loading.moddiscovery.ModFileInfo/LOADING]: Found valid mod file curios-forge-5.14.1+1.20.1.jar with {curios} mods - versions {5.14.1+1.20.1}
[15Aug2026 23:32:42.274] [main/DEBUG] [net.minecraftforge.fml.loading.moddiscovery.ModFileParser/LOADING]: Considering mod file candidate /workspaces/server/servidor_minecraft/mods/DungeonsArise-1.20.x-2.1.58-release.jar
[15Aug2026 23:32:42.275] [main/DEBUG] [net.minecraftforge.fml.loading.moddiscovery.ModFileInfo/LOADING]: Found valid mod file DungeonsArise-1.20.x-2.1.58-release.jar with {dungeons_arise} mods - versions {2.1.58-1.20.x}
[15Aug2026 23:32:42.276] [main/DEBUG] [net.minecraftforge.fml.loading.moddiscovery.ModFileParser/LOADING]: Considering mod file candidate /workspaces/server/servidor_minecraft/mods/Epic Villages 1.3.1 (1.20+).jar
[15Aug2026 23:32:42.310] [main/DEBUG] [net.minecraftforge.fml.loading.moddiscovery.ModFileInfo/LOADING]: Found valid mod file Epic Villages 1.3.1 (1.20+).jar with {mr_epic_structuresvillages} mods - versions {1.3.0}
[15Aug2026 23:32:42.313] [main/DEBUG] [net.minecraftforge.fml.loading.moddiscovery.ModFileParser/LOADING]: Considering mod file candidate /workspaces/server/servidor_minecraft/mods/epic-knights-1.20.1-forge-10.11.jar
[15Aug2026 23:32:42.316] [main/DEBUG] [net.minecraftforge.fml.loading.moddiscovery.ModFileInfo/LOADING]: Found valid mod file epic-knights-1.20.1-forge-10.11.jar with {magistuarmory} mods - versions {10.11}
[15Aug2026 23:32:42.317] [main/DEBUG] [net.minecraftforge.fml.loading.moddiscovery.ModFileParser/LOADING]: Considering mod file candidate /workspaces/server/servidor_minecraft/mods/Epic-Knights-x-Better-Combat.jar
[15Aug2026 23:32:42.318] [main/DEBUG] [net.minecraftforge.fml.loading.moddiscovery.ModFileInfo/LOADING]: Found valid mod file Epic-Knights-x-Better-Combat.jar with {epic_knights_x_better_combat} mods - versions {1.0.1-1.20.1+1.21.1}
[15Aug2026 23:32:42.319] [main/DEBUG] [net.minecraftforge.fml.loading.moddiscovery.ModFileParser/LOADING]: Considering mod file candidate /workspaces/server/servidor_minecraft/mods/epicterrain-0.2.5.jar
[15Aug2026 23:32:42.321] [main/DEBUG] [net.minecraftforge.fml.loading.moddiscovery.ModFileInfo/LOADING]: Found valid mod file epicterrain-0.2.5.jar with {mr_epicterrain} mods - versions {0.2.5}
[15Aug2026 23:32:42.325] [main/DEBUG] [net.minecraftforge.fml.loading.moddiscovery.ModFileParser/LOADING]: Considering mod file candidate /workspaces/server/servidor_minecraft/mods/ferritecore-6.0.1-forge.jar
[15Aug2026 23:32:42.326] [main/DEBUG] [net.minecraftforge.fml.loading.moddiscovery.ModFileInfo/LOADING]: Found valid mod file ferritecore-6.0.1-forge.jar with {ferritecore} mods - versions {6.0.1}
[15Aug2026 23:32:42.326] [main/DEBUG] [net.minecraftforge.fml.loading.moddiscovery.ModFileParser/LOADING]: Considering mod file candidate /workspaces/server/servidor_minecraft/mods/firstperson-forge-2.7.2-mc1.20.1.jar
[15Aug2026 23:32:42.328] [main/DEBUG] [net.minecraftforge.fml.loading.moddiscovery.ModFileInfo/LOADING]: Found valid mod file firstperson-forge-2.7.2-mc1.20.1.jar with {firstperson} mods - versions {2.7.2}
[15Aug2026 23:32:42.329] [main/DEBUG] [net.minecraftforge.fml.loading.moddiscovery.ModFileParser/LOADING]: Considering mod file candidate /workspaces/server/servidor_minecraft/mods/geckolib-forge-1.20.1-4.8.4.jar
[15Aug2026 23:32:42.330] [main/DEBUG] [net.minecraftforge.fml.loading.moddiscovery.ModFileInfo/LOADING]: Found valid mod file geckolib-forge-1.20.1-4.8.4.jar with {geckolib} mods - versions {4.8.4}
[15Aug2026 23:32:42.331] [main/DEBUG] [net.minecraftforge.fml.loading.moddiscovery.ModFileParser/LOADING]: Considering mod file candidate /workspaces/server/servidor_minecraft/mods/Geophilic v3.6.mod.jar
[15Aug2026 23:32:42.332] [main/DEBUG] [net.minecraftforge.fml.loading.moddiscovery.ModFileInfo/LOADING]: Found valid mod file Geophilic v3.6.mod.jar with {geophilic} mods - versions {3.6}
[15Aug2026 23:32:42.333] [main/DEBUG] [net.minecraftforge.fml.loading.moddiscovery.ModFileParser/LOADING]: Considering mod file candidate /workspaces/server/servidor_minecraft/mods/globalxp-forge-1.20.1-1.11.jar
[15Aug2026 23:32:42.333] [main/DEBUG] [net.minecraftforge.fml.loading.moddiscovery.ModFileInfo/LOADING]: Found valid mod file globalxp-forge-1.20.1-1.11.jar with {globalxp} mods - versions {1.11}
[15Aug2026 23:32:42.334] [main/DEBUG] [net.minecraftforge.fml.loading.moddiscovery.ModFileParser/LOADING]: Considering mod file candidate /workspaces/server/servidor_minecraft/mods/grue_remake-1.5.0-forge-1.20.1.jar
[15Aug2026 23:32:42.335] [main/DEBUG] [net.minecraftforge.fml.loading.moddiscovery.ModFileInfo/LOADING]: Found valid mod file grue_remake-1.5.0-forge-1.20.1.jar with {grue_remake} mods - versions {1.5.0}
[15Aug2026 23:32:42.335] [main/DEBUG] [net.minecraftforge.fml.loading.moddiscovery.ModFileParser/LOADING]: Considering mod file candidate /workspaces/server/servidor_minecraft/mods/Healing+Bed+1.20.1.jar
[15Aug2026 23:32:42.336] [main/DEBUG] [net.minecraftforge.fml.loading.moddiscovery.ModFileInfo/LOADING]: Found valid mod file Healing+Bed+1.20.1.jar with {healingbed} mods - versions {1.20.1}
[15Aug2026 23:32:42.336] [main/DEBUG] [net.minecraftforge.fml.loading.moddiscovery.ModFileParser/LOADING]: Considering mod file candidate /workspaces/server/servidor_minecraft/mods/healingcampfire-1.20.1-6.3.jar
[15Aug2026 23:32:42.337] [main/DEBUG] [net.minecraftforge.fml.loading.moddiscovery.ModFileInfo/LOADING]: Found valid mod file healingcampfire-1.20.1-6.3.jar with {healingcampfire} mods - versions {6.3}
[15Aug2026 23:32:42.338] [main/DEBUG] [net.minecraftforge.fml.loading.moddiscovery.ModFileParser/LOADING]: Considering mod file candidate /workspaces/server/servidor_minecraft/mods/i_heard_it_too_remastered-1.6.jar
[15Aug2026 23:32:42.338] [main/DEBUG] [net.minecraftforge.fml.loading.moddiscovery.ModFileInfo/LOADING]: Found valid mod file i_heard_it_too_remastered-1.6.jar with {i_heard_it_too_remastered} mods - versions {1.6}
[15Aug2026 23:32:42.342] [main/DEBUG] [net.minecraftforge.fml.loading.moddiscovery.ModFileParser/LOADING]: Considering mod file candidate /workspaces/server/servidor_minecraft/mods/iceandfire-2.1.13-1.20.1-beta-5.jar
[15Aug2026 23:32:42.343] [main/DEBUG] [net.minecraftforge.fml.loading.moddiscovery.ModFileInfo/LOADING]: Found valid mod file iceandfire-2.1.13-1.20.1-beta-5.jar with {iceandfire} mods - versions {2.1.13-1.20.1}
[15Aug2026 23:32:42.344] [main/DEBUG] [net.minecraftforge.fml.loading.moddiscovery.ModFileParser/LOADING]: Considering mod file candidate /workspaces/server/servidor_minecraft/mods/ImmediatelyFast-Forge-1.5.5+1.20.4.jar
[15Aug2026 23:32:42.344] [main/DEBUG] [net.minecraftforge.fml.loading.moddiscovery.ModFileInfo/LOADING]: Found valid mod file ImmediatelyFast-Forge-1.5.5+1.20.4.jar with {immediatelyfast} mods - versions {1.5.5+1.20.4}
[15Aug2026 23:32:42.345] [main/DEBUG] [net.minecraftforge.fml.loading.moddiscovery.ModFileParser/LOADING]: Considering mod file candidate /workspaces/server/servidor_minecraft/mods/ItemPhysic_FORGE_v1.8.13_mc1.20.1.jar
[15Aug2026 23:32:42.346] [main/DEBUG] [net.minecraftforge.fml.loading.moddiscovery.ModFileInfo/LOADING]: Found valid mod file ItemPhysic_FORGE_v1.8.13_mc1.20.1.jar with {itemphysic} mods - versions {1.8.13}
[15Aug2026 23:32:42.347] [main/DEBUG] [net.minecraftforge.fml.loading.moddiscovery.ModFileParser/LOADING]: Considering mod file candidate /workspaces/server/servidor_minecraft/mods/jei-1.20.1-forge-15.21.0.148.jar
[15Aug2026 23:32:42.348] [main/DEBUG] [net.minecraftforge.fml.loading.moddiscovery.ModFileInfo/LOADING]: Found valid mod file jei-1.20.1-forge-15.21.0.148.jar with {jei} mods - versions {15.21.0.148}
[15Aug2026 23:32:42.359] [main/DEBUG] [net.minecraftforge.fml.loading.moddiscovery.ModFileParser/LOADING]: Considering mod file candidate /workspaces/server/servidor_minecraft/mods/mcw-doors-1.1.2-mc1.20.1forge.jar
[15Aug2026 23:32:42.360] [main/DEBUG] [net.minecraftforge.fml.loading.moddiscovery.ModFileInfo/LOADING]: Found valid mod file mcw-doors-1.1.2-mc1.20.1forge.jar with {mcwdoors} mods - versions {1.1.2}
[15Aug2026 23:32:42.362] [main/DEBUG] [net.minecraftforge.fml.loading.moddiscovery.ModFileParser/LOADING]: Considering mod file candidate /workspaces/server/servidor_minecraft/mods/mcw-trapdoors-1.1.5-mc1.20.1forge.jar
[15Aug2026 23:32:42.363] [main/DEBUG] [net.minecraftforge.fml.loading.moddiscovery.ModFileInfo/LOADING]: Found valid mod file mcw-trapdoors-1.1.5-mc1.20.1forge.jar with {mcwtrpdoors} mods - versions {1.1.5}
[15Aug2026 23:32:42.364] [main/DEBUG] [net.minecraftforge.fml.loading.moddiscovery.ModFileParser/LOADING]: Considering mod file candidate /workspaces/server/servidor_minecraft/mods/modernfix-forge-5.27.66+mc1.20.1.jar
[15Aug2026 23:32:42.365] [main/DEBUG] [net.minecraftforge.fml.loading.moddiscovery.ModFileInfo/LOADING]: Found valid mod file modernfix-forge-5.27.66+mc1.20.1.jar with {modernfix} mods - versions {5.27.66+mc1.20.1}
[15Aug2026 23:32:42.365] [main/DEBUG] [net.minecraftforge.fml.loading.moddiscovery.ModFileParser/LOADING]: Considering mod file candidate /workspaces/server/servidor_minecraft/mods/moogs_structures-1.20-1.20.4-3.0.0-forge.jar
[15Aug2026 23:32:42.366] [main/DEBUG] [net.minecraftforge.fml.loading.moddiscovery.ModFileInfo/LOADING]: Found valid mod file moogs_structures-1.20-1.20.4-3.0.0-forge.jar with {moogs_structures} mods - versions {3.0.0}
[15Aug2026 23:32:42.367] [main/DEBUG] [net.minecraftforge.fml.loading.moddiscovery.ModFileParser/LOADING]: Considering mod file candidate /workspaces/server/servidor_minecraft/mods/MoogsVoyagerStructures-1.20-5.0.6.jar
[15Aug2026 23:32:42.368] [main/DEBUG] [net.minecraftforge.fml.loading.moddiscovery.ModFileInfo/LOADING]: Found valid mod file MoogsVoyagerStructures-1.20-5.0.6.jar with {mvs} mods - versions {5.0.6}
[15Aug2026 23:32:42.369] [main/DEBUG] [net.minecraftforge.fml.loading.moddiscovery.ModFileParser/LOADING]: Considering mod file candidate /workspaces/server/servidor_minecraft/mods/notenoughanimations-forge-1.12.4-mc1.20.1.jar
[15Aug2026 23:32:42.370] [main/DEBUG] [net.minecraftforge.fml.loading.moddiscovery.ModFileInfo/LOADING]: Found valid mod file notenoughanimations-forge-1.12.4-mc1.20.1.jar with {notenoughanimations} mods - versions {1.12.4}
[15Aug2026 23:32:42.370] [main/DEBUG] [net.minecraftforge.fml.loading.moddiscovery.ModFileParser/LOADING]: Considering mod file candidate /workspaces/server/servidor_minecraft/mods/nyfsspiders-Forge-1.20.1-3.0.1.jar
[15Aug2026 23:32:42.372] [main/DEBUG] [net.minecraftforge.fml.loading.moddiscovery.ModFileInfo/LOADING]: Found valid mod file nyfsspiders-Forge-1.20.1-3.0.1.jar with {nyfsspiders} mods - versions {3.0.1}
[15Aug2026 23:32:42.372] [main/DEBUG] [net.minecraftforge.fml.loading.moddiscovery.ModFileParser/LOADING]: Considering mod file candidate /workspaces/server/servidor_minecraft/mods/OctoLib-FORGE-0.4.2+1.20.1.jar
[15Aug2026 23:32:42.373] [main/DEBUG] [net.minecraftforge.fml.loading.moddiscovery.ModFileInfo/LOADING]: Found valid mod file OctoLib-FORGE-0.4.2+1.20.1.jar with {octolib} mods - versions {0.4.2}
[15Aug2026 23:32:42.374] [main/DEBUG] [net.minecraftforge.fml.loading.moddiscovery.ModFileParser/LOADING]: Considering mod file candidate /workspaces/server/servidor_minecraft/mods/Paraglider-forge-20.1.3.jar
[15Aug2026 23:32:42.375] [main/DEBUG] [net.minecraftforge.fml.loading.moddiscovery.ModFileInfo/LOADING]: Found valid mod file Paraglider-forge-20.1.3.jar with {paraglider} mods - versions {20.1.3}
[15Aug2026 23:32:42.376] [main/DEBUG] [net.minecraftforge.fml.loading.moddiscovery.ModFileParser/LOADING]: Considering mod file candidate /workspaces/server/servidor_minecraft/mods/ParCool-1.20.1-3.4.3.3.jar
[15Aug2026 23:32:42.378] [main/DEBUG] [net.minecraftforge.fml.loading.moddiscovery.ModFileInfo/LOADING]: Found valid mod file ParCool-1.20.1-3.4.3.3.jar with {parcool} mods - versions {3.4.3.3}
[15Aug2026 23:32:42.379] [main/DEBUG] [net.minecraftforge.fml.loading.moddiscovery.ModFileParser/LOADING]: Considering mod file candidate /workspaces/server/servidor_minecraft/mods/player-animation-lib-forge-1.0.2-rc1+1.20.jar
[15Aug2026 23:32:42.379] [main/DEBUG] [net.minecraftforge.fml.loading.moddiscovery.ModFileInfo/LOADING]: Found valid mod file player-animation-lib-forge-1.0.2-rc1+1.20.jar with {playeranimator} mods - versions {1.0.2-rc1+1.20}
[15Aug2026 23:32:42.380] [main/DEBUG] [net.minecraftforge.fml.loading.moddiscovery.ModFileParser/LOADING]: Considering mod file candidate /workspaces/server/servidor_minecraft/mods/PlayerRevive_FORGE_v2.0.31_mc1.20.1.jar
[15Aug2026 23:32:42.381] [main/DEBUG] [net.minecraftforge.fml.loading.moddiscovery.ModFileInfo/LOADING]: Found valid mod file PlayerRevive_FORGE_v2.0.31_mc1.20.1.jar with {playerrevive} mods - versions {2.0.31}
[15Aug2026 23:32:42.394] [main/DEBUG] [net.minecraftforge.fml.loading.moddiscovery.ModFileParser/LOADING]: Considering mod file candidate /workspaces/server/servidor_minecraft/mods/PuzzlesLib-v8.1.33-1.20.1-Forge.jar
[15Aug2026 23:32:42.395] [main/DEBUG] [net.minecraftforge.fml.loading.moddiscovery.ModFileInfo/LOADING]: Found valid mod file PuzzlesLib-v8.1.33-1.20.1-Forge.jar with {puzzleslib} mods - versions {8.1.33}
[15Aug2026 23:32:42.397] [main/DEBUG] [net.minecraftforge.fml.loading.moddiscovery.ModFileParser/LOADING]: Considering mod file candidate /workspaces/server/servidor_minecraft/mods/radium-mc1.20.1-0.12.4+git.26c9d8e.jar
[15Aug2026 23:32:42.398] [main/DEBUG] [net.minecraftforge.fml.loading.moddiscovery.ModFileInfo/LOADING]: Found valid mod file radium-mc1.20.1-0.12.4+git.26c9d8e.jar with {radium} mods - versions {0.12.4+git.26c9d8e}
[15Aug2026 23:32:42.399] [main/DEBUG] [net.minecraftforge.fml.loading.moddiscovery.ModFileParser/LOADING]: Considering mod file candidate /workspaces/server/servidor_minecraft/mods/relics-1.20.1-0.8.0.7.jar
[15Aug2026 23:32:42.400] [main/DEBUG] [net.minecraftforge.fml.loading.moddiscovery.ModFileInfo/LOADING]: Found valid mod file relics-1.20.1-0.8.0.7.jar with {relics} mods - versions {0.8.0.7}
[15Aug2026 23:32:42.401] [main/DEBUG] [net.minecraftforge.fml.loading.moddiscovery.ModFileParser/LOADING]: Considering mod file candidate /workspaces/server/servidor_minecraft/mods/serversleep-mod.jar
[15Aug2026 23:32:42.401] [main/DEBUG] [net.minecraftforge.fml.loading.moddiscovery.ModFileInfo/LOADING]: Found valid mod file serversleep-mod.jar with {mr_serversleep} mods - versions {1-datapack}
[15Aug2026 23:32:42.402] [main/DEBUG] [net.minecraftforge.fml.loading.moddiscovery.ModFileParser/LOADING]: Considering mod file candidate /workspaces/server/servidor_minecraft/mods/shieldexp-forge-1.20.1-1.3.7.jar
[15Aug2026 23:32:42.403] [main/DEBUG] [net.minecraftforge.fml.loading.moddiscovery.ModFileInfo/LOADING]: Found valid mod file shieldexp-forge-1.20.1-1.3.7.jar with {shieldexp} mods - versions {1.3.7}
[15Aug2026 23:32:42.404] [main/DEBUG] [net.minecraftforge.fml.loading.moddiscovery.ModFileParser/LOADING]: Considering mod file candidate /workspaces/server/servidor_minecraft/mods/simpleshops-1.2.2.jar
[15Aug2026 23:32:42.405] [main/DEBUG] [net.minecraftforge.fml.loading.moddiscovery.ModFileInfo/LOADING]: Found valid mod file simpleshops-1.2.2.jar with {simpleshops} mods - versions {1.2.2}
[15Aug2026 23:32:42.406] [main/DEBUG] [net.minecraftforge.fml.loading.moddiscovery.ModFileParser/LOADING]: Considering mod file candidate /workspaces/server/servidor_minecraft/mods/sodiumdynamiclights-forge-1.0.10-1.20.1.jar
[15Aug2026 23:32:42.407] [main/DEBUG] [net.minecraftforge.fml.loading.moddiscovery.ModFileInfo/LOADING]: Found valid mod file sodiumdynamiclights-forge-1.0.10-1.20.1.jar with {sodiumdynamiclights} mods - versions {1.0.9}
[15Aug2026 23:32:42.408] [main/DEBUG] [net.minecraftforge.fml.loading.moddiscovery.ModFileParser/LOADING]: Considering mod file candidate /workspaces/server/servidor_minecraft/mods/sound-physics-remastered-forge-1.20.1-1.5.1.jar
[15Aug2026 23:32:42.408] [main/DEBUG] [net.minecraftforge.fml.loading.moddiscovery.ModFileInfo/LOADING]: Found valid mod file sound-physics-remastered-forge-1.20.1-1.5.1.jar with {sound_physics_remastered} mods - versions {1.20.1-1.5.1}
[15Aug2026 23:32:42.410] [main/DEBUG] [net.minecraftforge.fml.loading.moddiscovery.ModFileParser/LOADING]: Considering mod file candidate /workspaces/server/servidor_minecraft/mods/StorageDrawers-forge-1.20.1-12.14.3.jar
[15Aug2026 23:32:42.411] [main/DEBUG] [net.minecraftforge.fml.loading.moddiscovery.ModFileInfo/LOADING]: Found valid mod file StorageDrawers-forge-1.20.1-12.14.3.jar with {storagedrawers} mods - versions {12.14.3}
[15Aug2026 23:32:42.411] [main/DEBUG] [net.minecraftforge.fml.loading.moddiscovery.ModFileParser/LOADING]: Considering mod file candidate /workspaces/server/servidor_minecraft/mods/Structory_1.20.x_v1.3.5.jar
[15Aug2026 23:32:42.412] [main/DEBUG] [net.minecraftforge.fml.loading.moddiscovery.ModFileInfo/LOADING]: Found valid mod file Structory_1.20.x_v1.3.5.jar with {structory} mods - versions {1.3.5}
[15Aug2026 23:32:42.417] [main/DEBUG] [net.minecraftforge.fml.loading.moddiscovery.ModFileParser/LOADING]: Considering mod file candidate /workspaces/server/servidor_minecraft/mods/tl_skin_cape_forge_1.20_1.20.1-1.32.jar
[15Aug2026 23:32:42.417] [main/DEBUG] [net.minecraftforge.fml.loading.moddiscovery.ModFileInfo/LOADING]: Found valid mod file tl_skin_cape_forge_1.20_1.20.1-1.32.jar with {tlskincape} mods - versions {1.32}
[15Aug2026 23:32:42.419] [main/DEBUG] [net.minecraftforge.fml.loading.moddiscovery.ModFileParser/LOADING]: Considering mod file candidate /workspaces/server/servidor_minecraft/mods/travelersbackpack-forge-1.20.1-9.1.56.jar
[15Aug2026 23:32:42.419] [main/DEBUG] [net.minecraftforge.fml.loading.moddiscovery.ModFileInfo/LOADING]: Found valid mod file travelersbackpack-forge-1.20.1-9.1.56.jar with {travelersbackpack} mods - versions {9.1.56}
[15Aug2026 23:32:42.420] [main/DEBUG] [net.minecraftforge.fml.loading.moddiscovery.ModFileParser/LOADING]: Considering mod file candidate /workspaces/server/servidor_minecraft/mods/trmt-0.5.1b-1.20.1-forge.jar
[15Aug2026 23:32:42.420] [main/DEBUG] [net.minecraftforge.fml.loading.moddiscovery.ModFileInfo/LOADING]: Found valid mod file trmt-0.5.1b-1.20.1-forge.jar with {trmt} mods - versions {0.5.1b-1.20.1-forge}
[15Aug2026 23:32:42.421] [main/DEBUG] [net.minecraftforge.fml.loading.moddiscovery.ModFileParser/LOADING]: Considering mod file candidate /workspaces/server/servidor_minecraft/mods/VendingMachine-1.20-1.0.10.jar
[15Aug2026 23:32:42.421] [main/DEBUG] [net.minecraftforge.fml.loading.moddiscovery.ModFileInfo/LOADING]: Found valid mod file VendingMachine-1.20-1.0.10.jar with {vm} mods - versions {1.0.10}
[15Aug2026 23:32:42.423] [main/DEBUG] [net.minecraftforge.fml.loading.moddiscovery.ModFileParser/LOADING]: Considering mod file candidate /workspaces/server/servidor_minecraft/mods/VisualWorkbench-v8.0.1-1.20.1-Forge.jar
[15Aug2026 23:32:42.424] [main/DEBUG] [net.minecraftforge.fml.loading.moddiscovery.ModFileInfo/LOADING]: Found valid mod file VisualWorkbench-v8.0.1-1.20.1-Forge.jar with {visualworkbench} mods - versions {8.0.1}
[15Aug2026 23:32:42.425] [main/DEBUG] [net.minecraftforge.fml.loading.moddiscovery.ModFileParser/LOADING]: Considering mod file candidate /workspaces/server/servidor_minecraft/mods/voicechat-forge-1.20.1-2.6.18.jar
[15Aug2026 23:32:42.426] [main/DEBUG] [net.minecraftforge.fml.loading.moddiscovery.ModFileInfo/LOADING]: Found valid mod file voicechat-forge-1.20.1-2.6.18.jar with {voicechat,voicechat_api} mods - versions {1.20.1-2.6.18,2.6.13}
[15Aug2026 23:32:42.427] [main/DEBUG] [net.minecraftforge.fml.loading.moddiscovery.ModFileParser/LOADING]: Considering mod file candidate /workspaces/server/servidor_minecraft/mods/waystones-forge-1.20.1-14.1.20.jar
[15Aug2026 23:32:42.427] [main/DEBUG] [net.minecraftforge.fml.loading.moddiscovery.ModFileInfo/LOADING]: Found valid mod file waystones-forge-1.20.1-14.1.20.jar with {waystones} mods - versions {14.1.20}
[15Aug2026 23:32:42.428] [main/DEBUG] [net.minecraftforge.fml.loading.moddiscovery.ModFileParser/LOADING]: Considering mod file candidate /workspaces/server/servidor_minecraft/mods/xaeroworldmap-forge-1.20.1-1.40.4.jar
[15Aug2026 23:32:42.430] [main/DEBUG] [net.minecraftforge.fml.loading.moddiscovery.ModFileInfo/LOADING]: Found valid mod file xaeroworldmap-forge-1.20.1-1.40.4.jar with {xaeroworldmap} mods - versions {1.40.4}
[15Aug2026 23:32:42.672] [main/DEBUG] [net.minecraftforge.fml.loading.moddiscovery.ModFileInfo/LOADING]: Found valid mod file server-1.20.1-20230612.114412-srg.jar with {minecraft} mods - versions {1.20.1}
[15Aug2026 23:32:42.717] [main/DEBUG] [net.minecraftforge.fml.loading.moddiscovery.ModFileParser/LOADING]: Considering mod file candidate /workspaces/server/servidor_minecraft/libraries/net/minecraftforge/fmlcore/1.20.1-47.3.7/fmlcore-1.20.1-47.3.7.jar
[15Aug2026 23:32:42.718] [main/WARN] [net.minecraftforge.fml.loading.moddiscovery.ModFileParser/LOADING]: Mod file /workspaces/server/servidor_minecraft/libraries/net/minecraftforge/fmlcore/1.20.1-47.3.7/fmlcore-1.20.1-47.3.7.jar is missing mods.toml file
[15Aug2026 23:32:42.720] [main/DEBUG] [net.minecraftforge.fml.loading.moddiscovery.ModFileParser/LOADING]: Considering mod file candidate /workspaces/server/servidor_minecraft/libraries/net/minecraftforge/javafmllanguage/1.20.1-47.3.7/javafmllanguage-1.20.1-47.3.7.jar
[15Aug2026 23:32:42.720] [main/WARN] [net.minecraftforge.fml.loading.moddiscovery.ModFileParser/LOADING]: Mod file /workspaces/server/servidor_minecraft/libraries/net/minecraftforge/javafmllanguage/1.20.1-47.3.7/javafmllanguage-1.20.1-47.3.7.jar is missing mods.toml file
[15Aug2026 23:32:42.721] [main/DEBUG] [net.minecraftforge.fml.loading.moddiscovery.ModFileParser/LOADING]: Considering mod file candidate /workspaces/server/servidor_minecraft/libraries/net/minecraftforge/lowcodelanguage/1.20.1-47.3.7/lowcodelanguage-1.20.1-47.3.7.jar
[15Aug2026 23:32:42.721] [main/WARN] [net.minecraftforge.fml.loading.moddiscovery.ModFileParser/LOADING]: Mod file /workspaces/server/servidor_minecraft/libraries/net/minecraftforge/lowcodelanguage/1.20.1-47.3.7/lowcodelanguage-1.20.1-47.3.7.jar is missing mods.toml file
[15Aug2026 23:32:42.722] [main/DEBUG] [net.minecraftforge.fml.loading.moddiscovery.ModFileParser/LOADING]: Considering mod file candidate /workspaces/server/servidor_minecraft/libraries/net/minecraftforge/mclanguage/1.20.1-47.3.7/mclanguage-1.20.1-47.3.7.jar
[15Aug2026 23:32:42.722] [main/WARN] [net.minecraftforge.fml.loading.moddiscovery.ModFileParser/LOADING]: Mod file /workspaces/server/servidor_minecraft/libraries/net/minecraftforge/mclanguage/1.20.1-47.3.7/mclanguage-1.20.1-47.3.7.jar is missing mods.toml file
[15Aug2026 23:32:42.791] [main/DEBUG] [net.minecraftforge.fml.loading.moddiscovery.ModFileParser/LOADING]: Considering mod file candidate /workspaces/server/servidor_minecraft/libraries/net/minecraftforge/forge/1.20.1-47.3.7/forge-1.20.1-47.3.7-universal.jar
[15Aug2026 23:32:42.792] [main/DEBUG] [net.minecraftforge.fml.loading.moddiscovery.ModFileInfo/LOADING]: Found valid mod file forge-1.20.1-47.3.7-universal.jar with {forge} mods - versions {47.3.7}
[15Aug2026 23:32:42.810] [main/DEBUG] [net.minecraftforge.fml.loading.moddiscovery.AbstractJarFileDependencyLocator/]: Failed to load resource META-INF/jarjar/metadata.json from Epic Villages 1.3.1 (1.20+).jar, it does not contain dependency information.
[15Aug2026 23:32:42.810] [main/DEBUG] [net.minecraftforge.fml.loading.moddiscovery.AbstractJarFileDependencyLocator/]: Failed to load resource META-INF/jarjar/metadata.json from alexsmobs-1.22.9.jar, it does not contain dependency information.
[15Aug2026 23:32:42.810] [main/DEBUG] [net.minecraftforge.fml.loading.moddiscovery.AbstractJarFileDependencyLocator/]: Failed to load resource META-INF/jarjar/metadata.json from player-animation-lib-forge-1.0.2-rc1+1.20.jar, it does not contain dependency information.
[15Aug2026 23:32:42.810] [main/DEBUG] [net.minecraftforge.fml.loading.moddiscovery.AbstractJarFileDependencyLocator/]: Failed to load resource META-INF/jarjar/metadata.json from jei-1.20.1-forge-15.21.0.148.jar, it does not contain dependency information.
[15Aug2026 23:32:42.811] [main/DEBUG] [net.minecraftforge.fml.loading.moddiscovery.AbstractJarFileDependencyLocator/]: Failed to load resource META-INF/jarjar/metadata.json from trmt-0.5.1b-1.20.1-forge.jar, it does not contain dependency information.
[15Aug2026 23:32:42.811] [main/DEBUG] [net.minecraftforge.fml.loading.moddiscovery.AbstractJarFileDependencyLocator/]: Failed to load resource META-INF/jarjar/metadata.json from sound-physics-remastered-forge-1.20.1-1.5.1.jar, it does not contain dependency information.
[15Aug2026 23:32:42.811] [main/DEBUG] [net.minecraftforge.fml.loading.moddiscovery.AbstractJarFileDependencyLocator/]: Failed to load resource META-INF/jarjar/metadata.json from waystones-forge-1.20.1-14.1.20.jar, it does not contain dependency information.
[15Aug2026 23:32:42.811] [main/DEBUG] [net.minecraftforge.fml.loading.moddiscovery.AbstractJarFileDependencyLocator/]: Failed to load resource META-INF/jarjar/metadata.json from Structory_1.20.x_v1.3.5.jar, it does not contain dependency information.
[15Aug2026 23:32:42.811] [main/DEBUG] [net.minecraftforge.fml.loading.moddiscovery.AbstractJarFileDependencyLocator/]: Failed to load resource META-INF/jarjar/metadata.json from Clumps-forge-1.20.1-12.0.0.4.jar, it does not contain dependency information.
[15Aug2026 23:32:42.811] [main/DEBUG] [net.minecraftforge.fml.loading.moddiscovery.AbstractJarFileDependencyLocator/]: Failed to load resource META-INF/jarjar/metadata.json from citadel-2.6.3-1.20.1.jar, it does not contain dependency information.
[15Aug2026 23:32:42.811] [main/DEBUG] [net.minecraftforge.fml.loading.moddiscovery.AbstractJarFileDependencyLocator/]: Failed to load resource META-INF/jarjar/metadata.json from travelersbackpack-forge-1.20.1-9.1.56.jar, it does not contain dependency information.
[15Aug2026 23:32:42.812] [main/DEBUG] [net.minecraftforge.fml.loading.moddiscovery.AbstractJarFileDependencyLocator/]: Failed to load resource META-INF/jarjar/metadata.json from epic-knights-1.20.1-forge-10.11.jar, it does not contain dependency information.
[15Aug2026 23:32:42.812] [main/DEBUG] [net.minecraftforge.fml.loading.moddiscovery.AbstractJarFileDependencyLocator/]: Failed to load resource META-INF/jarjar/metadata.json from epicterrain-0.2.5.jar, it does not contain dependency information.
[15Aug2026 23:32:42.812] [main/DEBUG] [net.minecraftforge.fml.loading.moddiscovery.AbstractJarFileDependencyLocator/]: Failed to load resource META-INF/jarjar/metadata.json from relics-1.20.1-0.8.0.7.jar, it does not contain dependency information.
[15Aug2026 23:32:42.812] [main/DEBUG] [net.minecraftforge.fml.loading.moddiscovery.AbstractJarFileDependencyLocator/]: Failed to load resource META-INF/jarjar/metadata.json from mcw-doors-1.1.2-mc1.20.1forge.jar, it does not contain dependency information.
[15Aug2026 23:32:42.812] [main/DEBUG] [net.minecraftforge.fml.loading.moddiscovery.AbstractJarFileDependencyLocator/]: Failed to load resource META-INF/jarjar/metadata.json from iceandfire-2.1.13-1.20.1-beta-5.jar, it does not contain dependency information.
[15Aug2026 23:32:42.812] [main/DEBUG] [net.minecraftforge.fml.loading.moddiscovery.AbstractJarFileDependencyLocator/]: Failed to load resource META-INF/jarjar/metadata.json from Paraglider-forge-20.1.3.jar, it does not contain dependency information.
[15Aug2026 23:32:42.812] [main/DEBUG] [net.minecraftforge.fml.loading.moddiscovery.AbstractJarFileDependencyLocator/]: Failed to load resource META-INF/jarjar/metadata.json from grue_remake-1.5.0-forge-1.20.1.jar, it does not contain dependency information.
[15Aug2026 23:32:42.812] [main/DEBUG] [net.minecraftforge.fml.loading.moddiscovery.AbstractJarFileDependencyLocator/]: Failed to load resource META-INF/jarjar/metadata.json from cloth-config-11.1.136-forge.jar, it does not contain dependency information.
[15Aug2026 23:32:42.813] [main/DEBUG] [net.minecraftforge.fml.loading.moddiscovery.AbstractJarFileDependencyLocator/]: Failed to load resource META-INF/jarjar/metadata.json from forge-1.20.1-47.3.7-universal.jar, it does not contain dependency information.
[15Aug2026 23:32:42.813] [main/DEBUG] [net.minecraftforge.fml.loading.moddiscovery.AbstractJarFileDependencyLocator/]: Failed to load resource META-INF/jarjar/metadata.json from VendingMachine-1.20-1.0.10.jar, it does not contain dependency information.
[15Aug2026 23:32:42.813] [main/DEBUG] [net.minecraftforge.fml.loading.moddiscovery.AbstractJarFileDependencyLocator/]: Failed to load resource META-INF/jarjar/metadata.json from tl_skin_cape_forge_1.20_1.20.1-1.32.jar, it does not contain dependency information.
[15Aug2026 23:32:42.813] [main/DEBUG] [net.minecraftforge.fml.loading.moddiscovery.AbstractJarFileDependencyLocator/]: Failed to load resource META-INF/jarjar/metadata.json from Geophilic v3.6.mod.jar, it does not contain dependency information.
[15Aug2026 23:32:42.813] [main/DEBUG] [net.minecraftforge.fml.loading.moddiscovery.AbstractJarFileDependencyLocator/]: Failed to load resource META-INF/jarjar/metadata.json from corpse-forge-1.20.1-1.0.23.jar, it does not contain dependency information.
[15Aug2026 23:32:42.814] [main/DEBUG] [net.minecraftforge.fml.loading.moddiscovery.AbstractJarFileDependencyLocator/]: Failed to load resource META-INF/jarjar/metadata.json from DungeonsArise-1.20.x-2.1.58-release.jar, it does not contain dependency information.
[15Aug2026 23:32:42.814] [main/DEBUG] [net.minecraftforge.fml.loading.moddiscovery.AbstractJarFileDependencyLocator/]: Failed to load resource META-INF/jarjar/metadata.json from server-1.20.1-20230612.114412-srg.jar, it does not contain dependency information.
[15Aug2026 23:32:42.814] [main/DEBUG] [net.minecraftforge.fml.loading.moddiscovery.AbstractJarFileDependencyLocator/]: Failed to load resource META-INF/jarjar/metadata.json from voicechat-forge-1.20.1-2.6.18.jar, it does not contain dependency information.
[15Aug2026 23:32:42.814] [main/DEBUG] [net.minecraftforge.fml.loading.moddiscovery.AbstractJarFileDependencyLocator/]: Failed to load resource META-INF/jarjar/metadata.json from AmbientSounds_FORGE_v6.3.7_mc1.20.1.jar, it does not contain dependency information.
[15Aug2026 23:32:42.815] [main/DEBUG] [net.minecraftforge.fml.loading.moddiscovery.AbstractJarFileDependencyLocator/]: Failed to load resource META-INF/jarjar/metadata.json from simpleshops-1.2.2.jar, it does not contain dependency information.
[15Aug2026 23:32:42.815] [main/DEBUG] [net.minecraftforge.fml.loading.moddiscovery.AbstractJarFileDependencyLocator/]: Failed to load resource META-INF/jarjar/metadata.json from serversleep-mod.jar, it does not contain dependency information.
[15Aug2026 23:32:42.815] [main/DEBUG] [net.minecraftforge.fml.loading.moddiscovery.AbstractJarFileDependencyLocator/]: Failed to load resource META-INF/jarjar/metadata.json from CreativeCore_FORGE_v2.12.39_mc1.20.1.jar, it does not contain dependency information.
[15Aug2026 23:32:42.815] [main/DEBUG] [net.minecraftforge.fml.loading.moddiscovery.AbstractJarFileDependencyLocator/]: Failed to load resource META-INF/jarjar/metadata.json from mcw-trapdoors-1.1.5-mc1.20.1forge.jar, it does not contain dependency information.
[15Aug2026 23:32:42.815] [main/DEBUG] [net.minecraftforge.fml.loading.moddiscovery.AbstractJarFileDependencyLocator/]: Failed to load resource META-INF/jarjar/metadata.json from Epic-Knights-x-Better-Combat.jar, it does not contain dependency information.
[15Aug2026 23:32:42.815] [main/DEBUG] [net.minecraftforge.fml.loading.moddiscovery.AbstractJarFileDependencyLocator/]: Failed to load resource META-INF/jarjar/metadata.json from curios-forge-5.14.1+1.20.1.jar, it does not contain dependency information.
[15Aug2026 23:32:42.815] [main/DEBUG] [net.minecraftforge.fml.loading.moddiscovery.AbstractJarFileDependencyLocator/]: Failed to load resource META-INF/jarjar/metadata.json from collective-1.20.1-8.39.jar, it does not contain dependency information.
[15Aug2026 23:32:42.816] [main/DEBUG] [net.minecraftforge.fml.loading.moddiscovery.AbstractJarFileDependencyLocator/]: Failed to load resource META-INF/jarjar/metadata.json from StorageDrawers-forge-1.20.1-12.14.3.jar, it does not contain dependency information.
[15Aug2026 23:32:42.816] [main/DEBUG] [net.minecraftforge.fml.loading.moddiscovery.AbstractJarFileDependencyLocator/]: Failed to load resource META-INF/jarjar/metadata.json from ParCool-1.20.1-3.4.3.3.jar, it does not contain dependency information.
[15Aug2026 23:32:42.816] [main/DEBUG] [net.minecraftforge.fml.loading.moddiscovery.AbstractJarFileDependencyLocator/]: Failed to load resource META-INF/jarjar/metadata.json from [1.20.1-forge]-Epic-Knights-Ice-and-Fire-1.1.jar, it does not contain dependency information.
[15Aug2026 23:32:42.816] [main/DEBUG] [net.minecraftforge.fml.loading.moddiscovery.AbstractJarFileDependencyLocator/]: Failed to load resource META-INF/jarjar/metadata.json from MoogsVoyagerStructures-1.20-5.0.6.jar, it does not contain dependency information.
[15Aug2026 23:32:42.816] [main/DEBUG] [net.minecraftforge.fml.loading.moddiscovery.AbstractJarFileDependencyLocator/]: Failed to load resource META-INF/jarjar/metadata.json from architectury-9.2.14-forge.jar, it does not contain dependency information.
[15Aug2026 23:32:42.816] [main/DEBUG] [net.minecraftforge.fml.loading.moddiscovery.AbstractJarFileDependencyLocator/]: Failed to load resource META-INF/jarjar/metadata.json from appleskin-forge-mc1.20.1-2.5.1.jar, it does not contain dependency information.
[15Aug2026 23:32:42.816] [main/DEBUG] [net.minecraftforge.fml.loading.moddiscovery.AbstractJarFileDependencyLocator/]: Failed to load resource META-INF/jarjar/metadata.json from ferritecore-6.0.1-forge.jar, it does not contain dependency information.
[15Aug2026 23:32:42.816] [main/DEBUG] [net.minecraftforge.fml.loading.moddiscovery.AbstractJarFileDependencyLocator/]: Failed to load resource META-INF/jarjar/metadata.json from globalxp-forge-1.20.1-1.11.jar, it does not contain dependency information.
[15Aug2026 23:32:42.817] [main/DEBUG] [net.minecraftforge.fml.loading.moddiscovery.AbstractJarFileDependencyLocator/]: Failed to load resource META-INF/jarjar/metadata.json from ItemPhysic_FORGE_v1.8.13_mc1.20.1.jar, it does not contain dependency information.
[15Aug2026 23:32:42.817] [main/DEBUG] [net.minecraftforge.fml.loading.moddiscovery.AbstractJarFileDependencyLocator/]: Failed to load resource META-INF/jarjar/metadata.json from moogs_structures-1.20-1.20.4-3.0.0-forge.jar, it does not contain dependency information.
[15Aug2026 23:32:42.817] [main/DEBUG] [net.minecraftforge.fml.loading.moddiscovery.AbstractJarFileDependencyLocator/]: Failed to load resource META-INF/jarjar/metadata.json from Healing+Bed+1.20.1.jar, it does not contain dependency information.
[15Aug2026 23:32:42.817] [main/DEBUG] [net.minecraftforge.fml.loading.moddiscovery.AbstractJarFileDependencyLocator/]: Failed to load resource META-INF/jarjar/metadata.json from PlayerRevive_FORGE_v2.0.31_mc1.20.1.jar, it does not contain dependency information.
[15Aug2026 23:32:42.817] [main/DEBUG] [net.minecraftforge.fml.loading.moddiscovery.AbstractJarFileDependencyLocator/]: Failed to load resource META-INF/jarjar/metadata.json from healingcampfire-1.20.1-6.3.jar, it does not contain dependency information.
[15Aug2026 23:32:42.817] [main/DEBUG] [net.minecraftforge.fml.loading.moddiscovery.AbstractJarFileDependencyLocator/]: Failed to load resource META-INF/jarjar/metadata.json from i_heard_it_too_remastered-1.6.jar, it does not contain dependency information.
[15Aug2026 23:32:42.817] [main/DEBUG] [net.minecraftforge.fml.loading.moddiscovery.AbstractJarFileDependencyLocator/]: Failed to load resource META-INF/jarjar/metadata.json from mclanguage-1.20.1-47.3.7.jar, it does not contain dependency information.
[15Aug2026 23:32:42.818] [main/DEBUG] [net.minecraftforge.fml.loading.moddiscovery.AbstractJarFileDependencyLocator/]: Failed to load resource META-INF/jarjar/metadata.json from javafmllanguage-1.20.1-47.3.7.jar, it does not contain dependency information.
[15Aug2026 23:32:42.818] [main/DEBUG] [net.minecraftforge.fml.loading.moddiscovery.AbstractJarFileDependencyLocator/]: Failed to load resource META-INF/jarjar/metadata.json from fmlcore-1.20.1-47.3.7.jar, it does not contain dependency information.
[15Aug2026 23:32:42.818] [main/DEBUG] [net.minecraftforge.fml.loading.moddiscovery.AbstractJarFileDependencyLocator/]: Failed to load resource META-INF/jarjar/metadata.json from lowcodelanguage-1.20.1-47.3.7.jar, it does not contain dependency information.
[15Aug2026 23:32:42.953] [main/DEBUG] [net.minecraftforge.fml.loading.moddiscovery.ModFileParser/LOADING]: Considering mod file candidate 
[15Aug2026 23:32:42.954] [main/DEBUG] [net.minecraftforge.fml.loading.moddiscovery.ModFileInfo/LOADING]: Found valid mod file fabric-api-base-0.4.31+ef105b4977.jar with {fabric_api_base} mods - versions {0.4.31+ef105b4977}
[15Aug2026 23:32:42.956] [main/DEBUG] [net.minecraftforge.fml.loading.moddiscovery.ModFileParser/LOADING]: Considering mod file candidate 
[15Aug2026 23:32:42.956] [main/DEBUG] [net.minecraftforge.fml.loading.moddiscovery.ModFileInfo/LOADING]: Found valid mod file mixinextras-forge-0.4.1.jar with {mixinextras} mods - versions {0.4.1}
[15Aug2026 23:32:42.959] [main/DEBUG] [net.minecraftforge.fml.loading.moddiscovery.ModFileParser/LOADING]: Considering mod file candidate 
[15Aug2026 23:32:42.960] [main/DEBUG] [net.minecraftforge.fml.loading.moddiscovery.ModFileInfo/LOADING]: Found valid mod file mixinextras-forge-0.4.1.jar with {mixinextras} mods - versions {0.4.1}
[15Aug2026 23:32:42.978] [main/DEBUG] [net.minecraftforge.fml.loading.moddiscovery.ModFileParser/LOADING]: Considering mod file candidate 
[15Aug2026 23:32:42.979] [main/DEBUG] [net.minecraftforge.fml.loading.moddiscovery.ModFileInfo/LOADING]: Found valid mod file TRansition-1.0.21-1.20.1-forge-SNAPSHOT.jar with {transition} mods - versions {1.0.21}
[15Aug2026 23:32:42.984] [main/DEBUG] [net.minecraftforge.fml.loading.moddiscovery.ModFileParser/LOADING]: Considering mod file candidate 
[15Aug2026 23:32:42.984] [main/DEBUG] [net.minecraftforge.fml.loading.moddiscovery.ModFileInfo/LOADING]: Found valid mod file TRender-1.0.15-1.20.1-forge-SNAPSHOT.jar with {trender} mods - versions {1.0.15}
[15Aug2026 23:32:42.989] [main/DEBUG] [net.minecraftforge.fml.loading.moddiscovery.ModFileParser/LOADING]: Considering mod file candidate 
[15Aug2026 23:32:42.989] [main/DEBUG] [net.minecraftforge.fml.loading.moddiscovery.ModFileInfo/LOADING]: Found valid mod file mixinextras-forge-0.4.1.jar with {mixinextras} mods - versions {0.4.1}
[15Aug2026 23:32:42.991] [main/DEBUG] [net.minecraftforge.fml.loading.moddiscovery.ModFileParser/LOADING]: Considering mod file candidate 
[15Aug2026 23:32:42.992] [main/DEBUG] [net.minecraftforge.fml.loading.moddiscovery.ModFileInfo/LOADING]: Found valid mod file awcapi-neoforge-1.20.1-1.0.2.jar with {awcapi} mods - versions {1.0.2}
[15Aug2026 23:32:43.004] [main/DEBUG] [net.minecraftforge.fml.loading.moddiscovery.ModFileParser/LOADING]: Considering mod file candidate 
[15Aug2026 23:32:43.004] [main/DEBUG] [net.minecraftforge.fml.loading.moddiscovery.ModFileInfo/LOADING]: Found valid mod file mixinextras-forge-0.2.0.jar with {mixinextras} mods - versions {0.2.0}
[15Aug2026 23:32:43.006] [main/DEBUG] [net.minecraftforge.fml.loading.moddiscovery.ModFileParser/LOADING]: Considering mod file candidate 
[15Aug2026 23:32:43.007] [main/DEBUG] [net.minecraftforge.fml.loading.moddiscovery.ModFileInfo/LOADING]: Found valid mod file mixinextras-forge-0.3.5.jar with {mixinextras} mods - versions {0.3.5}
[15Aug2026 23:32:43.020] [main/DEBUG] [net.minecraftforge.fml.loading.moddiscovery.ModFileParser/LOADING]: Considering mod file candidate 
[15Aug2026 23:32:43.021] [main/DEBUG] [net.minecraftforge.fml.loading.moddiscovery.ModFileInfo/LOADING]: Found valid mod file mixinextras-forge-0.3.6.jar with {mixinextras} mods - versions {0.3.6}
[15Aug2026 23:32:43.029] [main/DEBUG] [net.minecraftforge.fml.loading.moddiscovery.ModFileParser/LOADING]: Considering mod file candidate 
[15Aug2026 23:32:43.029] [main/DEBUG] [net.minecraftforge.fml.loading.moddiscovery.ModFileInfo/LOADING]: Found valid mod file puzzlesaccessapi-forge-20.1.1.jar with {puzzlesaccessapi} mods - versions {20.1.1}
[15Aug2026 23:32:43.031] [main/DEBUG] [net.minecraftforge.fml.loading.moddiscovery.ModFileParser/LOADING]: Considering mod file candidate 
[15Aug2026 23:32:43.031] [main/DEBUG] [net.minecraftforge.fml.loading.moddiscovery.ModFileInfo/LOADING]: Found valid mod file mixinextras-forge-0.4.1.jar with {mixinextras} mods - versions {0.4.1}
[15Aug2026 23:32:43.040] [main/DEBUG] [net.minecraftforge.fml.loading.moddiscovery.ModFileParser/LOADING]: Considering mod file candidate 
[15Aug2026 23:32:43.041] [main/DEBUG] [net.minecraftforge.fml.loading.moddiscovery.ModFileInfo/LOADING]: Found valid mod file xaerolib-forge-1.20.1-1.0.45.jar with {xaerolib} mods - versions {1.0.45}
[15Aug2026 23:32:43.045] [main/DEBUG] [net.minecraftforge.fml.loading.moddiscovery.ModFileParser/LOADING]: Considering mod file candidate 
[15Aug2026 23:32:43.045] [main/DEBUG] [net.minecraftforge.fml.loading.moddiscovery.ModFileInfo/LOADING]: Found valid mod file mixinextras-forge-0.2.0-beta.6.jar with {mixinextras} mods - versions {0.2.0-beta.6}
[15Aug2026 23:32:43.069] [main/DEBUG] [net.minecraftforge.fml.loading.moddiscovery.ModFileParser/LOADING]: Considering mod file candidate 
[15Aug2026 23:32:43.070] [main/DEBUG] [net.minecraftforge.fml.loading.moddiscovery.ModFileInfo/LOADING]: Found valid mod file TRansition-1.0.21-1.20.1-forge-SNAPSHOT.jar with {transition} mods - versions {1.0.21}
[15Aug2026 23:32:43.076] [main/DEBUG] [net.minecraftforge.fml.loading.moddiscovery.ModFileParser/LOADING]: Considering mod file candidate 
[15Aug2026 23:32:43.077] [main/DEBUG] [net.minecraftforge.fml.loading.moddiscovery.ModFileInfo/LOADING]: Found valid mod file TRender-1.0.15-1.20.1-forge-SNAPSHOT.jar with {trender} mods - versions {1.0.15}
[15Aug2026 23:32:43.079] [main/DEBUG] [net.minecraftforge.fml.loading.moddiscovery.ModFileParser/LOADING]: Considering mod file candidate 
[15Aug2026 23:32:43.079] [main/DEBUG] [net.minecraftforge.fml.loading.moddiscovery.ModFileInfo/LOADING]: Found valid mod file kuma-api-forge-20.1.12+1.20.1.jar with {kuma_api} mods - versions {20.1.12}
[15Aug2026 23:32:43.080] [main/DEBUG] [net.minecraftforge.fml.loading.moddiscovery.AbstractJarFileDependencyLocator/]: Failed to load resource META-INF/jarjar/metadata.json from fabric-api-base-0.4.31+ef105b4977.jar, it does not contain dependency information.
[15Aug2026 23:32:43.090] [main/DEBUG] [net.minecraftforge.fml.loading.moddiscovery.AbstractJarFileDependencyLocator/]: Failed to load resource META-INF/jarjar/metadata.json from TRansition-1.0.21-1.20.1-forge-SNAPSHOT.jar, it does not contain dependency information.
[15Aug2026 23:32:43.090] [main/DEBUG] [net.minecraftforge.fml.loading.moddiscovery.AbstractJarFileDependencyLocator/]: Failed to load resource META-INF/jarjar/metadata.json from TRender-1.0.15-1.20.1-forge-SNAPSHOT.jar, it does not contain dependency information.
[15Aug2026 23:32:43.095] [main/DEBUG] [net.minecraftforge.fml.loading.moddiscovery.AbstractJarFileDependencyLocator/]: Failed to load resource META-INF/jarjar/metadata.json from awcapi-neoforge-1.20.1-1.0.2.jar, it does not contain dependency information.
[15Aug2026 23:32:43.096] [main/DEBUG] [net.minecraftforge.fml.loading.moddiscovery.AbstractJarFileDependencyLocator/]: Failed to load resource META-INF/jarjar/metadata.json from capabilitysyncer-1.20.1-4.0.1.jar, it does not contain dependency information.
[15Aug2026 23:32:43.116] [main/DEBUG] [net.minecraftforge.fml.loading.moddiscovery.AbstractJarFileDependencyLocator/]: Failed to load resource META-INF/jarjar/metadata.json from snakeyaml-2.2.jar, it does not contain dependency information.
[15Aug2026 23:32:43.120] [main/DEBUG] [net.minecraftforge.fml.loading.moddiscovery.AbstractJarFileDependencyLocator/]: Failed to load resource META-INF/jarjar/metadata.json from Reflect-1.6.2.jar, it does not contain dependency information.
[15Aug2026 23:32:43.120] [main/DEBUG] [net.minecraftforge.fml.loading.moddiscovery.AbstractJarFileDependencyLocator/]: Failed to load resource META-INF/jarjar/metadata.json from puzzlesaccessapi-forge-20.1.1.jar, it does not contain dependency information.
[15Aug2026 23:32:43.124] [main/DEBUG] [net.minecraftforge.fml.loading.moddiscovery.AbstractJarFileDependencyLocator/]: Failed to load resource META-INF/jarjar/metadata.json from xaerolib-forge-1.20.1-1.0.45.jar, it does not contain dependency information.
[15Aug2026 23:32:43.124] [main/DEBUG] [net.minecraftforge.fml.loading.moddiscovery.AbstractJarFileDependencyLocator/]: Failed to load resource META-INF/jarjar/metadata.json from NanoLiveConfig-1.2.1.jar, it does not contain dependency information.
[15Aug2026 23:32:43.127] [main/DEBUG] [net.minecraftforge.fml.loading.moddiscovery.AbstractJarFileDependencyLocator/]: Failed to load resource META-INF/jarjar/metadata.json from mclib-20.jar, it does not contain dependency information.
[15Aug2026 23:32:43.128] [main/DEBUG] [net.minecraftforge.fml.loading.moddiscovery.AbstractJarFileDependencyLocator/]: Failed to load resource META-INF/jarjar/metadata.json from TRansition-1.0.21-1.20.1-forge-SNAPSHOT.jar, it does not contain dependency information.
[15Aug2026 23:32:43.128] [main/DEBUG] [net.minecraftforge.fml.loading.moddiscovery.AbstractJarFileDependencyLocator/]: Failed to load resource META-INF/jarjar/metadata.json from TRender-1.0.15-1.20.1-forge-SNAPSHOT.jar, it does not contain dependency information.
[15Aug2026 23:32:43.128] [main/DEBUG] [net.minecraftforge.fml.loading.moddiscovery.AbstractJarFileDependencyLocator/]: Failed to load resource META-INF/jarjar/metadata.json from kuma-api-forge-20.1.12+1.20.1.jar, it does not contain dependency information.
[15Aug2026 23:32:43.128] [main/DEBUG] [net.minecraftforge.fml.loading.moddiscovery.AbstractJarFileDependencyLocator/]: Failed to load resource META-INF/jarjar/metadata.json from MixinExtras-0.4.1.jar, it does not contain dependency information.
[15Aug2026 23:32:43.128] [main/DEBUG] [net.minecraftforge.fml.loading.moddiscovery.AbstractJarFileDependencyLocator/]: Failed to load resource META-INF/jarjar/metadata.json from MixinExtras-0.4.1.jar, it does not contain dependency information.
[15Aug2026 23:32:43.128] [main/DEBUG] [net.minecraftforge.fml.loading.moddiscovery.AbstractJarFileDependencyLocator/]: Failed to load resource META-INF/jarjar/metadata.json from MixinExtras-0.4.1.jar, it does not contain dependency information.
[15Aug2026 23:32:43.128] [main/DEBUG] [net.minecraftforge.fml.loading.moddiscovery.AbstractJarFileDependencyLocator/]: Failed to load resource META-INF/jarjar/metadata.json from MixinExtras-0.5.2.jar, it does not contain dependency information.
[15Aug2026 23:32:43.128] [main/DEBUG] [net.minecraftforge.fml.loading.moddiscovery.AbstractJarFileDependencyLocator/]: Failed to load resource META-INF/jarjar/metadata.json from MixinExtras-0.2.0.jar, it does not contain dependency information.
[15Aug2026 23:32:43.128] [main/DEBUG] [net.minecraftforge.fml.loading.moddiscovery.AbstractJarFileDependencyLocator/]: Failed to load resource META-INF/jarjar/metadata.json from MixinExtras-0.3.5.jar, it does not contain dependency information.
[15Aug2026 23:32:43.128] [main/DEBUG] [net.minecraftforge.fml.loading.moddiscovery.AbstractJarFileDependencyLocator/]: Failed to load resource META-INF/jarjar/metadata.json from MixinExtras-0.3.6.jar, it does not contain dependency information.
[15Aug2026 23:32:43.129] [main/DEBUG] [net.minecraftforge.fml.loading.moddiscovery.AbstractJarFileDependencyLocator/]: Failed to load resource META-INF/jarjar/metadata.json from MixinExtras-0.4.1.jar, it does not contain dependency information.
[15Aug2026 23:32:43.129] [main/DEBUG] [net.minecraftforge.fml.loading.moddiscovery.AbstractJarFileDependencyLocator/]: Failed to load resource META-INF/jarjar/metadata.json from MixinExtras-0.2.0-beta.6.jar, it does not contain dependency information.
[15Aug2026 23:32:43.156] [main/DEBUG] [net.minecraftforge.fml.loading.moddiscovery.ModFileParser/LOADING]: Considering mod file candidate 
[15Aug2026 23:32:43.157] [main/DEBUG] [net.minecraftforge.fml.loading.moddiscovery.ModFileInfo/LOADING]: Found valid mod file puzzlesaccessapi-forge-20.1.1.jar with {puzzlesaccessapi} mods - versions {20.1.1}
[15Aug2026 23:32:43.163] [main/DEBUG] [net.minecraftforge.fml.loading.moddiscovery.ModFileParser/LOADING]: Considering mod file candidate 
[15Aug2026 23:32:43.163] [main/DEBUG] [net.minecraftforge.fml.loading.moddiscovery.ModFileInfo/LOADING]: Found valid mod file xaerolib-forge-1.20.1-1.0.45.jar with {xaerolib} mods - versions {1.0.45}
[15Aug2026 23:32:43.164] [main/DEBUG] [net.minecraftforge.fml.loading.moddiscovery.ModFileParser/LOADING]: Considering mod file candidate 
[15Aug2026 23:32:43.165] [main/DEBUG] [net.minecraftforge.fml.loading.moddiscovery.ModFileInfo/LOADING]: Found valid mod file fabric-api-base-0.4.31+ef105b4977.jar with {fabric_api_base} mods - versions {0.4.31+ef105b4977}
[15Aug2026 23:32:43.178] [main/DEBUG] [net.minecraftforge.fml.loading.moddiscovery.ModFileParser/LOADING]: Considering mod file candidate 
[15Aug2026 23:32:43.178] [main/DEBUG] [net.minecraftforge.fml.loading.moddiscovery.ModFileInfo/LOADING]: Found valid mod file mixinextras-forge-0.2.0-beta.6.jar with {mixinextras} mods - versions {0.2.0-beta.6}
[15Aug2026 23:32:43.189] [main/DEBUG] [net.minecraftforge.fml.loading.moddiscovery.ModFileParser/LOADING]: Considering mod file candidate 
[15Aug2026 23:32:43.190] [main/DEBUG] [net.minecraftforge.fml.loading.moddiscovery.ModFileInfo/LOADING]: Found valid mod file TRansition-1.0.21-1.20.1-forge-SNAPSHOT.jar with {transition} mods - versions {1.0.21}
[15Aug2026 23:32:43.195] [main/DEBUG] [net.minecraftforge.fml.loading.moddiscovery.ModFileParser/LOADING]: Considering mod file candidate 
[15Aug2026 23:32:43.196] [main/DEBUG] [net.minecraftforge.fml.loading.moddiscovery.ModFileInfo/LOADING]: Found valid mod file TRender-1.0.15-1.20.1-forge-SNAPSHOT.jar with {trender} mods - versions {1.0.15}
[15Aug2026 23:32:43.198] [main/DEBUG] [net.minecraftforge.fml.loading.moddiscovery.ModFileParser/LOADING]: Considering mod file candidate 
[15Aug2026 23:32:43.199] [main/DEBUG] [net.minecraftforge.fml.loading.moddiscovery.ModFileInfo/LOADING]: Found valid mod file kuma-api-forge-20.1.12+1.20.1.jar with {kuma_api} mods - versions {20.1.12}
[15Aug2026 23:32:43.201] [main/DEBUG] [net.minecraftforge.fml.loading.moddiscovery.ModFileParser/LOADING]: Considering mod file candidate 
[15Aug2026 23:32:43.202] [main/DEBUG] [net.minecraftforge.fml.loading.moddiscovery.ModFileInfo/LOADING]: Found valid mod file awcapi-neoforge-1.20.1-1.0.2.jar with {awcapi} mods - versions {1.0.2}
[15Aug2026 23:32:43.217] [main/INFO] [net.minecraftforge.fml.loading.moddiscovery.JarInJarDependencyLocator/]: Found 15 dependencies adding them to mods collection
[15Aug2026 23:32:43.218] [main/DEBUG] [net.minecraftforge.fml.loading.UniqueModListBuilder/]: Found 2 mods for first modid mixinextras, selecting most recent based on version data
[15Aug2026 23:32:43.219] [main/DEBUG] [net.minecraftforge.fml.loading.UniqueModListBuilder/]: Selected file mixinextras-forge-0.5.2.jar for modid mixinextras with version 0.5.2
[15Aug2026 23:32:43.220] [main/DEBUG] [net.minecraftforge.fml.loading.moddiscovery.ModFileParser/LOADING]: Considering mod file candidate /workspaces/server/servidor_minecraft/mods/radium-mc1.20.1-0.12.4+git.26c9d8e.jar
[15Aug2026 23:32:43.221] [main/DEBUG] [net.minecraftforge.fml.loading.moddiscovery.ModFileInfo/LOADING]: Found valid mod file radium-mc1.20.1-0.12.4+git.26c9d8e.jar with {radium} mods - versions {0.12.4+git.26c9d8e}
[15Aug2026 23:32:43.224] [main/DEBUG] [net.minecraftforge.fml.loading.moddiscovery.ModFile/LOADING]: Loading mod file /workspaces/server/servidor_minecraft/mods/radium-mc1.20.1-0.12.4+git.26c9d8e.jar with languages [LanguageSpec[languageName=javafml, acceptedVersions=*]]
[15Aug2026 23:32:43.224] [main/DEBUG] [net.minecraftforge.fml.loading.moddiscovery.ModFileParser/LOADING]: Considering mod file candidate 
[15Aug2026 23:32:43.225] [main/DEBUG] [net.minecraftforge.fml.loading.moddiscovery.ModFileInfo/LOADING]: Found valid mod file kuma-api-forge-20.1.12+1.20.1.jar with {kuma_api} mods - versions {20.1.12}
[15Aug2026 23:32:43.225] [main/DEBUG] [net.minecraftforge.fml.loading.moddiscovery.ModFile/LOADING]: Loading mod file  with languages [LanguageSpec[languageName=javafml, acceptedVersions=[47,)]]
[15Aug2026 23:32:43.225] [main/DEBUG] [net.minecraftforge.fml.loading.moddiscovery.ModFileParser/LOADING]: Considering mod file candidate /workspaces/server/servidor_minecraft/mods/Epic Villages 1.3.1 (1.20+).jar
[15Aug2026 23:32:43.226] [main/DEBUG] [net.minecraftforge.fml.loading.moddiscovery.ModFileInfo/LOADING]: Found valid mod file Epic Villages 1.3.1 (1.20+).jar with {mr_epic_structuresvillages} mods - versions {1.3.0}
[15Aug2026 23:32:43.226] [main/DEBUG] [net.minecraftforge.fml.loading.moddiscovery.ModFile/LOADING]: Loading mod file /workspaces/server/servidor_minecraft/mods/Epic Villages 1.3.1 (1.20+).jar with languages [LanguageSpec[languageName=lowcodefml, acceptedVersions=[40,)]]
[15Aug2026 23:32:43.226] [main/DEBUG] [net.minecraftforge.fml.loading.moddiscovery.ModFileParser/LOADING]: Considering mod file candidate /workspaces/server/servidor_minecraft/mods/alexsmobs-1.22.9.jar
[15Aug2026 23:32:43.226] [main/DEBUG] [net.minecraftforge.fml.loading.moddiscovery.ModFileInfo/LOADING]: Found valid mod file alexsmobs-1.22.9.jar with {alexsmobs} mods - versions {1.22.9}
[15Aug2026 23:32:43.227] [main/DEBUG] [net.minecraftforge.fml.loading.moddiscovery.ModFile/LOADING]: Loading mod file /workspaces/server/servidor_minecraft/mods/alexsmobs-1.22.9.jar with languages [LanguageSpec[languageName=javafml, acceptedVersions=[46,)]]
[15Aug2026 23:32:43.227] [main/DEBUG] [net.minecraftforge.fml.loading.moddiscovery.ModFileParser/LOADING]: Considering mod file candidate /workspaces/server/servidor_minecraft/mods/geckolib-forge-1.20.1-4.8.4.jar
[15Aug2026 23:32:43.227] [main/DEBUG] [net.minecraftforge.fml.loading.moddiscovery.ModFileInfo/LOADING]: Found valid mod file geckolib-forge-1.20.1-4.8.4.jar with {geckolib} mods - versions {4.8.4}
[15Aug2026 23:32:43.227] [main/DEBUG] [net.minecraftforge.fml.loading.moddiscovery.ModFile/LOADING]: Loading mod file /workspaces/server/servidor_minecraft/mods/geckolib-forge-1.20.1-4.8.4.jar with languages [LanguageSpec[languageName=javafml, acceptedVersions=[47,)]]
[15Aug2026 23:32:43.228] [main/DEBUG] [net.minecraftforge.fml.loading.moddiscovery.ModFileParser/LOADING]: Considering mod file candidate /workspaces/server/servidor_minecraft/mods/OctoLib-FORGE-0.4.2+1.20.1.jar
[15Aug2026 23:32:43.228] [main/DEBUG] [net.minecraftforge.fml.loading.moddiscovery.ModFileInfo/LOADING]: Found valid mod file OctoLib-FORGE-0.4.2+1.20.1.jar with {octolib} mods - versions {0.4.2}
[15Aug2026 23:32:43.228] [main/DEBUG] [net.minecraftforge.fml.loading.moddiscovery.ModFile/LOADING]: Loading mod file /workspaces/server/servidor_minecraft/mods/OctoLib-FORGE-0.4.2+1.20.1.jar with languages [LanguageSpec[languageName=javafml, acceptedVersions=[47,)]]
[15Aug2026 23:32:43.228] [main/DEBUG] [net.minecraftforge.fml.loading.moddiscovery.ModFileParser/LOADING]: Considering mod file candidate /workspaces/server/servidor_minecraft/mods/player-animation-lib-forge-1.0.2-rc1+1.20.jar
[15Aug2026 23:32:43.229] [main/DEBUG] [net.minecraftforge.fml.loading.moddiscovery.ModFileInfo/LOADING]: Found valid mod file player-animation-lib-forge-1.0.2-rc1+1.20.jar with {playeranimator} mods - versions {1.0.2-rc1+1.20}
[15Aug2026 23:32:43.229] [main/DEBUG] [net.minecraftforge.fml.loading.moddiscovery.ModFile/LOADING]: Loading mod file /workspaces/server/servidor_minecraft/mods/player-animation-lib-forge-1.0.2-rc1+1.20.jar with languages [LanguageSpec[languageName=javafml, acceptedVersions=[46.0.0,)]]
[15Aug2026 23:32:43.229] [main/DEBUG] [net.minecraftforge.fml.loading.moddiscovery.ModFileParser/LOADING]: Considering mod file candidate /workspaces/server/servidor_minecraft/mods/jei-1.20.1-forge-15.21.0.148.jar
[15Aug2026 23:32:43.229] [main/DEBUG] [net.minecraftforge.fml.loading.moddiscovery.ModFileInfo/LOADING]: Found valid mod file jei-1.20.1-forge-15.21.0.148.jar with {jei} mods - versions {15.21.0.148}
[15Aug2026 23:32:43.230] [main/DEBUG] [net.minecraftforge.fml.loading.moddiscovery.ModFile/LOADING]: Loading mod file /workspaces/server/servidor_minecraft/mods/jei-1.20.1-forge-15.21.0.148.jar with languages [LanguageSpec[languageName=javafml, acceptedVersions=[47,)]]
[15Aug2026 23:32:43.230] [main/DEBUG] [net.minecraftforge.fml.loading.moddiscovery.ModFileParser/LOADING]: Considering mod file candidate /workspaces/server/servidor_minecraft/mods/firstperson-forge-2.7.2-mc1.20.1.jar
[15Aug2026 23:32:43.230] [main/DEBUG] [net.minecraftforge.fml.loading.moddiscovery.ModFileInfo/LOADING]: Found valid mod file firstperson-forge-2.7.2-mc1.20.1.jar with {firstperson} mods - versions {2.7.2}
[15Aug2026 23:32:43.230] [main/DEBUG] [net.minecraftforge.fml.loading.moddiscovery.ModFile/LOADING]: Loading mod file /workspaces/server/servidor_minecraft/mods/firstperson-forge-2.7.2-mc1.20.1.jar with languages [LanguageSpec[languageName=javafml, acceptedVersions=[28,)]]
[15Aug2026 23:32:43.230] [main/DEBUG] [net.minecraftforge.fml.loading.moddiscovery.ModFileParser/LOADING]: Considering mod file candidate 
[15Aug2026 23:32:43.231] [main/DEBUG] [net.minecraftforge.fml.loading.moddiscovery.ModFileInfo/LOADING]: Found valid mod file xaerolib-forge-1.20.1-1.0.45.jar with {xaerolib} mods - versions {1.0.45}
[15Aug2026 23:32:43.231] [main/DEBUG] [net.minecraftforge.fml.loading.moddiscovery.ModFile/LOADING]: Loading mod file  with languages [LanguageSpec[languageName=javafml, acceptedVersions=[46,48)]]
[15Aug2026 23:32:43.231] [main/DEBUG] [net.minecraftforge.fml.loading.moddiscovery.ModFileParser/LOADING]: Considering mod file candidate /workspaces/server/servidor_minecraft/mods/VisualWorkbench-v8.0.1-1.20.1-Forge.jar
[15Aug2026 23:32:43.231] [main/DEBUG] [net.minecraftforge.fml.loading.moddiscovery.ModFileInfo/LOADING]: Found valid mod file VisualWorkbench-v8.0.1-1.20.1-Forge.jar with {visualworkbench} mods - versions {8.0.1}
[15Aug2026 23:32:43.232] [main/DEBUG] [net.minecraftforge.fml.loading.moddiscovery.ModFile/LOADING]: Loading mod file /workspaces/server/servidor_minecraft/mods/VisualWorkbench-v8.0.1-1.20.1-Forge.jar with languages [LanguageSpec[languageName=javafml, acceptedVersions=[47,)]]
[15Aug2026 23:32:43.232] [main/DEBUG] [net.minecraftforge.fml.loading.moddiscovery.ModFileParser/LOADING]: Considering mod file candidate /workspaces/server/servidor_minecraft/mods/trmt-0.5.1b-1.20.1-forge.jar
[15Aug2026 23:32:43.232] [main/DEBUG] [net.minecraftforge.fml.loading.moddiscovery.ModFileInfo/LOADING]: Found valid mod file trmt-0.5.1b-1.20.1-forge.jar with {trmt} mods - versions {0.5.1b-1.20.1-forge}
[15Aug2026 23:32:43.232] [main/DEBUG] [net.minecraftforge.fml.loading.moddiscovery.ModFile/LOADING]: Loading mod file /workspaces/server/servidor_minecraft/mods/trmt-0.5.1b-1.20.1-forge.jar with languages [LanguageSpec[languageName=javafml, acceptedVersions=[0,)]]
[15Aug2026 23:32:43.232] [main/DEBUG] [net.minecraftforge.fml.loading.moddiscovery.ModFileParser/LOADING]: Considering mod file candidate 
[15Aug2026 23:32:43.233] [main/DEBUG] [net.minecraftforge.fml.loading.moddiscovery.ModFileInfo/LOADING]: Found valid mod file TRender-1.0.15-1.20.1-forge-SNAPSHOT.jar with {trender} mods - versions {1.0.15}
[15Aug2026 23:32:43.233] [main/DEBUG] [net.minecraftforge.fml.loading.moddiscovery.ModFile/LOADING]: Loading mod file  with languages [LanguageSpec[languageName=javafml, acceptedVersions=[28,)]]
[15Aug2026 23:32:43.233] [main/DEBUG] [net.minecraftforge.fml.loading.moddiscovery.ModFileParser/LOADING]: Considering mod file candidate /workspaces/server/servidor_minecraft/mods/sound-physics-remastered-forge-1.20.1-1.5.1.jar
[15Aug2026 23:32:43.234] [main/DEBUG] [net.minecraftforge.fml.loading.moddiscovery.ModFileInfo/LOADING]: Found valid mod file sound-physics-remastered-forge-1.20.1-1.5.1.jar with {sound_physics_remastered} mods - versions {1.20.1-1.5.1}
[15Aug2026 23:32:43.234] [main/DEBUG] [net.minecraftforge.fml.loading.moddiscovery.ModFile/LOADING]: Loading mod file /workspaces/server/servidor_minecraft/mods/sound-physics-remastered-forge-1.20.1-1.5.1.jar with languages [LanguageSpec[languageName=javafml, acceptedVersions=*]]
[15Aug2026 23:32:43.234] [main/DEBUG] [net.minecraftforge.fml.loading.moddiscovery.ModFileParser/LOADING]: Considering mod file candidate /workspaces/server/servidor_minecraft/mods/waystones-forge-1.20.1-14.1.20.jar
[15Aug2026 23:32:43.235] [main/DEBUG] [net.minecraftforge.fml.loading.moddiscovery.ModFileInfo/LOADING]: Found valid mod file waystones-forge-1.20.1-14.1.20.jar with {waystones} mods - versions {14.1.20}
[15Aug2026 23:32:43.235] [main/DEBUG] [net.minecraftforge.fml.loading.moddiscovery.ModFile/LOADING]: Loading mod file /workspaces/server/servidor_minecraft/mods/waystones-forge-1.20.1-14.1.20.jar with languages [LanguageSpec[languageName=javafml, acceptedVersions=[46,)]]
[15Aug2026 23:32:43.235] [main/DEBUG] [net.minecraftforge.fml.loading.moddiscovery.ModFileParser/LOADING]: Considering mod file candidate /workspaces/server/servidor_minecraft/mods/Clumps-forge-1.20.1-12.0.0.4.jar
[15Aug2026 23:32:43.235] [main/DEBUG] [net.minecraftforge.fml.loading.moddiscovery.ModFileInfo/LOADING]: Found valid mod file Clumps-forge-1.20.1-12.0.0.4.jar with {clumps} mods - versions {12.0.0.4}
[15Aug2026 23:32:43.235] [main/DEBUG] [net.minecraftforge.fml.loading.moddiscovery.ModFile/LOADING]: Loading mod file /workspaces/server/servidor_minecraft/mods/Clumps-forge-1.20.1-12.0.0.4.jar with languages [LanguageSpec[languageName=javafml, acceptedVersions=[41,)]]
[15Aug2026 23:32:43.236] [main/DEBUG] [net.minecraftforge.fml.loading.moddiscovery.ModFileParser/LOADING]: Considering mod file candidate /workspaces/server/servidor_minecraft/mods/Structory_1.20.x_v1.3.5.jar
[15Aug2026 23:32:43.236] [main/DEBUG] [net.minecraftforge.fml.loading.moddiscovery.ModFileInfo/LOADING]: Found valid mod file Structory_1.20.x_v1.3.5.jar with {structory} mods - versions {1.3.5}
[15Aug2026 23:32:43.236] [main/DEBUG] [net.minecraftforge.fml.loading.moddiscovery.ModFile/LOADING]: Loading mod file /workspaces/server/servidor_minecraft/mods/Structory_1.20.x_v1.3.5.jar with languages [LanguageSpec[languageName=lowcodefml, acceptedVersions=[1,)]]
[15Aug2026 23:32:43.236] [main/DEBUG] [net.minecraftforge.fml.loading.moddiscovery.ModFileParser/LOADING]: Considering mod file candidate /workspaces/server/servidor_minecraft/mods/xaeroworldmap-forge-1.20.1-1.40.4.jar
[15Aug2026 23:32:43.237] [main/DEBUG] [net.minecraftforge.fml.loading.moddiscovery.ModFileInfo/LOADING]: Found valid mod file xaeroworldmap-forge-1.20.1-1.40.4.jar with {xaeroworldmap} mods - versions {1.40.4}
[15Aug2026 23:32:43.237] [main/DEBUG] [net.minecraftforge.fml.loading.moddiscovery.ModFile/LOADING]: Loading mod file /workspaces/server/servidor_minecraft/mods/xaeroworldmap-forge-1.20.1-1.40.4.jar with languages [LanguageSpec[languageName=javafml, acceptedVersions=[46,48)]]
[15Aug2026 23:32:43.240] [main/DEBUG] [net.minecraftforge.fml.loading.moddiscovery.ModFileParser/LOADING]: Found coremod xaeroworldmap_core with Javascript path META-INF/xaeroworldmap_core.js
[15Aug2026 23:32:43.240] [main/DEBUG] [net.minecraftforge.fml.loading.moddiscovery.ModFile/LOADING]: Found coremod META-INF/xaeroworldmap_core.js
[15Aug2026 23:32:43.240] [main/DEBUG] [net.minecraftforge.fml.loading.moddiscovery.ModFileParser/LOADING]: Considering mod file candidate /workspaces/server/servidor_minecraft/mods/citadel-2.6.3-1.20.1.jar
[15Aug2026 23:32:43.241] [main/DEBUG] [net.minecraftforge.fml.loading.moddiscovery.ModFileInfo/LOADING]: Found valid mod file citadel-2.6.3-1.20.1.jar with {citadel} mods - versions {2.6.3}
[15Aug2026 23:32:43.241] [main/DEBUG] [net.minecraftforge.fml.loading.moddiscovery.ModFile/LOADING]: Loading mod file /workspaces/server/servidor_minecraft/mods/citadel-2.6.3-1.20.1.jar with languages [LanguageSpec[languageName=javafml, acceptedVersions=[47,)]]
[15Aug2026 23:32:43.241] [main/DEBUG] [net.minecraftforge.fml.loading.moddiscovery.ModFileParser/LOADING]: Considering mod file candidate /workspaces/server/servidor_minecraft/mods/modernfix-forge-5.27.66+mc1.20.1.jar
[15Aug2026 23:32:43.242] [main/DEBUG] [net.minecraftforge.fml.loading.moddiscovery.ModFileInfo/LOADING]: Found valid mod file modernfix-forge-5.27.66+mc1.20.1.jar with {modernfix} mods - versions {5.27.66+mc1.20.1}
[15Aug2026 23:32:43.242] [main/DEBUG] [net.minecraftforge.fml.loading.moddiscovery.ModFile/LOADING]: Loading mod file /workspaces/server/servidor_minecraft/mods/modernfix-forge-5.27.66+mc1.20.1.jar with languages [LanguageSpec[languageName=javafml, acceptedVersions=[46,)]]
[15Aug2026 23:32:43.242] [main/DEBUG] [net.minecraftforge.fml.loading.moddiscovery.ModFileParser/LOADING]: Considering mod file candidate /workspaces/server/servidor_minecraft/mods/travelersbackpack-forge-1.20.1-9.1.56.jar
[15Aug2026 23:32:43.242] [main/DEBUG] [net.minecraftforge.fml.loading.moddiscovery.ModFileInfo/LOADING]: Found valid mod file travelersbackpack-forge-1.20.1-9.1.56.jar with {travelersbackpack} mods - versions {9.1.56}
[15Aug2026 23:32:43.243] [main/DEBUG] [net.minecraftforge.fml.loading.moddiscovery.ModFile/LOADING]: Loading mod file /workspaces/server/servidor_minecraft/mods/travelersbackpack-forge-1.20.1-9.1.56.jar with languages [LanguageSpec[languageName=javafml, acceptedVersions=[46,)]]
[15Aug2026 23:32:43.243] [main/DEBUG] [net.minecraftforge.fml.loading.moddiscovery.ModFileParser/LOADING]: Considering mod file candidate /workspaces/server/servidor_minecraft/mods/epic-knights-1.20.1-forge-10.11.jar
[15Aug2026 23:32:43.243] [main/DEBUG] [net.minecraftforge.fml.loading.moddiscovery.ModFileInfo/LOADING]: Found valid mod file epic-knights-1.20.1-forge-10.11.jar with {magistuarmory} mods - versions {10.11}
[15Aug2026 23:32:43.243] [main/DEBUG] [net.minecraftforge.fml.loading.moddiscovery.ModFile/LOADING]: Loading mod file /workspaces/server/servidor_minecraft/mods/epic-knights-1.20.1-forge-10.11.jar with languages [LanguageSpec[languageName=javafml, acceptedVersions=[47,)]]
[15Aug2026 23:32:43.243] [main/DEBUG] [net.minecraftforge.fml.loading.moddiscovery.ModFileParser/LOADING]: Considering mod file candidate /workspaces/server/servidor_minecraft/mods/epicterrain-0.2.5.jar
[15Aug2026 23:32:43.244] [main/DEBUG] [net.minecraftforge.fml.loading.moddiscovery.ModFileInfo/LOADING]: Found valid mod file epicterrain-0.2.5.jar with {mr_epicterrain} mods - versions {0.2.5}
[15Aug2026 23:32:43.244] [main/DEBUG] [net.minecraftforge.fml.loading.moddiscovery.ModFile/LOADING]: Loading mod file /workspaces/server/servidor_minecraft/mods/epicterrain-0.2.5.jar with languages [LanguageSpec[languageName=lowcodefml, acceptedVersions=[40,)]]
[15Aug2026 23:32:43.244] [main/DEBUG] [net.minecraftforge.fml.loading.moddiscovery.ModFileParser/LOADING]: Considering mod file candidate /workspaces/server/servidor_minecraft/mods/relics-1.20.1-0.8.0.7.jar
[15Aug2026 23:32:43.244] [main/DEBUG] [net.minecraftforge.fml.loading.moddiscovery.ModFileInfo/LOADING]: Found valid mod file relics-1.20.1-0.8.0.7.jar with {relics} mods - versions {0.8.0.7}
[15Aug2026 23:32:43.245] [main/DEBUG] [net.minecraftforge.fml.loading.moddiscovery.ModFile/LOADING]: Loading mod file /workspaces/server/servidor_minecraft/mods/relics-1.20.1-0.8.0.7.jar with languages [LanguageSpec[languageName=javafml, acceptedVersions=[47,)]]
[15Aug2026 23:32:43.245] [main/DEBUG] [net.minecraftforge.fml.loading.moddiscovery.ModFileParser/LOADING]: Considering mod file candidate /workspaces/server/servidor_minecraft/mods/mcw-doors-1.1.2-mc1.20.1forge.jar
[15Aug2026 23:32:43.245] [main/DEBUG] [net.minecraftforge.fml.loading.moddiscovery.ModFileInfo/LOADING]: Found valid mod file mcw-doors-1.1.2-mc1.20.1forge.jar with {mcwdoors} mods - versions {1.1.2}
[15Aug2026 23:32:43.245] [main/DEBUG] [net.minecraftforge.fml.loading.moddiscovery.ModFile/LOADING]: Loading mod file /workspaces/server/servidor_minecraft/mods/mcw-doors-1.1.2-mc1.20.1forge.jar with languages [LanguageSpec[languageName=javafml, acceptedVersions=[28,)]]
[15Aug2026 23:32:43.245] [main/DEBUG] [net.minecraftforge.fml.loading.moddiscovery.ModFileParser/LOADING]: Considering mod file candidate /workspaces/server/servidor_minecraft/mods/iceandfire-2.1.13-1.20.1-beta-5.jar
[15Aug2026 23:32:43.245] [main/DEBUG] [net.minecraftforge.fml.loading.moddiscovery.ModFileInfo/LOADING]: Found valid mod file iceandfire-2.1.13-1.20.1-beta-5.jar with {iceandfire} mods - versions {2.1.13-1.20.1}
[15Aug2026 23:32:43.246] [main/DEBUG] [net.minecraftforge.fml.loading.moddiscovery.ModFile/LOADING]: Loading mod file /workspaces/server/servidor_minecraft/mods/iceandfire-2.1.13-1.20.1-beta-5.jar with languages [LanguageSpec[languageName=javafml, acceptedVersions=[37.0,)]]
[15Aug2026 23:32:43.246] [main/DEBUG] [net.minecraftforge.fml.loading.moddiscovery.ModFileParser/LOADING]: Considering mod file candidate /workspaces/server/servidor_minecraft/mods/balm-forge-1.20.1-7.3.41-all.jar
[15Aug2026 23:32:43.246] [main/DEBUG] [net.minecraftforge.fml.loading.moddiscovery.ModFileInfo/LOADING]: Found valid mod file balm-forge-1.20.1-7.3.41-all.jar with {balm} mods - versions {7.3.41}
[15Aug2026 23:32:43.246] [main/DEBUG] [net.minecraftforge.fml.loading.moddiscovery.ModFile/LOADING]: Loading mod file /workspaces/server/servidor_minecraft/mods/balm-forge-1.20.1-7.3.41-all.jar with languages [LanguageSpec[languageName=javafml, acceptedVersions=[46,)]]
[15Aug2026 23:32:43.246] [main/DEBUG] [net.minecraftforge.fml.loading.moddiscovery.ModFileParser/LOADING]: Considering mod file candidate /workspaces/server/servidor_minecraft/mods/carryon-forge-1.20.1-2.1.2.7.jar
[15Aug2026 23:32:43.247] [main/DEBUG] [net.minecraftforge.fml.loading.moddiscovery.ModFileInfo/LOADING]: Found valid mod file carryon-forge-1.20.1-2.1.2.7.jar with {carryon} mods - versions {2.1.2.7}
[15Aug2026 23:32:43.247] [main/DEBUG] [net.minecraftforge.fml.loading.moddiscovery.ModFile/LOADING]: Loading mod file /workspaces/server/servidor_minecraft/mods/carryon-forge-1.20.1-2.1.2.7.jar with languages [LanguageSpec[languageName=javafml, acceptedVersions=[46,)]]
[15Aug2026 23:32:43.247] [main/DEBUG] [net.minecraftforge.fml.loading.moddiscovery.ModFileParser/LOADING]: Considering mod file candidate 
[15Aug2026 23:32:43.248] [main/DEBUG] [net.minecraftforge.fml.loading.moddiscovery.ModFileInfo/LOADING]: Found valid mod file puzzlesaccessapi-forge-20.1.1.jar with {puzzlesaccessapi} mods - versions {20.1.1}
[15Aug2026 23:32:43.248] [main/DEBUG] [net.minecraftforge.fml.loading.moddiscovery.ModFile/LOADING]: Loading mod file  with languages [LanguageSpec[languageName=javafml, acceptedVersions=*]]
[15Aug2026 23:32:43.248] [main/DEBUG] [net.minecraftforge.fml.loading.moddiscovery.ModFileParser/LOADING]: Considering mod file candidate /workspaces/server/servidor_minecraft/mods/shieldexp-forge-1.20.1-1.3.7.jar
[15Aug2026 23:32:43.249] [main/DEBUG] [net.minecraftforge.fml.loading.moddiscovery.ModFileInfo/LOADING]: Found valid mod file shieldexp-forge-1.20.1-1.3.7.jar with {shieldexp} mods - versions {1.3.7}
[15Aug2026 23:32:43.249] [main/DEBUG] [net.minecraftforge.fml.loading.moddiscovery.ModFile/LOADING]: Loading mod file /workspaces/server/servidor_minecraft/mods/shieldexp-forge-1.20.1-1.3.7.jar with languages [LanguageSpec[languageName=javafml, acceptedVersions=[47,)]]
[15Aug2026 23:32:43.249] [main/DEBUG] [net.minecraftforge.fml.loading.moddiscovery.ModFileParser/LOADING]: Considering mod file candidate /workspaces/server/servidor_minecraft/mods/cloth-config-11.1.136-forge.jar
[15Aug2026 23:32:43.250] [main/DEBUG] [net.minecraftforge.fml.loading.moddiscovery.ModFileInfo/LOADING]: Found valid mod file cloth-config-11.1.136-forge.jar with {cloth_config} mods - versions {11.1.136}
[15Aug2026 23:32:43.250] [main/DEBUG] [net.minecraftforge.fml.loading.moddiscovery.ModFile/LOADING]: Loading mod file /workspaces/server/servidor_minecraft/mods/cloth-config-11.1.136-forge.jar with languages [LanguageSpec[languageName=javafml, acceptedVersions=[34,)]]
[15Aug2026 23:32:43.250] [main/DEBUG] [net.minecraftforge.fml.loading.moddiscovery.ModFileParser/LOADING]: Considering mod file candidate /workspaces/server/servidor_minecraft/mods/grue_remake-1.5.0-forge-1.20.1.jar
[15Aug2026 23:32:43.250] [main/DEBUG] [net.minecraftforge.fml.loading.moddiscovery.ModFileInfo/LOADING]: Found valid mod file grue_remake-1.5.0-forge-1.20.1.jar with {grue_remake} mods - versions {1.5.0}
[15Aug2026 23:32:43.250] [main/DEBUG] [net.minecraftforge.fml.loading.moddiscovery.ModFile/LOADING]: Loading mod file /workspaces/server/servidor_minecraft/mods/grue_remake-1.5.0-forge-1.20.1.jar with languages [LanguageSpec[languageName=javafml, acceptedVersions=[47,)]]
[15Aug2026 23:32:43.251] [main/DEBUG] [net.minecraftforge.fml.loading.moddiscovery.ModFileParser/LOADING]: Considering mod file candidate /workspaces/server/servidor_minecraft/mods/Paraglider-forge-20.1.3.jar
[15Aug2026 23:32:43.251] [main/DEBUG] [net.minecraftforge.fml.loading.moddiscovery.ModFileInfo/LOADING]: Found valid mod file Paraglider-forge-20.1.3.jar with {paraglider} mods - versions {20.1.3}
[15Aug2026 23:32:43.251] [main/DEBUG] [net.minecraftforge.fml.loading.moddiscovery.ModFile/LOADING]: Loading mod file /workspaces/server/servidor_minecraft/mods/Paraglider-forge-20.1.3.jar with languages [LanguageSpec[languageName=javafml, acceptedVersions=[47,)]]
[15Aug2026 23:32:43.251] [main/DEBUG] [net.minecraftforge.fml.loading.moddiscovery.ModFileParser/LOADING]: Considering mod file candidate /workspaces/server/servidor_minecraft/libraries/net/minecraftforge/forge/1.20.1-47.3.7/forge-1.20.1-47.3.7-universal.jar
[15Aug2026 23:32:43.252] [main/DEBUG] [net.minecraftforge.fml.loading.moddiscovery.ModFileInfo/LOADING]: Found valid mod file forge-1.20.1-47.3.7-universal.jar with {forge} mods - versions {47.3.7}
[15Aug2026 23:32:43.252] [main/DEBUG] [net.minecraftforge.fml.loading.moddiscovery.ModFile/LOADING]: Loading mod file /workspaces/server/servidor_minecraft/libraries/net/minecraftforge/forge/1.20.1-47.3.7/forge-1.20.1-47.3.7-universal.jar with languages [LanguageSpec[languageName=javafml, acceptedVersions=[24,]]]
[15Aug2026 23:32:43.252] [main/DEBUG] [net.minecraftforge.fml.loading.moddiscovery.ModFileParser/LOADING]: Found coremod field_to_method with Javascript path coremods/field_to_method.js
[15Aug2026 23:32:43.252] [main/DEBUG] [net.minecraftforge.fml.loading.moddiscovery.ModFileParser/LOADING]: Found coremod field_to_instanceof with Javascript path coremods/field_to_instanceof.js
[15Aug2026 23:32:43.253] [main/DEBUG] [net.minecraftforge.fml.loading.moddiscovery.ModFileParser/LOADING]: Found coremod add_bouncer_method with Javascript path coremods/add_bouncer_method.js
[15Aug2026 23:32:43.253] [main/DEBUG] [net.minecraftforge.fml.loading.moddiscovery.ModFileParser/LOADING]: Found coremod method_redirector with Javascript path coremods/method_redirector.js
[15Aug2026 23:32:43.253] [main/DEBUG] [net.minecraftforge.fml.loading.moddiscovery.ModFile/LOADING]: Found coremod coremods/field_to_method.js
[15Aug2026 23:32:43.253] [main/DEBUG] [net.minecraftforge.fml.loading.moddiscovery.ModFile/LOADING]: Found coremod coremods/field_to_instanceof.js
[15Aug2026 23:32:43.253] [main/DEBUG] [net.minecraftforge.fml.loading.moddiscovery.ModFile/LOADING]: Found coremod coremods/add_bouncer_method.js
[15Aug2026 23:32:43.253] [main/DEBUG] [net.minecraftforge.fml.loading.moddiscovery.ModFile/LOADING]: Found coremod coremods/method_redirector.js
[15Aug2026 23:32:43.253] [main/DEBUG] [net.minecraftforge.fml.loading.moddiscovery.ModFileParser/LOADING]: Considering mod file candidate /workspaces/server/servidor_minecraft/mods/VendingMachine-1.20-1.0.10.jar
[15Aug2026 23:32:43.254] [main/DEBUG] [net.minecraftforge.fml.loading.moddiscovery.ModFileInfo/LOADING]: Found valid mod file VendingMachine-1.20-1.0.10.jar with {vm} mods - versions {1.0.10}
[15Aug2026 23:32:43.254] [main/DEBUG] [net.minecraftforge.fml.loading.moddiscovery.ModFile/LOADING]: Loading mod file /workspaces/server/servidor_minecraft/mods/VendingMachine-1.20-1.0.10.jar with languages [LanguageSpec[languageName=javafml, acceptedVersions=[46,)]]
[15Aug2026 23:32:43.254] [main/DEBUG] [net.minecraftforge.fml.loading.moddiscovery.ModFileParser/LOADING]: Found coremod CreativeModeTab with Javascript path asm/CreativeModeTab.js
[15Aug2026 23:32:43.255] [main/DEBUG] [net.minecraftforge.fml.loading.moddiscovery.ModFileParser/LOADING]: Found coremod Merchant with Javascript path asm/Merchant.js
[15Aug2026 23:32:43.255] [main/DEBUG] [net.minecraftforge.fml.loading.moddiscovery.ModFileParser/LOADING]: Found coremod DataFixers with Javascript path asm/DataFixers.js
[15Aug2026 23:32:43.255] [main/DEBUG] [net.minecraftforge.fml.loading.moddiscovery.ModFile/LOADING]: Found coremod asm/CreativeModeTab.js
[15Aug2026 23:32:43.255] [main/DEBUG] [net.minecraftforge.fml.loading.moddiscovery.ModFile/LOADING]: Found coremod asm/Merchant.js
[15Aug2026 23:32:43.255] [main/DEBUG] [net.minecraftforge.fml.loading.moddiscovery.ModFile/LOADING]: Found coremod asm/DataFixers.js
[15Aug2026 23:32:43.255] [main/DEBUG] [net.minecraftforge.fml.loading.moddiscovery.ModFileParser/LOADING]: Considering mod file candidate /workspaces/server/servidor_minecraft/mods/tl_skin_cape_forge_1.20_1.20.1-1.32.jar
[15Aug2026 23:32:43.255] [main/DEBUG] [net.minecraftforge.fml.loading.moddiscovery.ModFileInfo/LOADING]: Found valid mod file tl_skin_cape_forge_1.20_1.20.1-1.32.jar with {tlskincape} mods - versions {1.32}
[15Aug2026 23:32:43.256] [main/DEBUG] [net.minecraftforge.fml.loading.moddiscovery.ModFile/LOADING]: Loading mod file /workspaces/server/servidor_minecraft/mods/tl_skin_cape_forge_1.20_1.20.1-1.32.jar with languages [LanguageSpec[languageName=javafml, acceptedVersions=[25,)]]
[15Aug2026 23:32:43.256] [main/DEBUG] [net.minecraftforge.fml.loading.moddiscovery.ModFileParser/LOADING]: Considering mod file candidate /workspaces/server/servidor_minecraft/mods/Geophilic v3.6.mod.jar
[15Aug2026 23:32:43.256] [main/DEBUG] [net.minecraftforge.fml.loading.moddiscovery.ModFileInfo/LOADING]: Found valid mod file Geophilic v3.6.mod.jar with {geophilic} mods - versions {3.6}
[15Aug2026 23:32:43.257] [main/DEBUG] [net.minecraftforge.fml.loading.moddiscovery.ModFile/LOADING]: Loading mod file /workspaces/server/servidor_minecraft/mods/Geophilic v3.6.mod.jar with languages [LanguageSpec[languageName=lowcodefml, acceptedVersions=[1,)]]
[15Aug2026 23:32:43.257] [main/DEBUG] [net.minecraftforge.fml.loading.moddiscovery.ModFileParser/LOADING]: Considering mod file candidate /workspaces/server/servidor_minecraft/mods/sodiumdynamiclights-forge-1.0.10-1.20.1.jar
[15Aug2026 23:32:43.257] [main/DEBUG] [net.minecraftforge.fml.loading.moddiscovery.ModFileInfo/LOADING]: Found valid mod file sodiumdynamiclights-forge-1.0.10-1.20.1.jar with {sodiumdynamiclights} mods - versions {1.0.9}
[15Aug2026 23:32:43.257] [main/DEBUG] [net.minecraftforge.fml.loading.moddiscovery.ModFile/LOADING]: Loading mod file /workspaces/server/servidor_minecraft/mods/sodiumdynamiclights-forge-1.0.10-1.20.1.jar with languages [LanguageSpec[languageName=javafml, acceptedVersions=[1,)]]
[15Aug2026 23:32:43.257] [main/DEBUG] [net.minecraftforge.fml.loading.moddiscovery.ModFileParser/LOADING]: Considering mod file candidate /workspaces/server/servidor_minecraft/mods/corpse-forge-1.20.1-1.0.23.jar
[15Aug2026 23:32:43.258] [main/DEBUG] [net.minecraftforge.fml.loading.moddiscovery.ModFileInfo/LOADING]: Found valid mod file corpse-forge-1.20.1-1.0.23.jar with {corpse} mods - versions {1.20.1-1.0.23}
[15Aug2026 23:32:43.258] [main/DEBUG] [net.minecraftforge.fml.loading.moddiscovery.ModFile/LOADING]: Loading mod file /workspaces/server/servidor_minecraft/mods/corpse-forge-1.20.1-1.0.23.jar with languages [LanguageSpec[languageName=javafml, acceptedVersions=*]]
[15Aug2026 23:32:43.258] [main/DEBUG] [net.minecraftforge.fml.loading.moddiscovery.ModFileParser/LOADING]: Considering mod file candidate /workspaces/server/servidor_minecraft/mods/DungeonsArise-1.20.x-2.1.58-release.jar
[15Aug2026 23:32:43.259] [main/DEBUG] [net.minecraftforge.fml.loading.moddiscovery.ModFileInfo/LOADING]: Found valid mod file DungeonsArise-1.20.x-2.1.58-release.jar with {dungeons_arise} mods - versions {2.1.58-1.20.x}
[15Aug2026 23:32:43.259] [main/DEBUG] [net.minecraftforge.fml.loading.moddiscovery.ModFile/LOADING]: Loading mod file /workspaces/server/servidor_minecraft/mods/DungeonsArise-1.20.x-2.1.58-release.jar with languages [LanguageSpec[languageName=javafml, acceptedVersions=[41,)]]
[15Aug2026 23:32:43.259] [main/DEBUG] [net.minecraftforge.fml.loading.moddiscovery.ModFileParser/LOADING]: Considering mod file candidate /workspaces/server/servidor_minecraft/mods/nyfsspiders-Forge-1.20.1-3.0.1.jar
[15Aug2026 23:32:43.260] [main/DEBUG] [net.minecraftforge.fml.loading.moddiscovery.ModFileInfo/LOADING]: Found valid mod file nyfsspiders-Forge-1.20.1-3.0.1.jar with {nyfsspiders} mods - versions {3.0.1}
[15Aug2026 23:32:43.260] [main/DEBUG] [net.minecraftforge.fml.loading.moddiscovery.ModFile/LOADING]: Loading mod file /workspaces/server/servidor_minecraft/mods/nyfsspiders-Forge-1.20.1-3.0.1.jar with languages [LanguageSpec[languageName=javafml, acceptedVersions=[47,)]]
[15Aug2026 23:32:43.260] [main/DEBUG] [net.minecraftforge.fml.loading.moddiscovery.ModFileInfo/LOADING]: Found valid mod file server-1.20.1-20230612.114412-srg.jar with {minecraft} mods - versions {1.20.1}
[15Aug2026 23:32:43.260] [main/DEBUG] [net.minecraftforge.fml.loading.moddiscovery.ModFile/LOADING]: Loading mod file /workspaces/server/servidor_minecraft/libraries/net/minecraft/server/1.20.1-20230612.114412/server-1.20.1-20230612.114412-srg.jar with languages [LanguageSpec[languageName=minecraft, acceptedVersions=1]]
[15Aug2026 23:32:43.260] [main/DEBUG] [net.minecraftforge.fml.loading.moddiscovery.ModFileParser/LOADING]: Considering mod file candidate /workspaces/server/servidor_minecraft/mods/voicechat-forge-1.20.1-2.6.18.jar
[15Aug2026 23:32:43.261] [main/DEBUG] [net.minecraftforge.fml.loading.moddiscovery.ModFileInfo/LOADING]: Found valid mod file voicechat-forge-1.20.1-2.6.18.jar with {voicechat,voicechat_api} mods - versions {1.20.1-2.6.18,2.6.13}
[15Aug2026 23:32:43.261] [main/DEBUG] [net.minecraftforge.fml.loading.moddiscovery.ModFile/LOADING]: Loading mod file /workspaces/server/servidor_minecraft/mods/voicechat-forge-1.20.1-2.6.18.jar with languages [LanguageSpec[languageName=javafml, acceptedVersions=*]]
[15Aug2026 23:32:43.261] [main/DEBUG] [net.minecraftforge.fml.loading.moddiscovery.ModFileParser/LOADING]: Considering mod file candidate 
[15Aug2026 23:32:43.262] [main/DEBUG] [net.minecraftforge.fml.loading.moddiscovery.ModFileInfo/LOADING]: Found valid mod file fabric-api-base-0.4.31+ef105b4977.jar with {fabric_api_base} mods - versions {0.4.31+ef105b4977}
[15Aug2026 23:32:43.262] [main/DEBUG] [net.minecraftforge.fml.loading.moddiscovery.ModFile/LOADING]: Loading mod file  with languages [LanguageSpec[languageName=javafml, acceptedVersions=[47,)]]
[15Aug2026 23:32:43.262] [main/DEBUG] [net.minecraftforge.fml.loading.moddiscovery.ModFileParser/LOADING]: Considering mod file candidate /workspaces/server/servidor_minecraft/mods/AmbientSounds_FORGE_v6.3.7_mc1.20.1.jar
[15Aug2026 23:32:43.263] [main/DEBUG] [net.minecraftforge.fml.loading.moddiscovery.ModFileInfo/LOADING]: Found valid mod file AmbientSounds_FORGE_v6.3.7_mc1.20.1.jar with {ambientsounds} mods - versions {6.3.7}
[15Aug2026 23:32:43.263] [main/DEBUG] [net.minecraftforge.fml.loading.moddiscovery.ModFile/LOADING]: Loading mod file /workspaces/server/servidor_minecraft/mods/AmbientSounds_FORGE_v6.3.7_mc1.20.1.jar with languages [LanguageSpec[languageName=javafml, acceptedVersions=[46,)]]
[15Aug2026 23:32:43.263] [main/DEBUG] [net.minecraftforge.fml.loading.moddiscovery.ModFileParser/LOADING]: Considering mod file candidate /workspaces/server/servidor_minecraft/mods/bettercombat-forge-1.9.0+1.20.1.jar
[15Aug2026 23:32:43.263] [main/DEBUG] [net.minecraftforge.fml.loading.moddiscovery.ModFileInfo/LOADING]: Found valid mod file bettercombat-forge-1.9.0+1.20.1.jar with {bettercombat} mods - versions {1.9.0+1.20.1}
[15Aug2026 23:32:43.264] [main/DEBUG] [net.minecraftforge.fml.loading.moddiscovery.ModFile/LOADING]: Loading mod file /workspaces/server/servidor_minecraft/mods/bettercombat-forge-1.9.0+1.20.1.jar with languages [LanguageSpec[languageName=javafml, acceptedVersions=[39,)]]
[15Aug2026 23:32:43.264] [main/DEBUG] [net.minecraftforge.fml.loading.moddiscovery.ModFileParser/LOADING]: Considering mod file candidate /workspaces/server/servidor_minecraft/mods/serversleep-mod.jar
[15Aug2026 23:32:43.264] [main/DEBUG] [net.minecraftforge.fml.loading.moddiscovery.ModFileInfo/LOADING]: Found valid mod file serversleep-mod.jar with {mr_serversleep} mods - versions {1-datapack}
[15Aug2026 23:32:43.264] [main/DEBUG] [net.minecraftforge.fml.loading.moddiscovery.ModFile/LOADING]: Loading mod file /workspaces/server/servidor_minecraft/mods/serversleep-mod.jar with languages [LanguageSpec[languageName=javafml, acceptedVersions=[25,)]]
[15Aug2026 23:32:43.265] [main/DEBUG] [net.minecraftforge.fml.loading.moddiscovery.ModFileParser/LOADING]: Considering mod file candidate /workspaces/server/servidor_minecraft/mods/simpleshops-1.2.2.jar
[15Aug2026 23:32:43.265] [main/DEBUG] [net.minecraftforge.fml.loading.moddiscovery.ModFileInfo/LOADING]: Found valid mod file simpleshops-1.2.2.jar with {simpleshops} mods - versions {1.2.2}
[15Aug2026 23:32:43.266] [main/DEBUG] [net.minecraftforge.fml.loading.moddiscovery.ModFile/LOADING]: Loading mod file /workspaces/server/servidor_minecraft/mods/simpleshops-1.2.2.jar with languages [LanguageSpec[languageName=javafml, acceptedVersions=[47,)]]
[15Aug2026 23:32:43.266] [main/DEBUG] [net.minecraftforge.fml.loading.moddiscovery.ModFileParser/LOADING]: Considering mod file candidate 
[15Aug2026 23:32:43.266] [main/DEBUG] [net.minecraftforge.fml.loading.moddiscovery.ModFileInfo/LOADING]: Found valid mod file awcapi-neoforge-1.20.1-1.0.2.jar with {awcapi} mods - versions {1.0.2}
[15Aug2026 23:32:43.266] [main/DEBUG] [net.minecraftforge.fml.loading.moddiscovery.ModFile/LOADING]: Loading mod file  with languages [LanguageSpec[languageName=javafml, acceptedVersions=[47,)]]
[15Aug2026 23:32:43.267] [main/DEBUG] [net.minecraftforge.fml.loading.moddiscovery.ModFileParser/LOADING]: Considering mod file candidate /workspaces/server/servidor_minecraft/mods/CreativeCore_FORGE_v2.12.39_mc1.20.1.jar
[15Aug2026 23:32:43.267] [main/DEBUG] [net.minecraftforge.fml.loading.moddiscovery.ModFileInfo/LOADING]: Found valid mod file CreativeCore_FORGE_v2.12.39_mc1.20.1.jar with {creativecore} mods - versions {2.12.39}
[15Aug2026 23:32:43.267] [main/DEBUG] [net.minecraftforge.fml.loading.moddiscovery.ModFile/LOADING]: Loading mod file /workspaces/server/servidor_minecraft/mods/CreativeCore_FORGE_v2.12.39_mc1.20.1.jar with languages [LanguageSpec[languageName=javafml, acceptedVersions=[46,)]]
[15Aug2026 23:32:43.267] [main/DEBUG] [net.minecraftforge.fml.loading.moddiscovery.ModFileParser/LOADING]: Considering mod file candidate /workspaces/server/servidor_minecraft/mods/Epic-Knights-x-Better-Combat.jar
[15Aug2026 23:32:43.268] [main/DEBUG] [net.minecraftforge.fml.loading.moddiscovery.ModFileInfo/LOADING]: Found valid mod file Epic-Knights-x-Better-Combat.jar with {epic_knights_x_better_combat} mods - versions {1.0.1-1.20.1+1.21.1}
[15Aug2026 23:32:43.268] [main/DEBUG] [net.minecraftforge.fml.loading.moddiscovery.ModFile/LOADING]: Loading mod file /workspaces/server/servidor_minecraft/mods/Epic-Knights-x-Better-Combat.jar with languages [LanguageSpec[languageName=lowcodefml, acceptedVersions=[40,)]]
[15Aug2026 23:32:43.268] [main/DEBUG] [net.minecraftforge.fml.loading.moddiscovery.ModFileParser/LOADING]: Considering mod file candidate /workspaces/server/servidor_minecraft/mods/mcw-trapdoors-1.1.5-mc1.20.1forge.jar
[15Aug2026 23:32:43.269] [main/DEBUG] [net.minecraftforge.fml.loading.moddiscovery.ModFileInfo/LOADING]: Found valid mod file mcw-trapdoors-1.1.5-mc1.20.1forge.jar with {mcwtrpdoors} mods - versions {1.1.5}
[15Aug2026 23:32:43.269] [main/DEBUG] [net.minecraftforge.fml.loading.moddiscovery.ModFile/LOADING]: Loading mod file /workspaces/server/servidor_minecraft/mods/mcw-trapdoors-1.1.5-mc1.20.1forge.jar with languages [LanguageSpec[languageName=javafml, acceptedVersions=[28,)]]
[15Aug2026 23:32:43.269] [main/DEBUG] [net.minecraftforge.fml.loading.moddiscovery.ModFileParser/LOADING]: Considering mod file candidate /workspaces/server/servidor_minecraft/mods/curios-forge-5.14.1+1.20.1.jar
[15Aug2026 23:32:43.269] [main/DEBUG] [net.minecraftforge.fml.loading.moddiscovery.ModFileInfo/LOADING]: Found valid mod file curios-forge-5.14.1+1.20.1.jar with {curios} mods - versions {5.14.1+1.20.1}
[15Aug2026 23:32:43.269] [main/DEBUG] [net.minecraftforge.fml.loading.moddiscovery.ModFile/LOADING]: Loading mod file /workspaces/server/servidor_minecraft/mods/curios-forge-5.14.1+1.20.1.jar with languages [LanguageSpec[languageName=javafml, acceptedVersions=[41,)]]
[15Aug2026 23:32:43.270] [main/DEBUG] [net.minecraftforge.fml.loading.moddiscovery.ModFileParser/LOADING]: Considering mod file candidate /workspaces/server/servidor_minecraft/mods/notenoughanimations-forge-1.12.4-mc1.20.1.jar
[15Aug2026 23:32:43.270] [main/DEBUG] [net.minecraftforge.fml.loading.moddiscovery.ModFileInfo/LOADING]: Found valid mod file notenoughanimations-forge-1.12.4-mc1.20.1.jar with {notenoughanimations} mods - versions {1.12.4}
[15Aug2026 23:32:43.270] [main/DEBUG] [net.minecraftforge.fml.loading.moddiscovery.ModFile/LOADING]: Loading mod file /workspaces/server/servidor_minecraft/mods/notenoughanimations-forge-1.12.4-mc1.20.1.jar with languages [LanguageSpec[languageName=javafml, acceptedVersions=[28,)]]
[15Aug2026 23:32:43.270] [main/DEBUG] [net.minecraftforge.fml.loading.moddiscovery.ModFileParser/LOADING]: Considering mod file candidate /workspaces/server/servidor_minecraft/mods/collective-1.20.1-8.39.jar
[15Aug2026 23:32:43.271] [main/DEBUG] [net.minecraftforge.fml.loading.moddiscovery.ModFileInfo/LOADING]: Found valid mod file collective-1.20.1-8.39.jar with {collective} mods - versions {8.39}
[15Aug2026 23:32:43.271] [main/DEBUG] [net.minecraftforge.fml.loading.moddiscovery.ModFile/LOADING]: Loading mod file /workspaces/server/servidor_minecraft/mods/collective-1.20.1-8.39.jar with languages [LanguageSpec[languageName=javafml, acceptedVersions=*]]
[15Aug2026 23:32:43.271] [main/DEBUG] [net.minecraftforge.fml.loading.moddiscovery.ModFileParser/LOADING]: Considering mod file candidate /workspaces/server/servidor_minecraft/mods/ParCool-1.20.1-3.4.3.3.jar
[15Aug2026 23:32:43.272] [main/DEBUG] [net.minecraftforge.fml.loading.moddiscovery.ModFileInfo/LOADING]: Found valid mod file ParCool-1.20.1-3.4.3.3.jar with {parcool} mods - versions {3.4.3.3}
[15Aug2026 23:32:43.272] [main/DEBUG] [net.minecraftforge.fml.loading.moddiscovery.ModFile/LOADING]: Loading mod file /workspaces/server/servidor_minecraft/mods/ParCool-1.20.1-3.4.3.3.jar with languages [LanguageSpec[languageName=javafml, acceptedVersions=[43,)]]
[15Aug2026 23:32:43.272] [main/DEBUG] [net.minecraftforge.fml.loading.moddiscovery.ModFileParser/LOADING]: Considering mod file candidate /workspaces/server/servidor_minecraft/mods/StorageDrawers-forge-1.20.1-12.14.3.jar
[15Aug2026 23:32:43.272] [main/DEBUG] [net.minecraftforge.fml.loading.moddiscovery.ModFileInfo/LOADING]: Found valid mod file StorageDrawers-forge-1.20.1-12.14.3.jar with {storagedrawers} mods - versions {12.14.3}
[15Aug2026 23:32:43.273] [main/DEBUG] [net.minecraftforge.fml.loading.moddiscovery.ModFile/LOADING]: Loading mod file /workspaces/server/servidor_minecraft/mods/StorageDrawers-forge-1.20.1-12.14.3.jar with languages [LanguageSpec[languageName=javafml, acceptedVersions=[47,)]]
[15Aug2026 23:32:43.273] [main/DEBUG] [net.minecraftforge.fml.loading.moddiscovery.ModFileParser/LOADING]: Considering mod file candidate /workspaces/server/servidor_minecraft/mods/[1.20.1-forge]-Epic-Knights-Ice-and-Fire-1.1.jar
[15Aug2026 23:32:43.273] [main/DEBUG] [net.minecraftforge.fml.loading.moddiscovery.ModFileInfo/LOADING]: Found valid mod file [1.20.1-forge]-Epic-Knights-Ice-and-Fire-1.1.jar with {epic_knights_ice_and_fire} mods - versions {1.0}
[15Aug2026 23:32:43.273] [main/DEBUG] [net.minecraftforge.fml.loading.moddiscovery.ModFile/LOADING]: Loading mod file /workspaces/server/servidor_minecraft/mods/[1.20.1-forge]-Epic-Knights-Ice-and-Fire-1.1.jar with languages [LanguageSpec[languageName=javafml, acceptedVersions=[47,)]]
[15Aug2026 23:32:43.274] [main/DEBUG] [net.minecraftforge.fml.loading.moddiscovery.ModFileParser/LOADING]: Considering mod file candidate /workspaces/server/servidor_minecraft/mods/ImmediatelyFast-Forge-1.5.5+1.20.4.jar
[15Aug2026 23:32:43.274] [main/DEBUG] [net.minecraftforge.fml.loading.moddiscovery.ModFileInfo/LOADING]: Found valid mod file ImmediatelyFast-Forge-1.5.5+1.20.4.jar with {immediatelyfast} mods - versions {1.5.5+1.20.4}
[15Aug2026 23:32:43.274] [main/DEBUG] [net.minecraftforge.fml.loading.moddiscovery.ModFile/LOADING]: Loading mod file /workspaces/server/servidor_minecraft/mods/ImmediatelyFast-Forge-1.5.5+1.20.4.jar with languages [LanguageSpec[languageName=javafml, acceptedVersions=[46,)]]
[15Aug2026 23:32:43.274] [main/DEBUG] [net.minecraftforge.fml.loading.moddiscovery.ModFileParser/LOADING]: Considering mod file candidate /workspaces/server/servidor_minecraft/mods/appleskin-forge-mc1.20.1-2.5.1.jar
[15Aug2026 23:32:43.275] [main/DEBUG] [net.minecraftforge.fml.loading.moddiscovery.ModFileInfo/LOADING]: Found valid mod file appleskin-forge-mc1.20.1-2.5.1.jar with {appleskin} mods - versions {2.5.1+mc1.20.1}
[15Aug2026 23:32:43.275] [main/DEBUG] [net.minecraftforge.fml.loading.moddiscovery.ModFile/LOADING]: Loading mod file /workspaces/server/servidor_minecraft/mods/appleskin-forge-mc1.20.1-2.5.1.jar with languages [LanguageSpec[languageName=javafml, acceptedVersions=[47,)]]
[15Aug2026 23:32:43.275] [main/DEBUG] [net.minecraftforge.fml.loading.moddiscovery.ModFileParser/LOADING]: Considering mod file candidate /workspaces/server/servidor_minecraft/mods/architectury-9.2.14-forge.jar
[15Aug2026 23:32:43.275] [main/DEBUG] [net.minecraftforge.fml.loading.moddiscovery.ModFileInfo/LOADING]: Found valid mod file architectury-9.2.14-forge.jar with {architectury} mods - versions {9.2.14}
[15Aug2026 23:32:43.275] [main/DEBUG] [net.minecraftforge.fml.loading.moddiscovery.ModFile/LOADING]: Loading mod file /workspaces/server/servidor_minecraft/mods/architectury-9.2.14-forge.jar with languages [LanguageSpec[languageName=javafml, acceptedVersions=[46,)]]
[15Aug2026 23:32:43.276] [main/DEBUG] [net.minecraftforge.fml.loading.moddiscovery.ModFileParser/LOADING]: Considering mod file candidate /workspaces/server/servidor_minecraft/mods/MoogsVoyagerStructures-1.20-5.0.6.jar
[15Aug2026 23:32:43.276] [main/DEBUG] [net.minecraftforge.fml.loading.moddiscovery.ModFileInfo/LOADING]: Found valid mod file MoogsVoyagerStructures-1.20-5.0.6.jar with {mvs} mods - versions {5.0.6}
[15Aug2026 23:32:43.276] [main/DEBUG] [net.minecraftforge.fml.loading.moddiscovery.ModFile/LOADING]: Loading mod file /workspaces/server/servidor_minecraft/mods/MoogsVoyagerStructures-1.20-5.0.6.jar with languages [LanguageSpec[languageName=lowcodefml, acceptedVersions=[40,)]]
[15Aug2026 23:32:43.276] [main/DEBUG] [net.minecraftforge.fml.loading.moddiscovery.ModFileParser/LOADING]: Considering mod file candidate /workspaces/server/servidor_minecraft/mods/ferritecore-6.0.1-forge.jar
[15Aug2026 23:32:43.276] [main/DEBUG] [net.minecraftforge.fml.loading.moddiscovery.ModFileInfo/LOADING]: Found valid mod file ferritecore-6.0.1-forge.jar with {ferritecore} mods - versions {6.0.1}
[15Aug2026 23:32:43.277] [main/DEBUG] [net.minecraftforge.fml.loading.moddiscovery.ModFile/LOADING]: Loading mod file /workspaces/server/servidor_minecraft/mods/ferritecore-6.0.1-forge.jar with languages [LanguageSpec[languageName=javafml, acceptedVersions=[28,)]]
[15Aug2026 23:32:43.277] [main/DEBUG] [net.minecraftforge.fml.loading.moddiscovery.ModFileParser/LOADING]: Considering mod file candidate /workspaces/server/servidor_minecraft/mods/globalxp-forge-1.20.1-1.11.jar
[15Aug2026 23:32:43.277] [main/DEBUG] [net.minecraftforge.fml.loading.moddiscovery.ModFileInfo/LOADING]: Found valid mod file globalxp-forge-1.20.1-1.11.jar with {globalxp} mods - versions {1.11}
[15Aug2026 23:32:43.277] [main/DEBUG] [net.minecraftforge.fml.loading.moddiscovery.ModFile/LOADING]: Loading mod file /workspaces/server/servidor_minecraft/mods/globalxp-forge-1.20.1-1.11.jar with languages [LanguageSpec[languageName=javafml, acceptedVersions=[46,)]]
[15Aug2026 23:32:43.277] [main/DEBUG] [net.minecraftforge.fml.loading.moddiscovery.ModFileParser/LOADING]: Considering mod file candidate 
[15Aug2026 23:32:43.278] [main/DEBUG] [net.minecraftforge.fml.loading.moddiscovery.ModFileInfo/LOADING]: Found valid mod file TRansition-1.0.21-1.20.1-forge-SNAPSHOT.jar with {transition} mods - versions {1.0.21}
[15Aug2026 23:32:43.278] [main/DEBUG] [net.minecraftforge.fml.loading.moddiscovery.ModFile/LOADING]: Loading mod file  with languages [LanguageSpec[languageName=javafml, acceptedVersions=[28,)]]
[15Aug2026 23:32:43.278] [main/DEBUG] [net.minecraftforge.fml.loading.moddiscovery.ModFileParser/LOADING]: Considering mod file candidate /workspaces/server/servidor_minecraft/mods/ItemPhysic_FORGE_v1.8.13_mc1.20.1.jar
[15Aug2026 23:32:43.278] [main/DEBUG] [net.minecraftforge.fml.loading.moddiscovery.ModFileInfo/LOADING]: Found valid mod file ItemPhysic_FORGE_v1.8.13_mc1.20.1.jar with {itemphysic} mods - versions {1.8.13}
[15Aug2026 23:32:43.279] [main/DEBUG] [net.minecraftforge.fml.loading.moddiscovery.ModFile/LOADING]: Loading mod file /workspaces/server/servidor_minecraft/mods/ItemPhysic_FORGE_v1.8.13_mc1.20.1.jar with languages [LanguageSpec[languageName=javafml, acceptedVersions=[46,)]]
[15Aug2026 23:32:43.279] [main/DEBUG] [net.minecraftforge.fml.loading.moddiscovery.ModFileParser/LOADING]: Considering mod file candidate /workspaces/server/servidor_minecraft/mods/PuzzlesLib-v8.1.33-1.20.1-Forge.jar
[15Aug2026 23:32:43.279] [main/DEBUG] [net.minecraftforge.fml.loading.moddiscovery.ModFileInfo/LOADING]: Found valid mod file PuzzlesLib-v8.1.33-1.20.1-Forge.jar with {puzzleslib} mods - versions {8.1.33}
[15Aug2026 23:32:43.279] [main/DEBUG] [net.minecraftforge.fml.loading.moddiscovery.ModFile/LOADING]: Loading mod file /workspaces/server/servidor_minecraft/mods/PuzzlesLib-v8.1.33-1.20.1-Forge.jar with languages [LanguageSpec[languageName=javafml, acceptedVersions=[47,)]]
[15Aug2026 23:32:43.280] [main/DEBUG] [net.minecraftforge.fml.loading.moddiscovery.ModFileParser/LOADING]: Considering mod file candidate /workspaces/server/servidor_minecraft/mods/moogs_structures-1.20-1.20.4-3.0.0-forge.jar
[15Aug2026 23:32:43.280] [main/DEBUG] [net.minecraftforge.fml.loading.moddiscovery.ModFileInfo/LOADING]: Found valid mod file moogs_structures-1.20-1.20.4-3.0.0-forge.jar with {moogs_structures} mods - versions {3.0.0}
[15Aug2026 23:32:43.280] [main/DEBUG] [net.minecraftforge.fml.loading.moddiscovery.ModFile/LOADING]: Loading mod file /workspaces/server/servidor_minecraft/mods/moogs_structures-1.20-1.20.4-3.0.0-forge.jar with languages [LanguageSpec[languageName=javafml, acceptedVersions=[46,)]]
[15Aug2026 23:32:43.280] [main/DEBUG] [net.minecraftforge.fml.loading.moddiscovery.ModFileParser/LOADING]: Considering mod file candidate /workspaces/server/servidor_minecraft/mods/Healing+Bed+1.20.1.jar
[15Aug2026 23:32:43.281] [main/DEBUG] [net.minecraftforge.fml.loading.moddiscovery.ModFileInfo/LOADING]: Found valid mod file Healing+Bed+1.20.1.jar with {healingbed} mods - versions {1.20.1}
[15Aug2026 23:32:43.281] [main/DEBUG] [net.minecraftforge.fml.loading.moddiscovery.ModFile/LOADING]: Loading mod file /workspaces/server/servidor_minecraft/mods/Healing+Bed+1.20.1.jar with languages [LanguageSpec[languageName=javafml, acceptedVersions=[47,)]]
[15Aug2026 23:32:43.281] [main/DEBUG] [net.minecraftforge.fml.loading.moddiscovery.ModFileParser/LOADING]: Considering mod file candidate /workspaces/server/servidor_minecraft/mods/PlayerRevive_FORGE_v2.0.31_mc1.20.1.jar
[15Aug2026 23:32:43.281] [main/DEBUG] [net.minecraftforge.fml.loading.moddiscovery.ModFileInfo/LOADING]: Found valid mod file PlayerRevive_FORGE_v2.0.31_mc1.20.1.jar with {playerrevive} mods - versions {2.0.31}
[15Aug2026 23:32:43.282] [main/DEBUG] [net.minecraftforge.fml.loading.moddiscovery.ModFile/LOADING]: Loading mod file /workspaces/server/servidor_minecraft/mods/PlayerRevive_FORGE_v2.0.31_mc1.20.1.jar with languages [LanguageSpec[languageName=javafml, acceptedVersions=[46,)]]
[15Aug2026 23:32:43.282] [main/DEBUG] [net.minecraftforge.fml.loading.moddiscovery.ModFileParser/LOADING]: Considering mod file candidate /workspaces/server/servidor_minecraft/mods/healingcampfire-1.20.1-6.3.jar
[15Aug2026 23:32:43.282] [main/DEBUG] [net.minecraftforge.fml.loading.moddiscovery.ModFileInfo/LOADING]: Found valid mod file healingcampfire-1.20.1-6.3.jar with {healingcampfire} mods - versions {6.3}
[15Aug2026 23:32:43.282] [main/DEBUG] [net.minecraftforge.fml.loading.moddiscovery.ModFile/LOADING]: Loading mod file /workspaces/server/servidor_minecraft/mods/healingcampfire-1.20.1-6.3.jar with languages [LanguageSpec[languageName=javafml, acceptedVersions=*]]
[15Aug2026 23:32:43.283] [main/DEBUG] [net.minecraftforge.fml.loading.moddiscovery.ModFileParser/LOADING]: Considering mod file candidate /workspaces/server/servidor_minecraft/mods/i_heard_it_too_remastered-1.6.jar
[15Aug2026 23:32:43.283] [main/DEBUG] [net.minecraftforge.fml.loading.moddiscovery.ModFileInfo/LOADING]: Found valid mod file i_heard_it_too_remastered-1.6.jar with {i_heard_it_too_remastered} mods - versions {1.6}
[15Aug2026 23:32:43.283] [main/DEBUG] [net.minecraftforge.fml.loading.moddiscovery.ModFile/LOADING]: Loading mod file /workspaces/server/servidor_minecraft/mods/i_heard_it_too_remastered-1.6.jar with languages [LanguageSpec[languageName=javafml, acceptedVersions=[47,)]]
[15Aug2026 23:32:43.283] [main/DEBUG] [net.minecraftforge.fml.loading.moddiscovery.ModFile/LOADING]: Loading mod file  with languages []
[15Aug2026 23:32:43.283] [main/DEBUG] [net.minecraftforge.fml.loading.moddiscovery.ModFile/LOADING]: Loading mod file  with languages []
[15Aug2026 23:32:43.283] [main/DEBUG] [net.minecraftforge.fml.loading.moddiscovery.ModFile/LOADING]: Loading mod file  with languages []
[15Aug2026 23:32:43.283] [main/DEBUG] [net.minecraftforge.fml.loading.moddiscovery.ModFile/LOADING]: Loading mod file  with languages []
[15Aug2026 23:32:43.283] [main/DEBUG] [net.minecraftforge.fml.loading.moddiscovery.ModFile/LOADING]: Loading mod file  with languages []
[15Aug2026 23:32:43.283] [main/DEBUG] [net.minecraftforge.fml.loading.moddiscovery.ModFile/LOADING]: Loading mod file  with languages []
[15Aug2026 23:32:43.283] [main/DEBUG] [net.minecraftforge.fml.loading.moddiscovery.ModFile/LOADING]: Loading mod file  with languages []
[15Aug2026 23:32:43.283] [main/DEBUG] [net.minecraftforge.fml.loading.moddiscovery.ModFile/LOADING]: Loading mod file  with languages []
[15Aug2026 23:32:43.283] [main/DEBUG] [net.minecraftforge.fml.loading.moddiscovery.ModFile/LOADING]: Loading mod file  with languages []
[15Aug2026 23:32:43.284] [main/DEBUG] [net.minecraftforge.fml.loading.moddiscovery.ModFile/LOADING]: Loading mod file  with languages []
[15Aug2026 23:32:43.284] [main/DEBUG] [net.minecraftforge.fml.loading.moddiscovery.ModFile/LOADING]: Loading mod file  with languages []
[15Aug2026 23:32:43.284] [main/DEBUG] [net.minecraftforge.fml.loading.moddiscovery.ModFile/LOADING]: Loading mod file  with languages []
[15Aug2026 23:32:43.284] [main/DEBUG] [net.minecraftforge.fml.loading.moddiscovery.ModFile/LOADING]: Loading mod file  with languages []
[15Aug2026 23:32:43.284] [main/DEBUG] [net.minecraftforge.fml.loading.moddiscovery.ModFile/LOADING]: Loading mod file  with languages []
[15Aug2026 23:32:43.285] [main/DEBUG] [cpw.mods.modlauncher.TransformationServiceDecorator/MODLAUNCHER]: End scan trigger - transformation service fml
[15Aug2026 23:32:43.295] [main/DEBUG] [net.minecraftforge.fml.loading.LanguageLoadingProvider/CORE]: Found 3 language providers
[15Aug2026 23:32:43.296] [main/DEBUG] [net.minecraftforge.fml.loading.LanguageLoadingProvider/CORE]: Found language provider minecraft, version 1.0
[15Aug2026 23:32:43.296] [main/DEBUG] [net.minecraftforge.fml.loading.LanguageLoadingProvider/CORE]: Found language provider lowcodefml, version 47
[15Aug2026 23:32:43.296] [main/DEBUG] [net.minecraftforge.fml.loading.LanguageLoadingProvider/CORE]: Found language provider javafml, version 47
[15Aug2026 23:32:43.302] [main/DEBUG] [net.minecraftforge.fml.loading.UniqueModListBuilder/]: Found 2 mods for first modid mclib, selecting most recent based on version data
[15Aug2026 23:32:43.302] [main/DEBUG] [net.minecraftforge.fml.loading.UniqueModListBuilder/]: Selected file mclib-20.jar for modid mclib with version 0.0NONE
[15Aug2026 23:32:43.302] [main/DEBUG] [net.minecraftforge.fml.loading.UniqueModListBuilder/]: Found 2 mods for first modid NanoLiveConfig, selecting most recent based on version data
[15Aug2026 23:32:43.302] [main/DEBUG] [net.minecraftforge.fml.loading.UniqueModListBuilder/]: Selected file NanoLiveConfig-1.2.1.jar for modid NanoLiveConfig with version 0.0NONE
[15Aug2026 23:32:43.302] [main/DEBUG] [net.minecraftforge.fml.loading.UniqueModListBuilder/]: Found 2 mods for first modid mixinextras, selecting most recent based on version data
[15Aug2026 23:32:43.303] [main/DEBUG] [net.minecraftforge.fml.loading.UniqueModListBuilder/]: Selected file mixinextras-forge-0.5.2.jar for modid mixinextras with version 0.5.2
[15Aug2026 23:32:43.303] [main/DEBUG] [net.minecraftforge.fml.loading.UniqueModListBuilder/]: Found 2 mods for first modid capabilitysyncer, selecting most recent based on version data
[15Aug2026 23:32:43.303] [main/DEBUG] [net.minecraftforge.fml.loading.UniqueModListBuilder/]: Selected file capabilitysyncer-1.20.1-4.0.1.jar for modid capabilitysyncer with version 4.0.1
[15Aug2026 23:32:43.303] [main/DEBUG] [net.minecraftforge.fml.loading.UniqueModListBuilder/]: Found 2 mods for first modid org.yaml.snakeyaml, selecting most recent based on version data
[15Aug2026 23:32:43.303] [main/DEBUG] [net.minecraftforge.fml.loading.UniqueModListBuilder/]: Selected file snakeyaml-2.2.jar for modid org.yaml.snakeyaml with version 0.0NONE
[15Aug2026 23:32:43.303] [main/DEBUG] [net.minecraftforge.fml.loading.UniqueModListBuilder/]: Found 2 mods for first modid MixinExtras, selecting most recent based on version data
[15Aug2026 23:32:43.303] [main/DEBUG] [net.minecraftforge.fml.loading.UniqueModListBuilder/]: Selected file MixinExtras-0.5.2.jar for modid MixinExtras with version 0.5.2
[15Aug2026 23:32:43.303] [main/DEBUG] [net.minecraftforge.fml.loading.UniqueModListBuilder/]: Found 2 mods for first modid Reflect, selecting most recent based on version data
[15Aug2026 23:32:43.303] [main/DEBUG] [net.minecraftforge.fml.loading.UniqueModListBuilder/]: Selected file Reflect-1.6.2.jar for modid Reflect with version 0.0NONE
[15Aug2026 23:32:43.305] [main/DEBUG] [net.minecraftforge.fml.loading.ModSorter/]: Configured system mods: [minecraft, forge]
[15Aug2026 23:32:43.305] [main/DEBUG] [net.minecraftforge.fml.loading.ModSorter/]: Found system mod: minecraft
[15Aug2026 23:32:43.305] [main/DEBUG] [net.minecraftforge.fml.loading.ModSorter/]: Found system mod: forge
[15Aug2026 23:32:43.307] [main/DEBUG] [net.minecraftforge.fml.loading.ModSorter/LOADING]: Found 140 mod requirements (117 mandatory, 23 optional)
[15Aug2026 23:32:43.308] [main/DEBUG] [net.minecraftforge.fml.loading.ModSorter/LOADING]: Found 0 mod requirements missing (0 mandatory, 0 optional)
[15Aug2026 23:32:43.976] [main/DEBUG] [cpw.mods.modlauncher.TransformationServicesHandler/MODLAUNCHER]: Transformation services loading transformers
[15Aug2026 23:32:43.976] [main/DEBUG] [cpw.mods.modlauncher.TransformationServiceDecorator/MODLAUNCHER]: Initializing transformers for transformation service mixin
[15Aug2026 23:32:43.977] [main/DEBUG] [cpw.mods.modlauncher.TransformationServiceDecorator/MODLAUNCHER]: Initialized transformers for transformation service mixin
[15Aug2026 23:32:43.977] [main/DEBUG] [cpw.mods.modlauncher.TransformationServiceDecorator/MODLAUNCHER]: Initializing transformers for transformation service fml
[15Aug2026 23:32:43.977] [main/DEBUG] [net.minecraftforge.fml.loading.FMLServiceProvider/CORE]: Loading coremod transformers
[15Aug2026 23:32:43.977] [main/DEBUG] [net.minecraftforge.coremod.CoreModEngine/COREMOD]: Loading CoreMod from META-INF/xaeroworldmap_core.js
[15Aug2026 23:32:44.248] [main/DEBUG] [net.minecraftforge.coremod.CoreModEngine/COREMOD]: CoreMod loaded successfully
[15Aug2026 23:32:44.248] [main/DEBUG] [net.minecraftforge.coremod.CoreModEngine/COREMOD]: Loading CoreMod from coremods/field_to_method.js
[15Aug2026 23:32:44.298] [main/DEBUG] [net.minecraftforge.coremod.CoreModEngine/COREMOD]: CoreMod loaded successfully
[15Aug2026 23:32:44.298] [main/DEBUG] [net.minecraftforge.coremod.CoreModEngine/COREMOD]: Loading CoreMod from coremods/field_to_instanceof.js
[15Aug2026 23:32:44.355] [main/DEBUG] [net.minecraftforge.coremod.CoreModEngine/COREMOD]: CoreMod loaded successfully
[15Aug2026 23:32:44.356] [main/DEBUG] [net.minecraftforge.coremod.CoreModEngine/COREMOD]: Loading CoreMod from coremods/add_bouncer_method.js
[15Aug2026 23:32:44.383] [main/DEBUG] [net.minecraftforge.coremod.CoreModEngine/COREMOD]: CoreMod loaded successfully
[15Aug2026 23:32:44.383] [main/DEBUG] [net.minecraftforge.coremod.CoreModEngine/COREMOD]: Loading CoreMod from coremods/method_redirector.js
[15Aug2026 23:32:44.469] [main/DEBUG] [net.minecraftforge.coremod.CoreModEngine/COREMOD]: CoreMod loaded successfully
[15Aug2026 23:32:44.470] [main/DEBUG] [net.minecraftforge.coremod.CoreModEngine/COREMOD]: Loading CoreMod from asm/CreativeModeTab.js
[15Aug2026 23:32:44.483] [main/DEBUG] [net.minecraftforge.coremod.CoreModEngine/COREMOD]: CoreMod loaded successfully
[15Aug2026 23:32:44.484] [main/DEBUG] [net.minecraftforge.coremod.CoreModEngine/COREMOD]: Loading CoreMod from asm/Merchant.js
[15Aug2026 23:32:44.512] [main/DEBUG] [net.minecraftforge.coremod.CoreModEngine/COREMOD]: CoreMod loaded successfully
[15Aug2026 23:32:44.512] [main/DEBUG] [net.minecraftforge.coremod.CoreModEngine/COREMOD]: Loading CoreMod from asm/DataFixers.js
[15Aug2026 23:32:44.530] [main/DEBUG] [net.minecraftforge.coremod.CoreModEngine/COREMOD]: CoreMod loaded successfully
[15Aug2026 23:32:44.547] [main/DEBUG] [cpw.mods.modlauncher.TransformStore/MODLAUNCHER]: Adding transformer net.minecraftforge.coremod.transformer.CoreModClassTransformer@789c3057 to Target : CLASS {Lnet/minecraft/world/level/biome/Biome;} {} {V}
[15Aug2026 23:32:44.548] [main/DEBUG] [cpw.mods.modlauncher.TransformStore/MODLAUNCHER]: Adding transformer net.minecraftforge.coremod.transformer.CoreModClassTransformer@60cb1ed6 to Target : CLASS {Lnet/minecraft/world/level/levelgen/structure/Structure;} {} {V}
[15Aug2026 23:32:44.548] [main/DEBUG] [cpw.mods.modlauncher.TransformStore/MODLAUNCHER]: Adding transformer net.minecraftforge.coremod.transformer.CoreModClassTransformer@1e5eb20a to Target : CLASS {Lnet/minecraft/world/effect/MobEffectInstance;} {} {V}
[15Aug2026 23:32:44.548] [main/DEBUG] [cpw.mods.modlauncher.TransformStore/MODLAUNCHER]: Adding transformer net.minecraftforge.coremod.transformer.CoreModClassTransformer@4538856f to Target : CLASS {Lnet/minecraft/world/level/block/LiquidBlock;} {} {V}
[15Aug2026 23:32:44.548] [main/DEBUG] [cpw.mods.modlauncher.TransformStore/MODLAUNCHER]: Adding transformer net.minecraftforge.coremod.transformer.CoreModClassTransformer@4c3de38e to Target : CLASS {Lnet/minecraft/world/item/BucketItem;} {} {V}
[15Aug2026 23:32:44.548] [main/DEBUG] [cpw.mods.modlauncher.TransformStore/MODLAUNCHER]: Adding transformer net.minecraftforge.coremod.transformer.CoreModClassTransformer@74b86971 to Target : CLASS {Lnet/minecraft/world/level/block/StairBlock;} {} {V}
[15Aug2026 23:32:44.548] [main/DEBUG] [cpw.mods.modlauncher.TransformStore/MODLAUNCHER]: Adding transformer net.minecraftforge.coremod.transformer.CoreModClassTransformer@1f9d4b0e to Target : CLASS {Lnet/minecraft/world/level/block/FlowerPotBlock;} {} {V}
[15Aug2026 23:32:44.548] [main/DEBUG] [cpw.mods.modlauncher.TransformStore/MODLAUNCHER]: Adding transformer net.minecraftforge.coremod.transformer.CoreModClassTransformer@1e8fb66f to Target : CLASS {Lnet/minecraft/world/item/ItemStack;} {} {V}
[15Aug2026 23:32:44.548] [main/DEBUG] [cpw.mods.modlauncher.TransformStore/MODLAUNCHER]: Adding transformer net.minecraftforge.coremod.transformer.CoreModClassTransformer@3d8d17a3 to Target : CLASS {Lnet/minecraft/network/play/client/CClientSettingsPacket;} {} {V}
[15Aug2026 23:32:44.551] [main/DEBUG] [cpw.mods.modlauncher.TransformStore/MODLAUNCHER]: Adding transformer net.minecraftforge.coremod.transformer.CoreModClassTransformer@ac91282 to Target : CLASS {Lnet/minecraft/world/entity/raid/Raid;} {} {V}
[15Aug2026 23:32:44.551] [main/DEBUG] [cpw.mods.modlauncher.TransformStore/MODLAUNCHER]: Adding transformer net.minecraftforge.coremod.transformer.CoreModClassTransformer@ac91282 to Target : CLASS {Lnet/minecraft/world/level/NaturalSpawner;} {} {V}
[15Aug2026 23:32:44.552] [main/DEBUG] [cpw.mods.modlauncher.TransformStore/MODLAUNCHER]: Adding transformer net.minecraftforge.coremod.transformer.CoreModClassTransformer@ac91282 to Target : CLASS {Lnet/minecraft/world/entity/animal/frog/Tadpole;} {} {V}
[15Aug2026 23:32:44.552] [main/DEBUG] [cpw.mods.modlauncher.TransformStore/MODLAUNCHER]: Adding transformer net.minecraftforge.coremod.transformer.CoreModClassTransformer@ac91282 to Target : CLASS {Lnet/minecraft/server/commands/RaidCommand;} {} {V}
[15Aug2026 23:32:44.552] [main/DEBUG] [cpw.mods.modlauncher.TransformStore/MODLAUNCHER]: Adding transformer net.minecraftforge.coremod.transformer.CoreModClassTransformer@ac91282 to Target : CLASS {Lnet/minecraft/server/commands/SummonCommand;} {} {V}
[15Aug2026 23:32:44.552] [main/DEBUG] [cpw.mods.modlauncher.TransformStore/MODLAUNCHER]: Adding transformer net.minecraftforge.coremod.transformer.CoreModClassTransformer@ac91282 to Target : CLASS {Lnet/minecraft/world/entity/monster/Strider;} {} {V}
[15Aug2026 23:32:44.552] [main/DEBUG] [cpw.mods.modlauncher.TransformStore/MODLAUNCHER]: Adding transformer net.minecraftforge.coremod.transformer.CoreModClassTransformer@ac91282 to Target : CLASS {Lnet/minecraft/world/level/levelgen/structure/structures/OceanRuinPieces$OceanRuinPiece;} {} {V}
[15Aug2026 23:32:44.552] [main/DEBUG] [cpw.mods.modlauncher.TransformStore/MODLAUNCHER]: Adding transformer net.minecraftforge.coremod.transformer.CoreModClassTransformer@ac91282 to Target : CLASS {Lnet/minecraft/world/entity/ai/village/VillageSiege;} {} {V}
[15Aug2026 23:32:44.552] [main/DEBUG] [cpw.mods.modlauncher.TransformStore/MODLAUNCHER]: Adding transformer net.minecraftforge.coremod.transformer.CoreModClassTransformer@ac91282 to Target : CLASS {Lnet/minecraft/world/entity/npc/Villager;} {} {V}
[15Aug2026 23:32:44.552] [main/DEBUG] [cpw.mods.modlauncher.TransformStore/MODLAUNCHER]: Adding transformer net.minecraftforge.coremod.transformer.CoreModClassTransformer@ac91282 to Target : CLASS {Lnet/minecraft/world/entity/monster/Spider;} {} {V}
[15Aug2026 23:32:44.552] [main/DEBUG] [cpw.mods.modlauncher.TransformStore/MODLAUNCHER]: Adding transformer net.minecraftforge.coremod.transformer.CoreModClassTransformer@ac91282 to Target : CLASS {Lnet/minecraft/world/entity/EntityType;} {} {V}
[15Aug2026 23:32:44.552] [main/DEBUG] [cpw.mods.modlauncher.TransformStore/MODLAUNCHER]: Adding transformer net.minecraftforge.coremod.transformer.CoreModClassTransformer@ac91282 to Target : CLASS {Lnet/minecraft/world/level/levelgen/structure/structures/OceanMonumentPieces$OceanMonumentPiece;} {} {V}
[15Aug2026 23:32:44.552] [main/DEBUG] [cpw.mods.modlauncher.TransformStore/MODLAUNCHER]: Adding transformer net.minecraftforge.coremod.transformer.CoreModClassTransformer@ac91282 to Target : CLASS {Lnet/minecraft/world/entity/animal/horse/SkeletonTrapGoal;} {} {V}
[15Aug2026 23:32:44.552] [main/DEBUG] [cpw.mods.modlauncher.TransformStore/MODLAUNCHER]: Adding transformer net.minecraftforge.coremod.transformer.CoreModClassTransformer@ac91282 to Target : CLASS {Lnet/minecraft/world/entity/monster/Zombie;} {} {V}
[15Aug2026 23:32:44.552] [main/DEBUG] [cpw.mods.modlauncher.TransformStore/MODLAUNCHER]: Adding transformer net.minecraftforge.coremod.transformer.CoreModClassTransformer@ac91282 to Target : CLASS {Lnet/minecraft/world/entity/npc/CatSpawner;} {} {V}
[15Aug2026 23:32:44.552] [main/DEBUG] [cpw.mods.modlauncher.TransformStore/MODLAUNCHER]: Adding transformer net.minecraftforge.coremod.transformer.CoreModClassTransformer@ac91282 to Target : CLASS {Lnet/minecraft/world/level/levelgen/structure/templatesystem/StructureTemplate;} {} {V}
[15Aug2026 23:32:44.552] [main/DEBUG] [cpw.mods.modlauncher.TransformStore/MODLAUNCHER]: Adding transformer net.minecraftforge.coremod.transformer.CoreModClassTransformer@ac91282 to Target : CLASS {Lnet/minecraft/world/level/levelgen/PhantomSpawner;} {} {V}
[15Aug2026 23:32:44.553] [main/DEBUG] [cpw.mods.modlauncher.TransformStore/MODLAUNCHER]: Adding transformer net.minecraftforge.coremod.transformer.CoreModClassTransformer@ac91282 to Target : CLASS {Lnet/minecraft/world/entity/monster/ZombieVillager;} {} {V}
[15Aug2026 23:32:44.553] [main/DEBUG] [cpw.mods.modlauncher.TransformStore/MODLAUNCHER]: Adding transformer net.minecraftforge.coremod.transformer.CoreModClassTransformer@ac91282 to Target : CLASS {Lnet/minecraft/world/level/levelgen/structure/structures/SwampHutPiece;} {} {V}
[15Aug2026 23:32:44.553] [main/DEBUG] [cpw.mods.modlauncher.TransformStore/MODLAUNCHER]: Adding transformer net.minecraftforge.coremod.transformer.CoreModClassTransformer@ac91282 to Target : CLASS {Lnet/minecraft/world/entity/monster/Evoker$EvokerSummonSpellGoal;} {} {V}
[15Aug2026 23:32:44.553] [main/DEBUG] [cpw.mods.modlauncher.TransformStore/MODLAUNCHER]: Adding transformer net.minecraftforge.coremod.transformer.CoreModClassTransformer@ac91282 to Target : CLASS {Lnet/minecraft/world/level/levelgen/PatrolSpawner;} {} {V}
[15Aug2026 23:32:44.553] [main/DEBUG] [cpw.mods.modlauncher.TransformStore/MODLAUNCHER]: Adding transformer net.minecraftforge.coremod.transformer.CoreModClassTransformer@ac91282 to Target : CLASS {Lnet/minecraft/world/level/levelgen/structure/structures/WoodlandMansionPieces$WoodlandMansionPiece;} {} {V}
[15Aug2026 23:32:44.553] [main/DEBUG] [cpw.mods.modlauncher.TransformStore/MODLAUNCHER]: Adding transformer net.minecraftforge.coremod.transformer.CoreModClassTransformer@7f79edee to Target : CLASS {Lnet/minecraft/world/item/CreativeModeTab;} {} {V}
[15Aug2026 23:32:44.553] [main/DEBUG] [cpw.mods.modlauncher.TransformStore/MODLAUNCHER]: Adding transformer net.minecraftforge.coremod.transformer.CoreModClassTransformer@1ca610a0 to Target : CLASS {Lnet/minecraft/world/inventory/MerchantMenu;} {} {V}
[15Aug2026 23:32:44.553] [main/DEBUG] [cpw.mods.modlauncher.TransformStore/MODLAUNCHER]: Adding transformer net.minecraftforge.coremod.transformer.CoreModClassTransformer@49433c98 to Target : CLASS {Lnet/minecraft/util/datafix/DataFixers;} {} {V}
[15Aug2026 23:32:44.553] [main/DEBUG] [cpw.mods.modlauncher.TransformationServiceDecorator/MODLAUNCHER]: Initialized transformers for transformation service fml
[15Aug2026 23:32:46.417] [main/DEBUG] [mixin/]: Processing prepare() for PlatformAgent[MixinPlatformAgentDefault:ModLauncher Root Container(ModLauncher:4f56a0a2)]
[15Aug2026 23:32:46.417] [main/DEBUG] [mixin/]: Processing launch tasks for PlatformAgent[MixinPlatformAgentDefault:ModLauncher Root Container(ModLauncher:4f56a0a2)]
[15Aug2026 23:32:46.417] [main/DEBUG] [mixin/]: Adding mixin platform agents for container SecureJarResource(radium)
[15Aug2026 23:32:46.418] [main/DEBUG] [mixin/]: Instancing new MixinPlatformAgentMinecraftForge for SecureJarResource(radium)
[15Aug2026 23:32:46.418] [main/DEBUG] [mixin/]: MixinPlatformAgentMinecraftForge rejected container SecureJarResource(radium)
[15Aug2026 23:32:46.418] [main/DEBUG] [mixin/]: Instancing new MixinPlatformAgentDefault for SecureJarResource(radium)
[15Aug2026 23:32:46.418] [main/DEBUG] [mixin/]: MixinPlatformAgentDefault accepted container SecureJarResource(radium)
[15Aug2026 23:32:46.418] [main/DEBUG] [mixin/]: Processing prepare() for PlatformAgent[MixinPlatformAgentDefault:SecureJarResource(radium)]
[15Aug2026 23:32:46.418] [main/DEBUG] [mixin/]: Registering mixin config: lithium.mixins.json
[15Aug2026 23:32:46.456] [main/DEBUG] [mixin/]: Adding mixin platform agents for container SecureJarResource(kuma_api)
[15Aug2026 23:32:46.457] [main/DEBUG] [mixin/]: Instancing new MixinPlatformAgentMinecraftForge for SecureJarResource(kuma_api)
[15Aug2026 23:32:46.457] [main/DEBUG] [mixin/]: MixinPlatformAgentMinecraftForge rejected container SecureJarResource(kuma_api)
[15Aug2026 23:32:46.457] [main/DEBUG] [mixin/]: Instancing new MixinPlatformAgentDefault for SecureJarResource(kuma_api)
[15Aug2026 23:32:46.457] [main/DEBUG] [mixin/]: MixinPlatformAgentDefault accepted container SecureJarResource(kuma_api)
[15Aug2026 23:32:46.457] [main/DEBUG] [mixin/]: Processing prepare() for PlatformAgent[MixinPlatformAgentDefault:SecureJarResource(kuma_api)]
[15Aug2026 23:32:46.457] [main/DEBUG] [mixin/]: Registering mixin config: kuma_api.mixins.json
[15Aug2026 23:32:46.460] [main/DEBUG] [mixin/]: Compatibility level JAVA_17 specified by kuma_api.mixins.json is higher than the maximum level supported by this version of mixin (JAVA_13).
[15Aug2026 23:32:46.464] [main/INFO] [mixin/]: Compatibility level set to JAVA_17
[15Aug2026 23:32:46.465] [main/DEBUG] [mixin/]: Registering mixin config: kuma_api.forge.mixins.json
[15Aug2026 23:32:46.469] [main/DEBUG] [mixin/]: Adding mixin platform agents for container SecureJarResource(mr_epic_structuresvillages)
[15Aug2026 23:32:46.469] [main/DEBUG] [mixin/]: Instancing new MixinPlatformAgentMinecraftForge for SecureJarResource(mr_epic_structuresvillages)
[15Aug2026 23:32:46.469] [main/DEBUG] [mixin/]: MixinPlatformAgentMinecraftForge rejected container SecureJarResource(mr_epic_structuresvillages)
[15Aug2026 23:32:46.469] [main/DEBUG] [mixin/]: Instancing new MixinPlatformAgentDefault for SecureJarResource(mr_epic_structuresvillages)
[15Aug2026 23:32:46.469] [main/DEBUG] [mixin/]: MixinPlatformAgentDefault accepted container SecureJarResource(mr_epic_structuresvillages)
[15Aug2026 23:32:46.469] [main/DEBUG] [mixin/]: Processing prepare() for PlatformAgent[MixinPlatformAgentDefault:SecureJarResource(mr_epic_structuresvillages)]
[15Aug2026 23:32:46.469] [main/DEBUG] [mixin/]: Adding mixin platform agents for container SecureJarResource(geckolib)
[15Aug2026 23:32:46.469] [main/DEBUG] [mixin/]: Instancing new MixinPlatformAgentMinecraftForge for SecureJarResource(geckolib)
[15Aug2026 23:32:46.469] [main/DEBUG] [mixin/]: MixinPlatformAgentMinecraftForge rejected container SecureJarResource(geckolib)
[15Aug2026 23:32:46.469] [main/DEBUG] [mixin/]: Instancing new MixinPlatformAgentDefault for SecureJarResource(geckolib)
[15Aug2026 23:32:46.469] [main/DEBUG] [mixin/]: MixinPlatformAgentDefault accepted container SecureJarResource(geckolib)
[15Aug2026 23:32:46.469] [main/DEBUG] [mixin/]: Processing prepare() for PlatformAgent[MixinPlatformAgentDefault:SecureJarResource(geckolib)]
[15Aug2026 23:32:46.469] [main/DEBUG] [mixin/]: Registering mixin config: geckolib.mixins.json
[15Aug2026 23:32:46.475] [main/DEBUG] [mixin/]: Adding mixin platform agents for container SecureJarResource(playeranimator)
[15Aug2026 23:32:46.475] [main/DEBUG] [mixin/]: Instancing new MixinPlatformAgentMinecraftForge for SecureJarResource(playeranimator)
[15Aug2026 23:32:46.475] [main/DEBUG] [mixin/]: MixinPlatformAgentMinecraftForge rejected container SecureJarResource(playeranimator)
[15Aug2026 23:32:46.476] [main/DEBUG] [mixin/]: Instancing new MixinPlatformAgentDefault for SecureJarResource(playeranimator)
[15Aug2026 23:32:46.476] [main/DEBUG] [mixin/]: MixinPlatformAgentDefault accepted container SecureJarResource(playeranimator)
[15Aug2026 23:32:46.476] [main/DEBUG] [mixin/]: Processing prepare() for PlatformAgent[MixinPlatformAgentDefault:SecureJarResource(playeranimator)]
[15Aug2026 23:32:46.476] [main/DEBUG] [mixin/]: Registering mixin config: playerAnimator-common.mixins.json
[15Aug2026 23:32:46.479] [main/DEBUG] [mixin/]: Compatibility level JAVA_16 specified by playerAnimator-common.mixins.json is higher than the maximum level supported by this version of mixin (JAVA_13).
[15Aug2026 23:32:46.479] [main/DEBUG] [mixin/]: Adding mixin platform agents for container SecureJarResource(jei)
[15Aug2026 23:32:46.480] [main/DEBUG] [mixin/]: Instancing new MixinPlatformAgentMinecraftForge for SecureJarResource(jei)
[15Aug2026 23:32:46.480] [main/DEBUG] [mixin/]: MixinPlatformAgentMinecraftForge rejected container SecureJarResource(jei)
[15Aug2026 23:32:46.480] [main/DEBUG] [mixin/]: Instancing new MixinPlatformAgentDefault for SecureJarResource(jei)
[15Aug2026 23:32:46.480] [main/DEBUG] [mixin/]: MixinPlatformAgentDefault accepted container SecureJarResource(jei)
[15Aug2026 23:32:46.480] [main/DEBUG] [mixin/]: Processing prepare() for PlatformAgent[MixinPlatformAgentDefault:SecureJarResource(jei)]
[15Aug2026 23:32:46.480] [main/DEBUG] [mixin/]: Adding mixin platform agents for container SecureJarResource(firstperson)
[15Aug2026 23:32:46.480] [main/DEBUG] [mixin/]: Instancing new MixinPlatformAgentMinecraftForge for SecureJarResource(firstperson)
[15Aug2026 23:32:46.480] [main/DEBUG] [mixin/]: MixinPlatformAgentMinecraftForge rejected container SecureJarResource(firstperson)
[15Aug2026 23:32:46.480] [main/DEBUG] [mixin/]: Instancing new MixinPlatformAgentDefault for SecureJarResource(firstperson)
[15Aug2026 23:32:46.480] [main/DEBUG] [mixin/]: MixinPlatformAgentDefault accepted container SecureJarResource(firstperson)
[15Aug2026 23:32:46.480] [main/DEBUG] [mixin/]: Processing prepare() for PlatformAgent[MixinPlatformAgentDefault:SecureJarResource(firstperson)]
[15Aug2026 23:32:46.480] [main/DEBUG] [mixin/]: Registering mixin config: firstperson.mixins.json
[15Aug2026 23:32:46.483] [main/DEBUG] [mixin/]: Compatibility level JAVA_8 specified by firstperson.mixins.json is lower than the default level supported by the current mixin service (JAVA_16).
[15Aug2026 23:32:46.486] [main/ERROR] [mixin/]: Mixin config firstperson.mixins.json does not specify "minVersion" property
[15Aug2026 23:32:46.487] [main/DEBUG] [mixin/]: Adding mixin platform agents for container SecureJarResource(visualworkbench)
[15Aug2026 23:32:46.487] [main/DEBUG] [mixin/]: Instancing new MixinPlatformAgentMinecraftForge for SecureJarResource(visualworkbench)
[15Aug2026 23:32:46.487] [main/DEBUG] [mixin/]: MixinPlatformAgentMinecraftForge rejected container SecureJarResource(visualworkbench)
[15Aug2026 23:32:46.487] [main/DEBUG] [mixin/]: Instancing new MixinPlatformAgentDefault for SecureJarResource(visualworkbench)
[15Aug2026 23:32:46.487] [main/DEBUG] [mixin/]: MixinPlatformAgentDefault accepted container SecureJarResource(visualworkbench)
[15Aug2026 23:32:46.487] [main/DEBUG] [mixin/]: Processing prepare() for PlatformAgent[MixinPlatformAgentDefault:SecureJarResource(visualworkbench)]
[15Aug2026 23:32:46.487] [main/DEBUG] [mixin/]: Registering mixin config: visualworkbench.common.mixins.json
[15Aug2026 23:32:46.489] [main/DEBUG] [mixin/]: Adding mixin platform agents for container SecureJarResource(xaerolib)
[15Aug2026 23:32:46.489] [main/DEBUG] [mixin/]: Instancing new MixinPlatformAgentMinecraftForge for SecureJarResource(xaerolib)
[15Aug2026 23:32:46.489] [main/DEBUG] [mixin/]: MixinPlatformAgentMinecraftForge rejected container SecureJarResource(xaerolib)
[15Aug2026 23:32:46.489] [main/DEBUG] [mixin/]: Instancing new MixinPlatformAgentDefault for SecureJarResource(xaerolib)
[15Aug2026 23:32:46.489] [main/DEBUG] [mixin/]: MixinPlatformAgentDefault accepted container SecureJarResource(xaerolib)
[15Aug2026 23:32:46.489] [main/DEBUG] [mixin/]: Processing prepare() for PlatformAgent[MixinPlatformAgentDefault:SecureJarResource(xaerolib)]
[15Aug2026 23:32:46.490] [main/DEBUG] [mixin/]: Registering mixin config: xaerolib.mixins.json
[15Aug2026 23:32:46.491] [main/DEBUG] [mixin/]: Registering mixin config: xaerolib.forge.mixins.json
[15Aug2026 23:32:46.493] [main/DEBUG] [mixin/]: Adding mixin platform agents for container SecureJarResource(trmt)
[15Aug2026 23:32:46.493] [main/DEBUG] [mixin/]: Instancing new MixinPlatformAgentMinecraftForge for SecureJarResource(trmt)
[15Aug2026 23:32:46.493] [main/DEBUG] [mixin/]: MixinPlatformAgentMinecraftForge rejected container SecureJarResource(trmt)
[15Aug2026 23:32:46.493] [main/DEBUG] [mixin/]: Instancing new MixinPlatformAgentDefault for SecureJarResource(trmt)
[15Aug2026 23:32:46.493] [main/DEBUG] [mixin/]: MixinPlatformAgentDefault accepted container SecureJarResource(trmt)
[15Aug2026 23:32:46.493] [main/DEBUG] [mixin/]: Processing prepare() for PlatformAgent[MixinPlatformAgentDefault:SecureJarResource(trmt)]
[15Aug2026 23:32:46.493] [main/DEBUG] [mixin/]: Registering mixin config: trmt.mixins.json
[15Aug2026 23:32:46.496] [main/DEBUG] [mixin/]: Adding mixin platform agents for container SecureJarResource(trender)
[15Aug2026 23:32:46.496] [main/DEBUG] [mixin/]: Instancing new MixinPlatformAgentMinecraftForge for SecureJarResource(trender)
[15Aug2026 23:32:46.497] [main/DEBUG] [mixin/]: MixinPlatformAgentMinecraftForge rejected container SecureJarResource(trender)
[15Aug2026 23:32:46.497] [main/DEBUG] [mixin/]: Instancing new MixinPlatformAgentDefault for SecureJarResource(trender)
[15Aug2026 23:32:46.497] [main/DEBUG] [mixin/]: MixinPlatformAgentDefault accepted container SecureJarResource(trender)
[15Aug2026 23:32:46.497] [main/DEBUG] [mixin/]: Processing prepare() for PlatformAgent[MixinPlatformAgentDefault:SecureJarResource(trender)]
[15Aug2026 23:32:46.497] [main/DEBUG] [mixin/]: Registering mixin config: trender.mixins.json
[15Aug2026 23:32:46.499] [main/DEBUG] [mixin/]: Adding mixin platform agents for container SecureJarResource(waystones)
[15Aug2026 23:32:46.499] [main/DEBUG] [mixin/]: Instancing new MixinPlatformAgentMinecraftForge for SecureJarResource(waystones)
[15Aug2026 23:32:46.499] [main/DEBUG] [mixin/]: MixinPlatformAgentMinecraftForge rejected container SecureJarResource(waystones)
[15Aug2026 23:32:46.499] [main/DEBUG] [mixin/]: Instancing new MixinPlatformAgentDefault for SecureJarResource(waystones)
[15Aug2026 23:32:46.499] [main/DEBUG] [mixin/]: MixinPlatformAgentDefault accepted container SecureJarResource(waystones)
[15Aug2026 23:32:46.499] [main/DEBUG] [mixin/]: Processing prepare() for PlatformAgent[MixinPlatformAgentDefault:SecureJarResource(waystones)]
[15Aug2026 23:32:46.499] [main/DEBUG] [mixin/]: Registering mixin config: waystones.mixins.json
[15Aug2026 23:32:46.503] [main/DEBUG] [mixin/]: Adding mixin platform agents for container SecureJarResource(structory)
[15Aug2026 23:32:46.503] [main/DEBUG] [mixin/]: Instancing new MixinPlatformAgentMinecraftForge for SecureJarResource(structory)
[15Aug2026 23:32:46.503] [main/DEBUG] [mixin/]: MixinPlatformAgentMinecraftForge rejected container SecureJarResource(structory)
[15Aug2026 23:32:46.503] [main/DEBUG] [mixin/]: Instancing new MixinPlatformAgentDefault for SecureJarResource(structory)
[15Aug2026 23:32:46.503] [main/DEBUG] [mixin/]: MixinPlatformAgentDefault accepted container SecureJarResource(structory)
[15Aug2026 23:32:46.503] [main/DEBUG] [mixin/]: Processing prepare() for PlatformAgent[MixinPlatformAgentDefault:SecureJarResource(structory)]
[15Aug2026 23:32:46.503] [main/DEBUG] [mixin/]: Adding mixin platform agents for container SecureJarResource(clumps)
[15Aug2026 23:32:46.503] [main/DEBUG] [mixin/]: Instancing new MixinPlatformAgentMinecraftForge for SecureJarResource(clumps)
[15Aug2026 23:32:46.503] [main/DEBUG] [mixin/]: MixinPlatformAgentMinecraftForge rejected container SecureJarResource(clumps)
[15Aug2026 23:32:46.504] [main/DEBUG] [mixin/]: Instancing new MixinPlatformAgentDefault for SecureJarResource(clumps)
[15Aug2026 23:32:46.504] [main/DEBUG] [mixin/]: MixinPlatformAgentDefault accepted container SecureJarResource(clumps)
[15Aug2026 23:32:46.505] [main/DEBUG] [mixin/]: Processing prepare() for PlatformAgent[MixinPlatformAgentDefault:SecureJarResource(clumps)]
[15Aug2026 23:32:46.505] [main/DEBUG] [mixin/]: Registering mixin config: clumps.mixins.json
[15Aug2026 23:32:46.507] [main/DEBUG] [mixin/]: Adding mixin platform agents for container SecureJarResource(xaeroworldmap)
[15Aug2026 23:32:46.507] [main/DEBUG] [mixin/]: Instancing new MixinPlatformAgentMinecraftForge for SecureJarResource(xaeroworldmap)
[15Aug2026 23:32:46.508] [main/DEBUG] [mixin/]: MixinPlatformAgentMinecraftForge rejected container SecureJarResource(xaeroworldmap)
[15Aug2026 23:32:46.508] [main/DEBUG] [mixin/]: Instancing new MixinPlatformAgentDefault for SecureJarResource(xaeroworldmap)
[15Aug2026 23:32:46.508] [main/DEBUG] [mixin/]: MixinPlatformAgentDefault accepted container SecureJarResource(xaeroworldmap)
[15Aug2026 23:32:46.508] [main/DEBUG] [mixin/]: Processing prepare() for PlatformAgent[MixinPlatformAgentDefault:SecureJarResource(xaeroworldmap)]
[15Aug2026 23:32:46.508] [main/DEBUG] [mixin/]: Registering mixin config: xaeroworldmap.mixins.json
[15Aug2026 23:32:46.510] [main/DEBUG] [mixin/]: Registering mixin config: xaeroworldmap.forge.mixins.json
[15Aug2026 23:32:46.512] [main/DEBUG] [mixin/]: Adding mixin platform agents for container SecureJarResource(modernfix)
[15Aug2026 23:32:46.512] [main/DEBUG] [mixin/]: Instancing new MixinPlatformAgentMinecraftForge for SecureJarResource(modernfix)
[15Aug2026 23:32:46.512] [main/DEBUG] [mixin/]: MixinPlatformAgentMinecraftForge rejected container SecureJarResource(modernfix)
[15Aug2026 23:32:46.512] [main/DEBUG] [mixin/]: Instancing new MixinPlatformAgentDefault for SecureJarResource(modernfix)
[15Aug2026 23:32:46.512] [main/DEBUG] [mixin/]: MixinPlatformAgentDefault accepted container SecureJarResource(modernfix)
[15Aug2026 23:32:46.512] [main/DEBUG] [mixin/]: Processing prepare() for PlatformAgent[MixinPlatformAgentDefault:SecureJarResource(modernfix)]
[15Aug2026 23:32:46.512] [main/DEBUG] [mixin/]: Registering mixin config: modernfix-modernfix.mixins.json
[15Aug2026 23:32:46.516] [main/DEBUG] [mixin/]: Adding mixin platform agents for container SecureJarResource(citadel)
[15Aug2026 23:32:46.516] [main/DEBUG] [mixin/]: Instancing new MixinPlatformAgentMinecraftForge for SecureJarResource(citadel)
[15Aug2026 23:32:46.516] [main/DEBUG] [mixin/]: MixinPlatformAgentMinecraftForge rejected container SecureJarResource(citadel)
[15Aug2026 23:32:46.517] [main/DEBUG] [mixin/]: Instancing new MixinPlatformAgentDefault for SecureJarResource(citadel)
[15Aug2026 23:32:46.517] [main/DEBUG] [mixin/]: MixinPlatformAgentDefault accepted container SecureJarResource(citadel)
[15Aug2026 23:32:46.517] [main/DEBUG] [mixin/]: Processing prepare() for PlatformAgent[MixinPlatformAgentDefault:SecureJarResource(citadel)]
[15Aug2026 23:32:46.517] [main/DEBUG] [mixin/]: Registering mixin config: citadel.mixins.json
[15Aug2026 23:32:46.519] [main/DEBUG] [mixin/]: Adding mixin platform agents for container SecureJarResource(alexsmobs)
[15Aug2026 23:32:46.519] [main/DEBUG] [mixin/]: Instancing new MixinPlatformAgentMinecraftForge for SecureJarResource(alexsmobs)
[15Aug2026 23:32:46.519] [main/DEBUG] [mixin/]: MixinPlatformAgentMinecraftForge rejected container SecureJarResource(alexsmobs)
[15Aug2026 23:32:46.519] [main/DEBUG] [mixin/]: Instancing new MixinPlatformAgentDefault for SecureJarResource(alexsmobs)
[15Aug2026 23:32:46.519] [main/DEBUG] [mixin/]: MixinPlatformAgentDefault accepted container SecureJarResource(alexsmobs)
[15Aug2026 23:32:46.519] [main/DEBUG] [mixin/]: Processing prepare() for PlatformAgent[MixinPlatformAgentDefault:SecureJarResource(alexsmobs)]
[15Aug2026 23:32:46.520] [main/DEBUG] [mixin/]: Registering mixin config: citadel.mixins.json
[15Aug2026 23:32:46.520] [main/DEBUG] [mixin/]: Adding mixin platform agents for container SecureJarResource(travelersbackpack)
[15Aug2026 23:32:46.520] [main/DEBUG] [mixin/]: Instancing new MixinPlatformAgentMinecraftForge for SecureJarResource(travelersbackpack)
[15Aug2026 23:32:46.520] [main/DEBUG] [mixin/]: MixinPlatformAgentMinecraftForge rejected container SecureJarResource(travelersbackpack)
[15Aug2026 23:32:46.520] [main/DEBUG] [mixin/]: Instancing new MixinPlatformAgentDefault for SecureJarResource(travelersbackpack)
[15Aug2026 23:32:46.520] [main/DEBUG] [mixin/]: MixinPlatformAgentDefault accepted container SecureJarResource(travelersbackpack)
[15Aug2026 23:32:46.521] [main/DEBUG] [mixin/]: Processing prepare() for PlatformAgent[MixinPlatformAgentDefault:SecureJarResource(travelersbackpack)]
[15Aug2026 23:32:46.521] [main/DEBUG] [mixin/]: Registering mixin config: mixins.travelersbackpack.json
[15Aug2026 23:32:46.522] [main/DEBUG] [mixin/]: Adding mixin platform agents for container SecureJarResource(mr_epicterrain)
[15Aug2026 23:32:46.523] [main/DEBUG] [mixin/]: Instancing new MixinPlatformAgentMinecraftForge for SecureJarResource(mr_epicterrain)
[15Aug2026 23:32:46.523] [main/DEBUG] [mixin/]: MixinPlatformAgentMinecraftForge rejected container SecureJarResource(mr_epicterrain)
[15Aug2026 23:32:46.523] [main/DEBUG] [mixin/]: Instancing new MixinPlatformAgentDefault for SecureJarResource(mr_epicterrain)
[15Aug2026 23:32:46.523] [main/DEBUG] [mixin/]: MixinPlatformAgentDefault accepted container SecureJarResource(mr_epicterrain)
[15Aug2026 23:32:46.524] [main/DEBUG] [mixin/]: Processing prepare() for PlatformAgent[MixinPlatformAgentDefault:SecureJarResource(mr_epicterrain)]
[15Aug2026 23:32:46.524] [main/DEBUG] [mixin/]: Adding mixin platform agents for container SecureJarResource(relics)
[15Aug2026 23:32:46.524] [main/DEBUG] [mixin/]: Instancing new MixinPlatformAgentMinecraftForge for SecureJarResource(relics)
[15Aug2026 23:32:46.524] [main/DEBUG] [mixin/]: MixinPlatformAgentMinecraftForge rejected container SecureJarResource(relics)
[15Aug2026 23:32:46.524] [main/DEBUG] [mixin/]: Instancing new MixinPlatformAgentDefault for SecureJarResource(relics)
[15Aug2026 23:32:46.525] [main/DEBUG] [mixin/]: MixinPlatformAgentDefault accepted container SecureJarResource(relics)
[15Aug2026 23:32:46.525] [main/DEBUG] [mixin/]: Processing prepare() for PlatformAgent[MixinPlatformAgentDefault:SecureJarResource(relics)]
[15Aug2026 23:32:46.525] [main/DEBUG] [mixin/]: Registering mixin config: relics.mixins.json
[15Aug2026 23:32:46.526] [main/DEBUG] [mixin/]: Compatibility level JAVA_8 specified by relics.mixins.json is lower than the default level supported by the current mixin service (JAVA_16).
[15Aug2026 23:32:46.527] [main/DEBUG] [mixin/]: Adding mixin platform agents for container SecureJarResource(mcwdoors)
[15Aug2026 23:32:46.527] [main/DEBUG] [mixin/]: Instancing new MixinPlatformAgentMinecraftForge for SecureJarResource(mcwdoors)
[15Aug2026 23:32:46.527] [main/DEBUG] [mixin/]: MixinPlatformAgentMinecraftForge rejected container SecureJarResource(mcwdoors)
[15Aug2026 23:32:46.527] [main/DEBUG] [mixin/]: Instancing new MixinPlatformAgentDefault for SecureJarResource(mcwdoors)
[15Aug2026 23:32:46.527] [main/DEBUG] [mixin/]: MixinPlatformAgentDefault accepted container SecureJarResource(mcwdoors)
[15Aug2026 23:32:46.527] [main/DEBUG] [mixin/]: Processing prepare() for PlatformAgent[MixinPlatformAgentDefault:SecureJarResource(mcwdoors)]
[15Aug2026 23:32:46.527] [main/DEBUG] [mixin/]: Adding mixin platform agents for container SecureJarResource(iceandfire)
[15Aug2026 23:32:46.527] [main/DEBUG] [mixin/]: Instancing new MixinPlatformAgentMinecraftForge for SecureJarResource(iceandfire)
[15Aug2026 23:32:46.527] [main/DEBUG] [mixin/]: MixinPlatformAgentMinecraftForge rejected container SecureJarResource(iceandfire)
[15Aug2026 23:32:46.528] [main/DEBUG] [mixin/]: Instancing new MixinPlatformAgentDefault for SecureJarResource(iceandfire)
[15Aug2026 23:32:46.528] [main/DEBUG] [mixin/]: MixinPlatformAgentDefault accepted container SecureJarResource(iceandfire)
[15Aug2026 23:32:46.528] [main/DEBUG] [mixin/]: Processing prepare() for PlatformAgent[MixinPlatformAgentDefault:SecureJarResource(iceandfire)]
[15Aug2026 23:32:46.528] [main/DEBUG] [mixin/]: Registering mixin config: iceandfire.mixins.json
[15Aug2026 23:32:46.530] [main/DEBUG] [mixin/]: Adding mixin platform agents for container SecureJarResource(balm)
[15Aug2026 23:32:46.530] [main/DEBUG] [mixin/]: Instancing new MixinPlatformAgentMinecraftForge for SecureJarResource(balm)
[15Aug2026 23:32:46.531] [main/DEBUG] [mixin/]: MixinPlatformAgentMinecraftForge rejected container SecureJarResource(balm)
[15Aug2026 23:32:46.531] [main/DEBUG] [mixin/]: Instancing new MixinPlatformAgentDefault for SecureJarResource(balm)
[15Aug2026 23:32:46.532] [main/DEBUG] [mixin/]: MixinPlatformAgentDefault accepted container SecureJarResource(balm)
[15Aug2026 23:32:46.532] [main/DEBUG] [mixin/]: Processing prepare() for PlatformAgent[MixinPlatformAgentDefault:SecureJarResource(balm)]
[15Aug2026 23:32:46.532] [main/DEBUG] [mixin/]: Registering mixin config: balm.mixins.json
[15Aug2026 23:32:46.533] [main/DEBUG] [mixin/]: Adding mixin platform agents for container SecureJarResource(carryon)
[15Aug2026 23:32:46.534] [main/DEBUG] [mixin/]: Instancing new MixinPlatformAgentMinecraftForge for SecureJarResource(carryon)
[15Aug2026 23:32:46.534] [main/DEBUG] [mixin/]: MixinPlatformAgentMinecraftForge rejected container SecureJarResource(carryon)
[15Aug2026 23:32:46.535] [main/DEBUG] [mixin/]: Instancing new MixinPlatformAgentDefault for SecureJarResource(carryon)
[15Aug2026 23:32:46.535] [main/DEBUG] [mixin/]: MixinPlatformAgentDefault accepted container SecureJarResource(carryon)
[15Aug2026 23:32:46.537] [main/DEBUG] [mixin/]: Processing prepare() for PlatformAgent[MixinPlatformAgentDefault:SecureJarResource(carryon)]
[15Aug2026 23:32:46.537] [main/DEBUG] [mixin/]: Registering mixin config: carryon.mixins.json
[15Aug2026 23:32:46.541] [main/DEBUG] [mixin/]: Registering mixin config: carryon.forge.mixins.json
[15Aug2026 23:32:46.543] [main/DEBUG] [mixin/]: Adding mixin platform agents for container SecureJarResource(shieldexp)
[15Aug2026 23:32:46.543] [main/DEBUG] [mixin/]: Instancing new MixinPlatformAgentMinecraftForge for SecureJarResource(shieldexp)
[15Aug2026 23:32:46.543] [main/DEBUG] [mixin/]: MixinPlatformAgentMinecraftForge rejected container SecureJarResource(shieldexp)
[15Aug2026 23:32:46.543] [main/DEBUG] [mixin/]: Instancing new MixinPlatformAgentDefault for SecureJarResource(shieldexp)
[15Aug2026 23:32:46.544] [main/DEBUG] [mixin/]: MixinPlatformAgentDefault accepted container SecureJarResource(shieldexp)
[15Aug2026 23:32:46.544] [main/DEBUG] [mixin/]: Processing prepare() for PlatformAgent[MixinPlatformAgentDefault:SecureJarResource(shieldexp)]
[15Aug2026 23:32:46.544] [main/DEBUG] [mixin/]: Registering mixin config: shieldexp.mixins.json
[15Aug2026 23:32:46.548] [main/DEBUG] [mixin/]: Registering mixin config: shieldexp.forge.mixins.json
[15Aug2026 23:32:46.553] [main/DEBUG] [mixin/]: Adding mixin platform agents for container SecureJarResource(puzzlesaccessapi)
[15Aug2026 23:32:46.554] [main/DEBUG] [mixin/]: Instancing new MixinPlatformAgentMinecraftForge for SecureJarResource(puzzlesaccessapi)
[15Aug2026 23:32:46.555] [main/DEBUG] [mixin/]: MixinPlatformAgentMinecraftForge rejected container SecureJarResource(puzzlesaccessapi)
[15Aug2026 23:32:46.555] [main/DEBUG] [mixin/]: Instancing new MixinPlatformAgentDefault for SecureJarResource(puzzlesaccessapi)
[15Aug2026 23:32:46.555] [main/DEBUG] [mixin/]: MixinPlatformAgentDefault accepted container SecureJarResource(puzzlesaccessapi)
[15Aug2026 23:32:46.555] [main/DEBUG] [mixin/]: Processing prepare() for PlatformAgent[MixinPlatformAgentDefault:SecureJarResource(puzzlesaccessapi)]
[15Aug2026 23:32:46.555] [main/DEBUG] [mixin/]: Registering mixin config: puzzlesaccessapi.common.mixins.json
[15Aug2026 23:32:46.557] [main/DEBUG] [mixin/]: Registering mixin config: puzzlesaccessapi.forge.mixins.json
[15Aug2026 23:32:46.559] [main/DEBUG] [mixin/]: Adding mixin platform agents for container SecureJarResource(cloth_config)
[15Aug2026 23:32:46.560] [main/DEBUG] [mixin/]: Instancing new MixinPlatformAgentMinecraftForge for SecureJarResource(cloth_config)
[15Aug2026 23:32:46.560] [main/DEBUG] [mixin/]: MixinPlatformAgentMinecraftForge rejected container SecureJarResource(cloth_config)
[15Aug2026 23:32:46.560] [main/DEBUG] [mixin/]: Instancing new MixinPlatformAgentDefault for SecureJarResource(cloth_config)
[15Aug2026 23:32:46.560] [main/DEBUG] [mixin/]: MixinPlatformAgentDefault accepted container SecureJarResource(cloth_config)
[15Aug2026 23:32:46.560] [main/DEBUG] [mixin/]: Processing prepare() for PlatformAgent[MixinPlatformAgentDefault:SecureJarResource(cloth_config)]
[15Aug2026 23:32:46.560] [main/DEBUG] [mixin/]: Adding mixin platform agents for container SecureJarResource(forge)
[15Aug2026 23:32:46.560] [main/DEBUG] [mixin/]: Instancing new MixinPlatformAgentMinecraftForge for SecureJarResource(forge)
[15Aug2026 23:32:46.560] [main/DEBUG] [mixin/]: MixinPlatformAgentMinecraftForge rejected container SecureJarResource(forge)
[15Aug2026 23:32:46.560] [main/DEBUG] [mixin/]: Instancing new MixinPlatformAgentDefault for SecureJarResource(forge)
[15Aug2026 23:32:46.561] [main/DEBUG] [mixin/]: MixinPlatformAgentDefault accepted container SecureJarResource(forge)
[15Aug2026 23:32:46.561] [main/DEBUG] [mixin/]: Processing prepare() for PlatformAgent[MixinPlatformAgentDefault:SecureJarResource(forge)]
[15Aug2026 23:32:46.561] [main/DEBUG] [mixin/]: Adding mixin platform agents for container SecureJarResource(vm)
[15Aug2026 23:32:46.561] [main/DEBUG] [mixin/]: Instancing new MixinPlatformAgentMinecraftForge for SecureJarResource(vm)
[15Aug2026 23:32:46.561] [main/DEBUG] [mixin/]: MixinPlatformAgentMinecraftForge rejected container SecureJarResource(vm)
[15Aug2026 23:32:46.561] [main/DEBUG] [mixin/]: Instancing new MixinPlatformAgentDefault for SecureJarResource(vm)
[15Aug2026 23:32:46.561] [main/DEBUG] [mixin/]: MixinPlatformAgentDefault accepted container SecureJarResource(vm)
[15Aug2026 23:32:46.561] [main/DEBUG] [mixin/]: Processing prepare() for PlatformAgent[MixinPlatformAgentDefault:SecureJarResource(vm)]
[15Aug2026 23:32:46.562] [main/DEBUG] [mixin/]: Adding mixin platform agents for container SecureJarResource(tlskincape)
[15Aug2026 23:32:46.562] [main/DEBUG] [mixin/]: Instancing new MixinPlatformAgentMinecraftForge for SecureJarResource(tlskincape)
[15Aug2026 23:32:46.562] [main/DEBUG] [mixin/]: MixinPlatformAgentMinecraftForge rejected container SecureJarResource(tlskincape)
[15Aug2026 23:32:46.562] [main/DEBUG] [mixin/]: Instancing new MixinPlatformAgentDefault for SecureJarResource(tlskincape)
[15Aug2026 23:32:46.562] [main/DEBUG] [mixin/]: MixinPlatformAgentDefault accepted container SecureJarResource(tlskincape)
[15Aug2026 23:32:46.562] [main/DEBUG] [mixin/]: Processing prepare() for PlatformAgent[MixinPlatformAgentDefault:SecureJarResource(tlskincape)]
[15Aug2026 23:32:46.562] [main/DEBUG] [mixin/]: Adding mixin platform agents for container SecureJarResource(sodiumdynamiclights)
[15Aug2026 23:32:46.563] [main/DEBUG] [mixin/]: Instancing new MixinPlatformAgentMinecraftForge for SecureJarResource(sodiumdynamiclights)
[15Aug2026 23:32:46.563] [main/DEBUG] [mixin/]: MixinPlatformAgentMinecraftForge rejected container SecureJarResource(sodiumdynamiclights)
[15Aug2026 23:32:46.563] [main/DEBUG] [mixin/]: Instancing new MixinPlatformAgentDefault for SecureJarResource(sodiumdynamiclights)
[15Aug2026 23:32:46.563] [main/DEBUG] [mixin/]: MixinPlatformAgentDefault accepted container SecureJarResource(sodiumdynamiclights)
[15Aug2026 23:32:46.564] [main/DEBUG] [mixin/]: Processing prepare() for PlatformAgent[MixinPlatformAgentDefault:SecureJarResource(sodiumdynamiclights)]
[15Aug2026 23:32:46.564] [main/DEBUG] [mixin/]: Registering mixin config: mixins.sodiumdynamiclights.json
[15Aug2026 23:32:46.568] [main/DEBUG] [mixin/]: Adding mixin platform agents for container SecureJarResource(geophilic)
[15Aug2026 23:32:46.568] [main/DEBUG] [mixin/]: Instancing new MixinPlatformAgentMinecraftForge for SecureJarResource(geophilic)
[15Aug2026 23:32:46.568] [main/DEBUG] [mixin/]: MixinPlatformAgentMinecraftForge rejected container SecureJarResource(geophilic)
[15Aug2026 23:32:46.568] [main/DEBUG] [mixin/]: Instancing new MixinPlatformAgentDefault for SecureJarResource(geophilic)
[15Aug2026 23:32:46.568] [main/DEBUG] [mixin/]: MixinPlatformAgentDefault accepted container SecureJarResource(geophilic)
[15Aug2026 23:32:46.568] [main/DEBUG] [mixin/]: Processing prepare() for PlatformAgent[MixinPlatformAgentDefault:SecureJarResource(geophilic)]
[15Aug2026 23:32:46.568] [main/DEBUG] [mixin/]: Adding mixin platform agents for container SecureJarResource(corpse)
[15Aug2026 23:32:46.568] [main/DEBUG] [mixin/]: Instancing new MixinPlatformAgentMinecraftForge for SecureJarResource(corpse)
[15Aug2026 23:32:46.568] [main/DEBUG] [mixin/]: MixinPlatformAgentMinecraftForge rejected container SecureJarResource(corpse)
[15Aug2026 23:32:46.568] [main/DEBUG] [mixin/]: Instancing new MixinPlatformAgentDefault for SecureJarResource(corpse)
[15Aug2026 23:32:46.568] [main/DEBUG] [mixin/]: MixinPlatformAgentDefault accepted container SecureJarResource(corpse)
[15Aug2026 23:32:46.568] [main/DEBUG] [mixin/]: Processing prepare() for PlatformAgent[MixinPlatformAgentDefault:SecureJarResource(corpse)]
[15Aug2026 23:32:46.571] [main/DEBUG] [mixin/]: Adding mixin platform agents for container SecureJarResource(nyfsspiders)
[15Aug2026 23:32:46.571] [main/DEBUG] [mixin/]: Instancing new MixinPlatformAgentMinecraftForge for SecureJarResource(nyfsspiders)
[15Aug2026 23:32:46.571] [main/DEBUG] [mixin/]: MixinPlatformAgentMinecraftForge rejected container SecureJarResource(nyfsspiders)
[15Aug2026 23:32:46.571] [main/DEBUG] [mixin/]: Instancing new MixinPlatformAgentDefault for SecureJarResource(nyfsspiders)
[15Aug2026 23:32:46.571] [main/DEBUG] [mixin/]: MixinPlatformAgentDefault accepted container SecureJarResource(nyfsspiders)
[15Aug2026 23:32:46.571] [main/DEBUG] [mixin/]: Processing prepare() for PlatformAgent[MixinPlatformAgentDefault:SecureJarResource(nyfsspiders)]
[15Aug2026 23:32:46.571] [main/DEBUG] [mixin/]: Registering mixin config: nyfsspiders.mixins.json
[15Aug2026 23:32:46.573] [main/DEBUG] [mixin/]: Adding mixin platform agents for container SecureJarResource(dungeons_arise)
[15Aug2026 23:32:46.575] [main/DEBUG] [mixin/]: Instancing new MixinPlatformAgentMinecraftForge for SecureJarResource(dungeons_arise)
[15Aug2026 23:32:46.575] [main/DEBUG] [mixin/]: MixinPlatformAgentMinecraftForge rejected container SecureJarResource(dungeons_arise)
[15Aug2026 23:32:46.576] [main/DEBUG] [mixin/]: Instancing new MixinPlatformAgentDefault for SecureJarResource(dungeons_arise)
[15Aug2026 23:32:46.576] [main/DEBUG] [mixin/]: MixinPlatformAgentDefault accepted container SecureJarResource(dungeons_arise)
[15Aug2026 23:32:46.576] [main/DEBUG] [mixin/]: Processing prepare() for PlatformAgent[MixinPlatformAgentDefault:SecureJarResource(dungeons_arise)]
[15Aug2026 23:32:46.576] [main/DEBUG] [mixin/]: Adding mixin platform agents for container SecureJarResource(minecraft)
[15Aug2026 23:32:46.576] [main/DEBUG] [mixin/]: Instancing new MixinPlatformAgentMinecraftForge for SecureJarResource(minecraft)
[15Aug2026 23:32:46.576] [main/DEBUG] [mixin/]: MixinPlatformAgentMinecraftForge rejected container SecureJarResource(minecraft)
[15Aug2026 23:32:46.576] [main/DEBUG] [mixin/]: Instancing new MixinPlatformAgentDefault for SecureJarResource(minecraft)
[15Aug2026 23:32:46.576] [main/DEBUG] [mixin/]: MixinPlatformAgentDefault accepted container SecureJarResource(minecraft)
[15Aug2026 23:32:46.576] [main/DEBUG] [mixin/]: Processing prepare() for PlatformAgent[MixinPlatformAgentDefault:SecureJarResource(minecraft)]
[15Aug2026 23:32:46.576] [main/DEBUG] [mixin/]: Adding mixin platform agents for container SecureJarResource(grue_remake)
[15Aug2026 23:32:46.576] [main/DEBUG] [mixin/]: Instancing new MixinPlatformAgentMinecraftForge for SecureJarResource(grue_remake)
[15Aug2026 23:32:46.576] [main/DEBUG] [mixin/]: MixinPlatformAgentMinecraftForge rejected container SecureJarResource(grue_remake)
[15Aug2026 23:32:46.576] [main/DEBUG] [mixin/]: Instancing new MixinPlatformAgentDefault for SecureJarResource(grue_remake)
[15Aug2026 23:32:46.576] [main/DEBUG] [mixin/]: MixinPlatformAgentDefault accepted container SecureJarResource(grue_remake)
[15Aug2026 23:32:46.576] [main/DEBUG] [mixin/]: Processing prepare() for PlatformAgent[MixinPlatformAgentDefault:SecureJarResource(grue_remake)]
[15Aug2026 23:32:46.576] [main/DEBUG] [mixin/]: Adding mixin platform agents for container SecureJarResource(voicechat)
[15Aug2026 23:32:46.576] [main/DEBUG] [mixin/]: Instancing new MixinPlatformAgentMinecraftForge for SecureJarResource(voicechat)
[15Aug2026 23:32:46.576] [main/DEBUG] [mixin/]: MixinPlatformAgentMinecraftForge rejected container SecureJarResource(voicechat)
[15Aug2026 23:32:46.576] [main/DEBUG] [mixin/]: Instancing new MixinPlatformAgentDefault for SecureJarResource(voicechat)
[15Aug2026 23:32:46.576] [main/DEBUG] [mixin/]: MixinPlatformAgentDefault accepted container SecureJarResource(voicechat)
[15Aug2026 23:32:46.576] [main/DEBUG] [mixin/]: Processing prepare() for PlatformAgent[MixinPlatformAgentDefault:SecureJarResource(voicechat)]
[15Aug2026 23:32:46.576] [main/DEBUG] [mixin/]: Adding mixin platform agents for container SecureJarResource(sound_physics_remastered)
[15Aug2026 23:32:46.576] [main/DEBUG] [mixin/]: Instancing new MixinPlatformAgentMinecraftForge for SecureJarResource(sound_physics_remastered)
[15Aug2026 23:32:46.576] [main/DEBUG] [mixin/]: MixinPlatformAgentMinecraftForge rejected container SecureJarResource(sound_physics_remastered)
[15Aug2026 23:32:46.576] [main/DEBUG] [mixin/]: Instancing new MixinPlatformAgentDefault for SecureJarResource(sound_physics_remastered)
[15Aug2026 23:32:46.576] [main/DEBUG] [mixin/]: MixinPlatformAgentDefault accepted container SecureJarResource(sound_physics_remastered)
[15Aug2026 23:32:46.576] [main/DEBUG] [mixin/]: Processing prepare() for PlatformAgent[MixinPlatformAgentDefault:SecureJarResource(sound_physics_remastered)]
[15Aug2026 23:32:46.576] [main/DEBUG] [mixin/]: Adding mixin platform agents for container SecureJarResource(ambientsounds)
[15Aug2026 23:32:46.576] [main/DEBUG] [mixin/]: Instancing new MixinPlatformAgentMinecraftForge for SecureJarResource(ambientsounds)
[15Aug2026 23:32:46.576] [main/DEBUG] [mixin/]: MixinPlatformAgentMinecraftForge rejected container SecureJarResource(ambientsounds)
[15Aug2026 23:32:46.576] [main/DEBUG] [mixin/]: Instancing new MixinPlatformAgentDefault for SecureJarResource(ambientsounds)
[15Aug2026 23:32:46.576] [main/DEBUG] [mixin/]: MixinPlatformAgentDefault accepted container SecureJarResource(ambientsounds)
[15Aug2026 23:32:46.576] [main/DEBUG] [mixin/]: Processing prepare() for PlatformAgent[MixinPlatformAgentDefault:SecureJarResource(ambientsounds)]
[15Aug2026 23:32:46.577] [main/DEBUG] [mixin/]: Registering mixin config: ambientsounds.mixins.json
[15Aug2026 23:32:46.578] [main/DEBUG] [mixin/]: Adding mixin platform agents for container SecureJarResource(fabric_api_base)
[15Aug2026 23:32:46.578] [main/DEBUG] [mixin/]: Instancing new MixinPlatformAgentMinecraftForge for SecureJarResource(fabric_api_base)
[15Aug2026 23:32:46.578] [main/DEBUG] [mixin/]: MixinPlatformAgentMinecraftForge rejected container SecureJarResource(fabric_api_base)
[15Aug2026 23:32:46.578] [main/DEBUG] [mixin/]: Instancing new MixinPlatformAgentDefault for SecureJarResource(fabric_api_base)
[15Aug2026 23:32:46.578] [main/DEBUG] [mixin/]: MixinPlatformAgentDefault accepted container SecureJarResource(fabric_api_base)
[15Aug2026 23:32:46.578] [main/DEBUG] [mixin/]: Processing prepare() for PlatformAgent[MixinPlatformAgentDefault:SecureJarResource(fabric_api_base)]
[15Aug2026 23:32:46.578] [main/DEBUG] [mixin/]: Registering mixin config: fabric-api-base.init.mixins.json
[15Aug2026 23:32:46.579] [main/DEBUG] [mixin/]: Adding mixin platform agents for container SecureJarResource(bettercombat)
[15Aug2026 23:32:46.579] [main/DEBUG] [mixin/]: Instancing new MixinPlatformAgentMinecraftForge for SecureJarResource(bettercombat)
[15Aug2026 23:32:46.579] [main/DEBUG] [mixin/]: MixinPlatformAgentMinecraftForge rejected container SecureJarResource(bettercombat)
[15Aug2026 23:32:46.579] [main/DEBUG] [mixin/]: Instancing new MixinPlatformAgentDefault for SecureJarResource(bettercombat)
[15Aug2026 23:32:46.579] [main/DEBUG] [mixin/]: MixinPlatformAgentDefault accepted container SecureJarResource(bettercombat)
[15Aug2026 23:32:46.580] [main/DEBUG] [mixin/]: Processing prepare() for PlatformAgent[MixinPlatformAgentDefault:SecureJarResource(bettercombat)]
[15Aug2026 23:32:46.580] [main/DEBUG] [mixin/]: Registering mixin config: bettercombat.mixins.json
[15Aug2026 23:32:46.583] [main/DEBUG] [mixin/]: Adding mixin platform agents for container SecureJarResource(simpleshops)
[15Aug2026 23:32:46.583] [main/DEBUG] [mixin/]: Instancing new MixinPlatformAgentMinecraftForge for SecureJarResource(simpleshops)
[15Aug2026 23:32:46.583] [main/DEBUG] [mixin/]: MixinPlatformAgentMinecraftForge rejected container SecureJarResource(simpleshops)
[15Aug2026 23:32:46.583] [main/DEBUG] [mixin/]: Instancing new MixinPlatformAgentDefault for SecureJarResource(simpleshops)
[15Aug2026 23:32:46.583] [main/DEBUG] [mixin/]: MixinPlatformAgentDefault accepted container SecureJarResource(simpleshops)
[15Aug2026 23:32:46.583] [main/DEBUG] [mixin/]: Processing prepare() for PlatformAgent[MixinPlatformAgentDefault:SecureJarResource(simpleshops)]
[15Aug2026 23:32:46.583] [main/DEBUG] [mixin/]: Adding mixin platform agents for container SecureJarResource(mr_serversleep)
[15Aug2026 23:32:46.583] [main/DEBUG] [mixin/]: Instancing new MixinPlatformAgentMinecraftForge for SecureJarResource(mr_serversleep)
[15Aug2026 23:32:46.584] [main/DEBUG] [mixin/]: MixinPlatformAgentMinecraftForge rejected container SecureJarResource(mr_serversleep)
[15Aug2026 23:32:46.585] [main/DEBUG] [mixin/]: Instancing new MixinPlatformAgentDefault for SecureJarResource(mr_serversleep)
[15Aug2026 23:32:46.585] [main/DEBUG] [mixin/]: MixinPlatformAgentDefault accepted container SecureJarResource(mr_serversleep)
[15Aug2026 23:32:46.585] [main/DEBUG] [mixin/]: Processing prepare() for PlatformAgent[MixinPlatformAgentDefault:SecureJarResource(mr_serversleep)]
[15Aug2026 23:32:46.585] [main/DEBUG] [mixin/]: Adding mixin platform agents for container SecureJarResource(creativecore)
[15Aug2026 23:32:46.585] [main/DEBUG] [mixin/]: Instancing new MixinPlatformAgentMinecraftForge for SecureJarResource(creativecore)
[15Aug2026 23:32:46.585] [main/DEBUG] [mixin/]: MixinPlatformAgentMinecraftForge rejected container SecureJarResource(creativecore)
[15Aug2026 23:32:46.585] [main/DEBUG] [mixin/]: Instancing new MixinPlatformAgentDefault for SecureJarResource(creativecore)
[15Aug2026 23:32:46.585] [main/DEBUG] [mixin/]: MixinPlatformAgentDefault accepted container SecureJarResource(creativecore)
[15Aug2026 23:32:46.585] [main/DEBUG] [mixin/]: Processing prepare() for PlatformAgent[MixinPlatformAgentDefault:SecureJarResource(creativecore)]
[15Aug2026 23:32:46.586] [main/DEBUG] [mixin/]: Registering mixin config: creativecore.mixins.json
[15Aug2026 23:32:46.587] [main/DEBUG] [mixin/]: Registering mixin config: creativecore.forge.mixins.json
[15Aug2026 23:32:46.588] [main/DEBUG] [mixin/]: Adding mixin platform agents for container SecureJarResource(awcapi)
[15Aug2026 23:32:46.589] [main/DEBUG] [mixin/]: Instancing new MixinPlatformAgentMinecraftForge for SecureJarResource(awcapi)
[15Aug2026 23:32:46.589] [main/DEBUG] [mixin/]: MixinPlatformAgentMinecraftForge rejected container SecureJarResource(awcapi)
[15Aug2026 23:32:46.589] [main/DEBUG] [mixin/]: Instancing new MixinPlatformAgentDefault for SecureJarResource(awcapi)
[15Aug2026 23:32:46.589] [main/DEBUG] [mixin/]: MixinPlatformAgentDefault accepted container SecureJarResource(awcapi)
[15Aug2026 23:32:46.589] [main/DEBUG] [mixin/]: Processing prepare() for PlatformAgent[MixinPlatformAgentDefault:SecureJarResource(awcapi)]
[15Aug2026 23:32:46.589] [main/DEBUG] [mixin/]: Adding mixin platform agents for container SecureJarResource(mcwtrpdoors)
[15Aug2026 23:32:46.589] [main/DEBUG] [mixin/]: Instancing new MixinPlatformAgentMinecraftForge for SecureJarResource(mcwtrpdoors)
[15Aug2026 23:32:46.589] [main/DEBUG] [mixin/]: MixinPlatformAgentMinecraftForge rejected container SecureJarResource(mcwtrpdoors)
[15Aug2026 23:32:46.589] [main/DEBUG] [mixin/]: Instancing new MixinPlatformAgentDefault for SecureJarResource(mcwtrpdoors)
[15Aug2026 23:32:46.589] [main/DEBUG] [mixin/]: MixinPlatformAgentDefault accepted container SecureJarResource(mcwtrpdoors)
[15Aug2026 23:32:46.589] [main/DEBUG] [mixin/]: Processing prepare() for PlatformAgent[MixinPlatformAgentDefault:SecureJarResource(mcwtrpdoors)]
[15Aug2026 23:32:46.589] [main/DEBUG] [mixin/]: Adding mixin platform agents for container SecureJarResource(epic_knights_x_better_combat)
[15Aug2026 23:32:46.590] [main/DEBUG] [mixin/]: Instancing new MixinPlatformAgentMinecraftForge for SecureJarResource(epic_knights_x_better_combat)
[15Aug2026 23:32:46.590] [main/DEBUG] [mixin/]: MixinPlatformAgentMinecraftForge rejected container SecureJarResource(epic_knights_x_better_combat)
[15Aug2026 23:32:46.590] [main/DEBUG] [mixin/]: Instancing new MixinPlatformAgentDefault for SecureJarResource(epic_knights_x_better_combat)
[15Aug2026 23:32:46.590] [main/DEBUG] [mixin/]: MixinPlatformAgentDefault accepted container SecureJarResource(epic_knights_x_better_combat)
[15Aug2026 23:32:46.590] [main/DEBUG] [mixin/]: Processing prepare() for PlatformAgent[MixinPlatformAgentDefault:SecureJarResource(epic_knights_x_better_combat)]
[15Aug2026 23:32:46.590] [main/DEBUG] [mixin/]: Adding mixin platform agents for container SecureJarResource(notenoughanimations)
[15Aug2026 23:32:46.590] [main/DEBUG] [mixin/]: Instancing new MixinPlatformAgentMinecraftForge for SecureJarResource(notenoughanimations)
[15Aug2026 23:32:46.590] [main/DEBUG] [mixin/]: MixinPlatformAgentMinecraftForge rejected container SecureJarResource(notenoughanimations)
[15Aug2026 23:32:46.590] [main/DEBUG] [mixin/]: Instancing new MixinPlatformAgentDefault for SecureJarResource(notenoughanimations)
[15Aug2026 23:32:46.590] [main/DEBUG] [mixin/]: MixinPlatformAgentDefault accepted container SecureJarResource(notenoughanimations)
[15Aug2026 23:32:46.590] [main/DEBUG] [mixin/]: Processing prepare() for PlatformAgent[MixinPlatformAgentDefault:SecureJarResource(notenoughanimations)]
[15Aug2026 23:32:46.590] [main/DEBUG] [mixin/]: Registering mixin config: notenoughanimations.mixins.json
[15Aug2026 23:32:46.592] [main/DEBUG] [mixin/]: Compatibility level JAVA_8 specified by notenoughanimations.mixins.json is lower than the default level supported by the current mixin service (JAVA_16).
[15Aug2026 23:32:46.592] [main/DEBUG] [mixin/]: Adding mixin platform agents for container SecureJarResource(curios)
[15Aug2026 23:32:46.592] [main/DEBUG] [mixin/]: Instancing new MixinPlatformAgentMinecraftForge for SecureJarResource(curios)
[15Aug2026 23:32:46.592] [main/DEBUG] [mixin/]: MixinPlatformAgentMinecraftForge rejected container SecureJarResource(curios)
[15Aug2026 23:32:46.592] [main/DEBUG] [mixin/]: Instancing new MixinPlatformAgentDefault for SecureJarResource(curios)
[15Aug2026 23:32:46.592] [main/DEBUG] [mixin/]: MixinPlatformAgentDefault accepted container SecureJarResource(curios)
[15Aug2026 23:32:46.592] [main/DEBUG] [mixin/]: Processing prepare() for PlatformAgent[MixinPlatformAgentDefault:SecureJarResource(curios)]
[15Aug2026 23:32:46.592] [main/DEBUG] [mixin/]: Registering mixin config: curios.mixins.json
[15Aug2026 23:32:46.594] [main/DEBUG] [mixin/]: Adding mixin platform agents for container SecureJarResource(collective)
[15Aug2026 23:32:46.594] [main/DEBUG] [mixin/]: Instancing new MixinPlatformAgentMinecraftForge for SecureJarResource(collective)
[15Aug2026 23:32:46.594] [main/DEBUG] [mixin/]: MixinPlatformAgentMinecraftForge rejected container SecureJarResource(collective)
[15Aug2026 23:32:46.594] [main/DEBUG] [mixin/]: Instancing new MixinPlatformAgentDefault for SecureJarResource(collective)
[15Aug2026 23:32:46.594] [main/DEBUG] [mixin/]: MixinPlatformAgentDefault accepted container SecureJarResource(collective)
[15Aug2026 23:32:46.594] [main/DEBUG] [mixin/]: Processing prepare() for PlatformAgent[MixinPlatformAgentDefault:SecureJarResource(collective)]
[15Aug2026 23:32:46.595] [main/DEBUG] [mixin/]: Registering mixin config: collective_forge.mixins.json
[15Aug2026 23:32:46.597] [main/DEBUG] [mixin/]: Adding mixin platform agents for container SecureJarResource(storagedrawers)
[15Aug2026 23:32:46.597] [main/DEBUG] [mixin/]: Instancing new MixinPlatformAgentMinecraftForge for SecureJarResource(storagedrawers)
[15Aug2026 23:32:46.597] [main/DEBUG] [mixin/]: MixinPlatformAgentMinecraftForge rejected container SecureJarResource(storagedrawers)
[15Aug2026 23:32:46.597] [main/DEBUG] [mixin/]: Instancing new MixinPlatformAgentDefault for SecureJarResource(storagedrawers)
[15Aug2026 23:32:46.597] [main/DEBUG] [mixin/]: MixinPlatformAgentDefault accepted container SecureJarResource(storagedrawers)
[15Aug2026 23:32:46.597] [main/DEBUG] [mixin/]: Processing prepare() for PlatformAgent[MixinPlatformAgentDefault:SecureJarResource(storagedrawers)]
[15Aug2026 23:32:46.597] [main/DEBUG] [mixin/]: Adding mixin platform agents for container SecureJarResource(parcool)
[15Aug2026 23:32:46.597] [main/DEBUG] [mixin/]: Instancing new MixinPlatformAgentMinecraftForge for SecureJarResource(parcool)
[15Aug2026 23:32:46.597] [main/DEBUG] [mixin/]: MixinPlatformAgentMinecraftForge rejected container SecureJarResource(parcool)
[15Aug2026 23:32:46.597] [main/DEBUG] [mixin/]: Instancing new MixinPlatformAgentDefault for SecureJarResource(parcool)
[15Aug2026 23:32:46.597] [main/DEBUG] [mixin/]: MixinPlatformAgentDefault accepted container SecureJarResource(parcool)
[15Aug2026 23:32:46.597] [main/DEBUG] [mixin/]: Processing prepare() for PlatformAgent[MixinPlatformAgentDefault:SecureJarResource(parcool)]
[15Aug2026 23:32:46.597] [main/DEBUG] [mixin/]: Registering mixin config: parcool.mixins.json
[15Aug2026 23:32:46.604] [main/DEBUG] [mixin/]: Adding mixin platform agents for container SecureJarResource(paraglider)
[15Aug2026 23:32:46.604] [main/DEBUG] [mixin/]: Instancing new MixinPlatformAgentMinecraftForge for SecureJarResource(paraglider)
[15Aug2026 23:32:46.604] [main/DEBUG] [mixin/]: MixinPlatformAgentMinecraftForge rejected container SecureJarResource(paraglider)
[15Aug2026 23:32:46.604] [main/DEBUG] [mixin/]: Instancing new MixinPlatformAgentDefault for SecureJarResource(paraglider)
[15Aug2026 23:32:46.604] [main/DEBUG] [mixin/]: MixinPlatformAgentDefault accepted container SecureJarResource(paraglider)
[15Aug2026 23:32:46.604] [main/DEBUG] [mixin/]: Processing prepare() for PlatformAgent[MixinPlatformAgentDefault:SecureJarResource(paraglider)]
[15Aug2026 23:32:46.604] [main/DEBUG] [mixin/]: Registering mixin config: paraglider.mixins.json
[15Aug2026 23:32:46.606] [main/DEBUG] [mixin/]: Adding mixin platform agents for container SecureJarResource(immediatelyfast)
[15Aug2026 23:32:46.606] [main/DEBUG] [mixin/]: Instancing new MixinPlatformAgentMinecraftForge for SecureJarResource(immediatelyfast)
[15Aug2026 23:32:46.606] [main/DEBUG] [mixin/]: MixinPlatformAgentMinecraftForge rejected container SecureJarResource(immediatelyfast)
[15Aug2026 23:32:46.606] [main/DEBUG] [mixin/]: Instancing new MixinPlatformAgentDefault for SecureJarResource(immediatelyfast)
[15Aug2026 23:32:46.606] [main/DEBUG] [mixin/]: MixinPlatformAgentDefault accepted container SecureJarResource(immediatelyfast)
[15Aug2026 23:32:46.606] [main/DEBUG] [mixin/]: Processing prepare() for PlatformAgent[MixinPlatformAgentDefault:SecureJarResource(immediatelyfast)]
[15Aug2026 23:32:46.606] [main/DEBUG] [mixin/]: Registering mixin config: immediatelyfast-common.mixins.json
[15Aug2026 23:32:46.608] [main/DEBUG] [mixin/]: Registering mixin config: immediatelyfast-forge.mixins.json
[15Aug2026 23:32:46.609] [main/DEBUG] [mixin/]: Adding mixin platform agents for container SecureJarResource(mvs)
[15Aug2026 23:32:46.609] [main/DEBUG] [mixin/]: Instancing new MixinPlatformAgentMinecraftForge for SecureJarResource(mvs)
[15Aug2026 23:32:46.609] [main/DEBUG] [mixin/]: MixinPlatformAgentMinecraftForge rejected container SecureJarResource(mvs)
[15Aug2026 23:32:46.609] [main/DEBUG] [mixin/]: Instancing new MixinPlatformAgentDefault for SecureJarResource(mvs)
[15Aug2026 23:32:46.609] [main/DEBUG] [mixin/]: MixinPlatformAgentDefault accepted container SecureJarResource(mvs)
[15Aug2026 23:32:46.609] [main/DEBUG] [mixin/]: Processing prepare() for PlatformAgent[MixinPlatformAgentDefault:SecureJarResource(mvs)]
[15Aug2026 23:32:46.609] [main/DEBUG] [mixin/]: Adding mixin platform agents for container SecureJarResource(architectury)
[15Aug2026 23:32:46.609] [main/DEBUG] [mixin/]: Instancing new MixinPlatformAgentMinecraftForge for SecureJarResource(architectury)
[15Aug2026 23:32:46.609] [main/DEBUG] [mixin/]: MixinPlatformAgentMinecraftForge rejected container SecureJarResource(architectury)
[15Aug2026 23:32:46.609] [main/DEBUG] [mixin/]: Instancing new MixinPlatformAgentDefault for SecureJarResource(architectury)
[15Aug2026 23:32:46.609] [main/DEBUG] [mixin/]: MixinPlatformAgentDefault accepted container SecureJarResource(architectury)
[15Aug2026 23:32:46.609] [main/DEBUG] [mixin/]: Processing prepare() for PlatformAgent[MixinPlatformAgentDefault:SecureJarResource(architectury)]
[15Aug2026 23:32:46.609] [main/DEBUG] [mixin/]: Registering mixin config: architectury.mixins.json
[15Aug2026 23:32:46.610] [main/DEBUG] [mixin/]: Compatibility level JAVA_16 specified by architectury.mixins.json is higher than the maximum level supported by this version of mixin (JAVA_13).
[15Aug2026 23:32:46.611] [main/DEBUG] [mixin/]: Registering mixin config: architectury-common.mixins.json
[15Aug2026 23:32:46.612] [main/DEBUG] [mixin/]: Compatibility level JAVA_16 specified by architectury-common.mixins.json is higher than the maximum level supported by this version of mixin (JAVA_13).
[15Aug2026 23:32:46.612] [main/DEBUG] [mixin/]: Adding mixin platform agents for container SecureJarResource(octolib)
[15Aug2026 23:32:46.612] [main/DEBUG] [mixin/]: Instancing new MixinPlatformAgentMinecraftForge for SecureJarResource(octolib)
[15Aug2026 23:32:46.612] [main/DEBUG] [mixin/]: MixinPlatformAgentMinecraftForge rejected container SecureJarResource(octolib)
[15Aug2026 23:32:46.612] [main/DEBUG] [mixin/]: Instancing new MixinPlatformAgentDefault for SecureJarResource(octolib)
[15Aug2026 23:32:46.612] [main/DEBUG] [mixin/]: MixinPlatformAgentDefault accepted container SecureJarResource(octolib)
[15Aug2026 23:32:46.612] [main/DEBUG] [mixin/]: Processing prepare() for PlatformAgent[MixinPlatformAgentDefault:SecureJarResource(octolib)]
[15Aug2026 23:32:46.612] [main/DEBUG] [mixin/]: Adding mixin platform agents for container SecureJarResource(magistuarmory)
[15Aug2026 23:32:46.612] [main/DEBUG] [mixin/]: Instancing new MixinPlatformAgentMinecraftForge for SecureJarResource(magistuarmory)
[15Aug2026 23:32:46.612] [main/DEBUG] [mixin/]: MixinPlatformAgentMinecraftForge rejected container SecureJarResource(magistuarmory)
[15Aug2026 23:32:46.612] [main/DEBUG] [mixin/]: Instancing new MixinPlatformAgentDefault for SecureJarResource(magistuarmory)
[15Aug2026 23:32:46.612] [main/DEBUG] [mixin/]: MixinPlatformAgentDefault accepted container SecureJarResource(magistuarmory)
[15Aug2026 23:32:46.612] [main/DEBUG] [mixin/]: Processing prepare() for PlatformAgent[MixinPlatformAgentDefault:SecureJarResource(magistuarmory)]
[15Aug2026 23:32:46.612] [main/DEBUG] [mixin/]: Adding mixin platform agents for container SecureJarResource(epic_knights_ice_and_fire)
[15Aug2026 23:32:46.612] [main/DEBUG] [mixin/]: Instancing new MixinPlatformAgentMinecraftForge for SecureJarResource(epic_knights_ice_and_fire)
[15Aug2026 23:32:46.613] [main/DEBUG] [mixin/]: MixinPlatformAgentMinecraftForge rejected container SecureJarResource(epic_knights_ice_and_fire)
[15Aug2026 23:32:46.613] [main/DEBUG] [mixin/]: Instancing new MixinPlatformAgentDefault for SecureJarResource(epic_knights_ice_and_fire)
[15Aug2026 23:32:46.613] [main/DEBUG] [mixin/]: MixinPlatformAgentDefault accepted container SecureJarResource(epic_knights_ice_and_fire)
[15Aug2026 23:32:46.613] [main/DEBUG] [mixin/]: Processing prepare() for PlatformAgent[MixinPlatformAgentDefault:SecureJarResource(epic_knights_ice_and_fire)]
[15Aug2026 23:32:46.613] [main/DEBUG] [mixin/]: Registering mixin config: mixins.epic_knights_ice_and_fire.json
[15Aug2026 23:32:46.614] [main/DEBUG] [mixin/]: Adding mixin platform agents for container SecureJarResource(appleskin)
[15Aug2026 23:32:46.614] [main/DEBUG] [mixin/]: Instancing new MixinPlatformAgentMinecraftForge for SecureJarResource(appleskin)
[15Aug2026 23:32:46.614] [main/DEBUG] [mixin/]: MixinPlatformAgentMinecraftForge rejected container SecureJarResource(appleskin)
[15Aug2026 23:32:46.614] [main/DEBUG] [mixin/]: Instancing new MixinPlatformAgentDefault for SecureJarResource(appleskin)
[15Aug2026 23:32:46.614] [main/DEBUG] [mixin/]: MixinPlatformAgentDefault accepted container SecureJarResource(appleskin)
[15Aug2026 23:32:46.615] [main/DEBUG] [mixin/]: Processing prepare() for PlatformAgent[MixinPlatformAgentDefault:SecureJarResource(appleskin)]
[15Aug2026 23:32:46.615] [main/DEBUG] [mixin/]: Adding mixin platform agents for container SecureJarResource(ferritecore)
[15Aug2026 23:32:46.615] [main/DEBUG] [mixin/]: Instancing new MixinPlatformAgentMinecraftForge for SecureJarResource(ferritecore)
[15Aug2026 23:32:46.615] [main/DEBUG] [mixin/]: MixinPlatformAgentMinecraftForge rejected container SecureJarResource(ferritecore)
[15Aug2026 23:32:46.615] [main/DEBUG] [mixin/]: Instancing new MixinPlatformAgentDefault for SecureJarResource(ferritecore)
[15Aug2026 23:32:46.615] [main/DEBUG] [mixin/]: MixinPlatformAgentDefault accepted container SecureJarResource(ferritecore)
[15Aug2026 23:32:46.615] [main/DEBUG] [mixin/]: Processing prepare() for PlatformAgent[MixinPlatformAgentDefault:SecureJarResource(ferritecore)]
[15Aug2026 23:32:46.615] [main/DEBUG] [mixin/]: Registering mixin config: ferritecore.predicates.mixin.json
[15Aug2026 23:32:46.616] [main/DEBUG] [mixin/]: Registering mixin config: ferritecore.fastmap.mixin.json
[15Aug2026 23:32:46.618] [main/DEBUG] [mixin/]: Registering mixin config: ferritecore.mrl.mixin.json
[15Aug2026 23:32:46.619] [main/DEBUG] [mixin/]: Registering mixin config: ferritecore.dedupmultipart.mixin.json
[15Aug2026 23:32:46.621] [main/DEBUG] [mixin/]: Registering mixin config: ferritecore.blockstatecache.mixin.json
[15Aug2026 23:32:46.622] [main/DEBUG] [mixin/]: Registering mixin config: ferritecore.dedupbakedquad.mixin.json
[15Aug2026 23:32:46.624] [main/DEBUG] [mixin/]: Registering mixin config: ferritecore.threaddetec.mixin.json
[15Aug2026 23:32:46.625] [main/DEBUG] [mixin/]: Registering mixin config: ferritecore.modelsides.mixin.json
[15Aug2026 23:32:46.626] [main/DEBUG] [mixin/]: Adding mixin platform agents for container SecureJarResource(globalxp)
[15Aug2026 23:32:46.627] [main/DEBUG] [mixin/]: Instancing new MixinPlatformAgentMinecraftForge for SecureJarResource(globalxp)
[15Aug2026 23:32:46.627] [main/DEBUG] [mixin/]: MixinPlatformAgentMinecraftForge rejected container SecureJarResource(globalxp)
[15Aug2026 23:32:46.627] [main/DEBUG] [mixin/]: Instancing new MixinPlatformAgentDefault for SecureJarResource(globalxp)
[15Aug2026 23:32:46.627] [main/DEBUG] [mixin/]: MixinPlatformAgentDefault accepted container SecureJarResource(globalxp)
[15Aug2026 23:32:46.627] [main/DEBUG] [mixin/]: Processing prepare() for PlatformAgent[MixinPlatformAgentDefault:SecureJarResource(globalxp)]
[15Aug2026 23:32:46.627] [main/DEBUG] [mixin/]: Adding mixin platform agents for container SecureJarResource(transition)
[15Aug2026 23:32:46.627] [main/DEBUG] [mixin/]: Instancing new MixinPlatformAgentMinecraftForge for SecureJarResource(transition)
[15Aug2026 23:32:46.627] [main/DEBUG] [mixin/]: MixinPlatformAgentMinecraftForge rejected container SecureJarResource(transition)
[15Aug2026 23:32:46.627] [main/DEBUG] [mixin/]: Instancing new MixinPlatformAgentDefault for SecureJarResource(transition)
[15Aug2026 23:32:46.627] [main/DEBUG] [mixin/]: MixinPlatformAgentDefault accepted container SecureJarResource(transition)
[15Aug2026 23:32:46.627] [main/DEBUG] [mixin/]: Processing prepare() for PlatformAgent[MixinPlatformAgentDefault:SecureJarResource(transition)]
[15Aug2026 23:32:46.627] [main/DEBUG] [mixin/]: Registering mixin config: transition.mixins.json
[15Aug2026 23:32:46.628] [main/DEBUG] [mixin/]: Adding mixin platform agents for container SecureJarResource(itemphysic)
[15Aug2026 23:32:46.628] [main/DEBUG] [mixin/]: Instancing new MixinPlatformAgentMinecraftForge for SecureJarResource(itemphysic)
[15Aug2026 23:32:46.628] [main/DEBUG] [mixin/]: MixinPlatformAgentMinecraftForge rejected container SecureJarResource(itemphysic)
[15Aug2026 23:32:46.628] [main/DEBUG] [mixin/]: Instancing new MixinPlatformAgentDefault for SecureJarResource(itemphysic)
[15Aug2026 23:32:46.628] [main/DEBUG] [mixin/]: MixinPlatformAgentDefault accepted container SecureJarResource(itemphysic)
[15Aug2026 23:32:46.628] [main/DEBUG] [mixin/]: Processing prepare() for PlatformAgent[MixinPlatformAgentDefault:SecureJarResource(itemphysic)]
[15Aug2026 23:32:46.628] [main/DEBUG] [mixin/]: Registering mixin config: itemphysic.mixins.json
[15Aug2026 23:32:46.630] [main/DEBUG] [mixin/]: Adding mixin platform agents for container SecureJarResource(puzzleslib)
[15Aug2026 23:32:46.630] [main/DEBUG] [mixin/]: Instancing new MixinPlatformAgentMinecraftForge for SecureJarResource(puzzleslib)
[15Aug2026 23:32:46.631] [main/DEBUG] [mixin/]: MixinPlatformAgentMinecraftForge rejected container SecureJarResource(puzzleslib)
[15Aug2026 23:32:46.631] [main/DEBUG] [mixin/]: Instancing new MixinPlatformAgentDefault for SecureJarResource(puzzleslib)
[15Aug2026 23:32:46.631] [main/DEBUG] [mixin/]: MixinPlatformAgentDefault accepted container SecureJarResource(puzzleslib)
[15Aug2026 23:32:46.631] [main/DEBUG] [mixin/]: Processing prepare() for PlatformAgent[MixinPlatformAgentDefault:SecureJarResource(puzzleslib)]
[15Aug2026 23:32:46.631] [main/DEBUG] [mixin/]: Registering mixin config: puzzleslib.common.mixins.json
[15Aug2026 23:32:46.632] [main/DEBUG] [mixin/]: Registering mixin config: puzzleslib.forge.mixins.json
[15Aug2026 23:32:46.634] [main/DEBUG] [mixin/]: Adding mixin platform agents for container SecureJarResource(moogs_structures)
[15Aug2026 23:32:46.634] [main/DEBUG] [mixin/]: Instancing new MixinPlatformAgentMinecraftForge for SecureJarResource(moogs_structures)
[15Aug2026 23:32:46.635] [main/DEBUG] [mixin/]: MixinPlatformAgentMinecraftForge rejected container SecureJarResource(moogs_structures)
[15Aug2026 23:32:46.635] [main/DEBUG] [mixin/]: Instancing new MixinPlatformAgentDefault for SecureJarResource(moogs_structures)
[15Aug2026 23:32:46.635] [main/DEBUG] [mixin/]: MixinPlatformAgentDefault accepted container SecureJarResource(moogs_structures)
[15Aug2026 23:32:46.635] [main/DEBUG] [mixin/]: Processing prepare() for PlatformAgent[MixinPlatformAgentDefault:SecureJarResource(moogs_structures)]
[15Aug2026 23:32:46.635] [main/DEBUG] [mixin/]: Registering mixin config: moogs_structures-common.mixins.json
[15Aug2026 23:32:46.636] [main/DEBUG] [mixin/]: Registering mixin config: moogs_structures-forge.mixins.json
[15Aug2026 23:32:46.637] [main/DEBUG] [mixin/]: Adding mixin platform agents for container SecureJarResource(healingbed)
[15Aug2026 23:32:46.637] [main/DEBUG] [mixin/]: Instancing new MixinPlatformAgentMinecraftForge for SecureJarResource(healingbed)
[15Aug2026 23:32:46.637] [main/DEBUG] [mixin/]: MixinPlatformAgentMinecraftForge rejected container SecureJarResource(healingbed)
[15Aug2026 23:32:46.637] [main/DEBUG] [mixin/]: Instancing new MixinPlatformAgentDefault for SecureJarResource(healingbed)
[15Aug2026 23:32:46.637] [main/DEBUG] [mixin/]: MixinPlatformAgentDefault accepted container SecureJarResource(healingbed)
[15Aug2026 23:32:46.637] [main/DEBUG] [mixin/]: Processing prepare() for PlatformAgent[MixinPlatformAgentDefault:SecureJarResource(healingbed)]
[15Aug2026 23:32:46.637] [main/DEBUG] [mixin/]: Adding mixin platform agents for container SecureJarResource(playerrevive)
[15Aug2026 23:32:46.637] [main/DEBUG] [mixin/]: Instancing new MixinPlatformAgentMinecraftForge for SecureJarResource(playerrevive)
[15Aug2026 23:32:46.637] [main/DEBUG] [mixin/]: MixinPlatformAgentMinecraftForge rejected container SecureJarResource(playerrevive)
[15Aug2026 23:32:46.637] [main/DEBUG] [mixin/]: Instancing new MixinPlatformAgentDefault for SecureJarResource(playerrevive)
[15Aug2026 23:32:46.638] [main/DEBUG] [mixin/]: MixinPlatformAgentDefault accepted container SecureJarResource(playerrevive)
[15Aug2026 23:32:46.638] [main/DEBUG] [mixin/]: Processing prepare() for PlatformAgent[MixinPlatformAgentDefault:SecureJarResource(playerrevive)]
[15Aug2026 23:32:46.638] [main/DEBUG] [mixin/]: Registering mixin config: playerrevive.mixins.json
[15Aug2026 23:32:46.639] [main/DEBUG] [mixin/]: Adding mixin platform agents for container SecureJarResource(healingcampfire)
[15Aug2026 23:32:46.639] [main/DEBUG] [mixin/]: Instancing new MixinPlatformAgentMinecraftForge for SecureJarResource(healingcampfire)
[15Aug2026 23:32:46.639] [main/DEBUG] [mixin/]: MixinPlatformAgentMinecraftForge rejected container SecureJarResource(healingcampfire)
[15Aug2026 23:32:46.639] [main/DEBUG] [mixin/]: Instancing new MixinPlatformAgentDefault for SecureJarResource(healingcampfire)
[15Aug2026 23:32:46.639] [main/DEBUG] [mixin/]: MixinPlatformAgentDefault accepted container SecureJarResource(healingcampfire)
[15Aug2026 23:32:46.639] [main/DEBUG] [mixin/]: Processing prepare() for PlatformAgent[MixinPlatformAgentDefault:SecureJarResource(healingcampfire)]
[15Aug2026 23:32:46.639] [main/DEBUG] [mixin/]: Registering mixin config: healingcampfire_forge.mixins.json
[15Aug2026 23:32:46.640] [main/DEBUG] [mixin/]: Adding mixin platform agents for container SecureJarResource(i_heard_it_too_remastered)
[15Aug2026 23:32:46.640] [main/DEBUG] [mixin/]: Instancing new MixinPlatformAgentMinecraftForge for SecureJarResource(i_heard_it_too_remastered)
[15Aug2026 23:32:46.640] [main/DEBUG] [mixin/]: MixinPlatformAgentMinecraftForge rejected container SecureJarResource(i_heard_it_too_remastered)
[15Aug2026 23:32:46.640] [main/DEBUG] [mixin/]: Instancing new MixinPlatformAgentDefault for SecureJarResource(i_heard_it_too_remastered)
[15Aug2026 23:32:46.640] [main/DEBUG] [mixin/]: MixinPlatformAgentDefault accepted container SecureJarResource(i_heard_it_too_remastered)
[15Aug2026 23:32:46.641] [main/DEBUG] [mixin/]: Processing prepare() for PlatformAgent[MixinPlatformAgentDefault:SecureJarResource(i_heard_it_too_remastered)]
[15Aug2026 23:32:46.641] [main/DEBUG] [mixin/]: Adding mixin platform agents for container SecureJarResource(mclib)
[15Aug2026 23:32:46.641] [main/DEBUG] [mixin/]: Instancing new MixinPlatformAgentMinecraftForge for SecureJarResource(mclib)
[15Aug2026 23:32:46.641] [main/DEBUG] [mixin/]: MixinPlatformAgentMinecraftForge rejected container SecureJarResource(mclib)
[15Aug2026 23:32:46.641] [main/DEBUG] [mixin/]: Instancing new MixinPlatformAgentDefault for SecureJarResource(mclib)
[15Aug2026 23:32:46.641] [main/DEBUG] [mixin/]: MixinPlatformAgentDefault accepted container SecureJarResource(mclib)
[15Aug2026 23:32:46.641] [main/DEBUG] [mixin/]: Processing prepare() for PlatformAgent[MixinPlatformAgentDefault:SecureJarResource(mclib)]
[15Aug2026 23:32:46.641] [main/DEBUG] [mixin/]: Adding mixin platform agents for container SecureJarResource(NanoLiveConfig)
[15Aug2026 23:32:46.641] [main/DEBUG] [mixin/]: Instancing new MixinPlatformAgentMinecraftForge for SecureJarResource(NanoLiveConfig)
[15Aug2026 23:32:46.641] [main/DEBUG] [mixin/]: MixinPlatformAgentMinecraftForge rejected container SecureJarResource(NanoLiveConfig)
[15Aug2026 23:32:46.642] [main/DEBUG] [mixin/]: Instancing new MixinPlatformAgentDefault for SecureJarResource(NanoLiveConfig)
[15Aug2026 23:32:46.642] [main/DEBUG] [mixin/]: MixinPlatformAgentDefault accepted container SecureJarResource(NanoLiveConfig)
[15Aug2026 23:32:46.642] [main/DEBUG] [mixin/]: Processing prepare() for PlatformAgent[MixinPlatformAgentDefault:SecureJarResource(NanoLiveConfig)]
[15Aug2026 23:32:46.642] [main/DEBUG] [mixin/]: Adding mixin platform agents for container SecureJarResource(mixinextras)
[15Aug2026 23:32:46.642] [main/DEBUG] [mixin/]: Instancing new MixinPlatformAgentMinecraftForge for SecureJarResource(mixinextras)
[15Aug2026 23:32:46.642] [main/DEBUG] [mixin/]: MixinPlatformAgentMinecraftForge rejected container SecureJarResource(mixinextras)
[15Aug2026 23:32:46.642] [main/DEBUG] [mixin/]: Instancing new MixinPlatformAgentDefault for SecureJarResource(mixinextras)
[15Aug2026 23:32:46.642] [main/DEBUG] [mixin/]: MixinPlatformAgentDefault accepted container SecureJarResource(mixinextras)
[15Aug2026 23:32:46.642] [main/DEBUG] [mixin/]: Processing prepare() for PlatformAgent[MixinPlatformAgentDefault:SecureJarResource(mixinextras)]
[15Aug2026 23:32:46.642] [main/DEBUG] [mixin/]: Registering mixin config: mixinextras.init.mixins.json
[15Aug2026 23:32:46.644] [main/DEBUG] [mixin/]: Adding mixin platform agents for container SecureJarResource(capabilitysyncer)
[15Aug2026 23:32:46.644] [main/DEBUG] [mixin/]: Instancing new MixinPlatformAgentMinecraftForge for SecureJarResource(capabilitysyncer)
[15Aug2026 23:32:46.644] [main/DEBUG] [mixin/]: MixinPlatformAgentMinecraftForge rejected container SecureJarResource(capabilitysyncer)
[15Aug2026 23:32:46.644] [main/DEBUG] [mixin/]: Instancing new MixinPlatformAgentDefault for SecureJarResource(capabilitysyncer)
[15Aug2026 23:32:46.644] [main/DEBUG] [mixin/]: MixinPlatformAgentDefault accepted container SecureJarResource(capabilitysyncer)
[15Aug2026 23:32:46.644] [main/DEBUG] [mixin/]: Processing prepare() for PlatformAgent[MixinPlatformAgentDefault:SecureJarResource(capabilitysyncer)]
[15Aug2026 23:32:46.644] [main/DEBUG] [mixin/]: Adding mixin platform agents for container SecureJarResource(org.yaml.snakeyaml)
[15Aug2026 23:32:46.644] [main/DEBUG] [mixin/]: Instancing new MixinPlatformAgentMinecraftForge for SecureJarResource(org.yaml.snakeyaml)
[15Aug2026 23:32:46.644] [main/DEBUG] [mixin/]: MixinPlatformAgentMinecraftForge rejected container SecureJarResource(org.yaml.snakeyaml)
[15Aug2026 23:32:46.645] [main/DEBUG] [mixin/]: Instancing new MixinPlatformAgentDefault for SecureJarResource(org.yaml.snakeyaml)
[15Aug2026 23:32:46.645] [main/DEBUG] [mixin/]: MixinPlatformAgentDefault accepted container SecureJarResource(org.yaml.snakeyaml)
[15Aug2026 23:32:46.645] [main/DEBUG] [mixin/]: Processing prepare() for PlatformAgent[MixinPlatformAgentDefault:SecureJarResource(org.yaml.snakeyaml)]
[15Aug2026 23:32:46.645] [main/DEBUG] [mixin/]: Adding mixin platform agents for container SecureJarResource(MixinExtras)
[15Aug2026 23:32:46.645] [main/DEBUG] [mixin/]: Instancing new MixinPlatformAgentMinecraftForge for SecureJarResource(MixinExtras)
[15Aug2026 23:32:46.645] [main/DEBUG] [mixin/]: MixinPlatformAgentMinecraftForge rejected container SecureJarResource(MixinExtras)
[15Aug2026 23:32:46.645] [main/DEBUG] [mixin/]: Instancing new MixinPlatformAgentDefault for SecureJarResource(MixinExtras)
[15Aug2026 23:32:46.645] [main/DEBUG] [mixin/]: MixinPlatformAgentDefault accepted container SecureJarResource(MixinExtras)
[15Aug2026 23:32:46.645] [main/DEBUG] [mixin/]: Processing prepare() for PlatformAgent[MixinPlatformAgentDefault:SecureJarResource(MixinExtras)]
[15Aug2026 23:32:46.645] [main/DEBUG] [mixin/]: Adding mixin platform agents for container SecureJarResource(Reflect)
[15Aug2026 23:32:46.645] [main/DEBUG] [mixin/]: Instancing new MixinPlatformAgentMinecraftForge for SecureJarResource(Reflect)
[15Aug2026 23:32:46.645] [main/DEBUG] [mixin/]: MixinPlatformAgentMinecraftForge rejected container SecureJarResource(Reflect)
[15Aug2026 23:32:46.645] [main/DEBUG] [mixin/]: Instancing new MixinPlatformAgentDefault for SecureJarResource(Reflect)
[15Aug2026 23:32:46.645] [main/DEBUG] [mixin/]: MixinPlatformAgentDefault accepted container SecureJarResource(Reflect)
[15Aug2026 23:32:46.645] [main/DEBUG] [mixin/]: Processing prepare() for PlatformAgent[MixinPlatformAgentDefault:SecureJarResource(Reflect)]
[15Aug2026 23:32:46.645] [main/DEBUG] [mixin/]: inject() running with 80 agents
[15Aug2026 23:32:46.645] [main/DEBUG] [mixin/]: Processing inject() for PlatformAgent[MixinPlatformAgentDefault:ModLauncher Root Container(ModLauncher:4f56a0a2)]
[15Aug2026 23:32:46.645] [main/DEBUG] [mixin/]: Processing inject() for PlatformAgent[MixinPlatformAgentDefault:SecureJarResource(radium)]
[15Aug2026 23:32:46.645] [main/DEBUG] [mixin/]: Processing inject() for PlatformAgent[MixinPlatformAgentDefault:SecureJarResource(kuma_api)]
[15Aug2026 23:32:46.645] [main/DEBUG] [mixin/]: Processing inject() for PlatformAgent[MixinPlatformAgentDefault:SecureJarResource(mr_epic_structuresvillages)]
[15Aug2026 23:32:46.645] [main/DEBUG] [mixin/]: Processing inject() for PlatformAgent[MixinPlatformAgentDefault:SecureJarResource(geckolib)]
[15Aug2026 23:32:46.645] [main/DEBUG] [mixin/]: Processing inject() for PlatformAgent[MixinPlatformAgentDefault:SecureJarResource(playeranimator)]
[15Aug2026 23:32:46.646] [main/DEBUG] [mixin/]: Processing inject() for PlatformAgent[MixinPlatformAgentDefault:SecureJarResource(jei)]
[15Aug2026 23:32:46.646] [main/DEBUG] [mixin/]: Processing inject() for PlatformAgent[MixinPlatformAgentDefault:SecureJarResource(firstperson)]
[15Aug2026 23:32:46.646] [main/DEBUG] [mixin/]: Processing inject() for PlatformAgent[MixinPlatformAgentDefault:SecureJarResource(visualworkbench)]
[15Aug2026 23:32:46.646] [main/DEBUG] [mixin/]: Processing inject() for PlatformAgent[MixinPlatformAgentDefault:SecureJarResource(xaerolib)]
[15Aug2026 23:32:46.646] [main/DEBUG] [mixin/]: Processing inject() for PlatformAgent[MixinPlatformAgentDefault:SecureJarResource(trmt)]
[15Aug2026 23:32:46.646] [main/DEBUG] [mixin/]: Processing inject() for PlatformAgent[MixinPlatformAgentDefault:SecureJarResource(trender)]
[15Aug2026 23:32:46.646] [main/DEBUG] [mixin/]: Processing inject() for PlatformAgent[MixinPlatformAgentDefault:SecureJarResource(waystones)]
[15Aug2026 23:32:46.646] [main/DEBUG] [mixin/]: Processing inject() for PlatformAgent[MixinPlatformAgentDefault:SecureJarResource(structory)]
[15Aug2026 23:32:46.646] [main/DEBUG] [mixin/]: Processing inject() for PlatformAgent[MixinPlatformAgentDefault:SecureJarResource(clumps)]
[15Aug2026 23:32:46.646] [main/DEBUG] [mixin/]: Processing inject() for PlatformAgent[MixinPlatformAgentDefault:SecureJarResource(xaeroworldmap)]
[15Aug2026 23:32:46.646] [main/DEBUG] [mixin/]: Processing inject() for PlatformAgent[MixinPlatformAgentDefault:SecureJarResource(modernfix)]
[15Aug2026 23:32:46.646] [main/DEBUG] [mixin/]: Processing inject() for PlatformAgent[MixinPlatformAgentDefault:SecureJarResource(citadel)]
[15Aug2026 23:32:46.646] [main/DEBUG] [mixin/]: Processing inject() for PlatformAgent[MixinPlatformAgentDefault:SecureJarResource(alexsmobs)]
[15Aug2026 23:32:46.646] [main/DEBUG] [mixin/]: Processing inject() for PlatformAgent[MixinPlatformAgentDefault:SecureJarResource(travelersbackpack)]
[15Aug2026 23:32:46.646] [main/DEBUG] [mixin/]: Processing inject() for PlatformAgent[MixinPlatformAgentDefault:SecureJarResource(mr_epicterrain)]
[15Aug2026 23:32:46.646] [main/DEBUG] [mixin/]: Processing inject() for PlatformAgent[MixinPlatformAgentDefault:SecureJarResource(relics)]
[15Aug2026 23:32:46.646] [main/DEBUG] [mixin/]: Processing inject() for PlatformAgent[MixinPlatformAgentDefault:SecureJarResource(mcwdoors)]
[15Aug2026 23:32:46.646] [main/DEBUG] [mixin/]: Processing inject() for PlatformAgent[MixinPlatformAgentDefault:SecureJarResource(iceandfire)]
[15Aug2026 23:32:46.646] [main/DEBUG] [mixin/]: Processing inject() for PlatformAgent[MixinPlatformAgentDefault:SecureJarResource(balm)]
[15Aug2026 23:32:46.646] [main/DEBUG] [mixin/]: Processing inject() for PlatformAgent[MixinPlatformAgentDefault:SecureJarResource(carryon)]
[15Aug2026 23:32:46.646] [main/DEBUG] [mixin/]: Processing inject() for PlatformAgent[MixinPlatformAgentDefault:SecureJarResource(shieldexp)]
[15Aug2026 23:32:46.646] [main/DEBUG] [mixin/]: Processing inject() for PlatformAgent[MixinPlatformAgentDefault:SecureJarResource(puzzlesaccessapi)]
[15Aug2026 23:32:46.646] [main/DEBUG] [mixin/]: Processing inject() for PlatformAgent[MixinPlatformAgentDefault:SecureJarResource(cloth_config)]
[15Aug2026 23:32:46.646] [main/DEBUG] [mixin/]: Processing inject() for PlatformAgent[MixinPlatformAgentDefault:SecureJarResource(forge)]
[15Aug2026 23:32:46.646] [main/DEBUG] [mixin/]: Processing inject() for PlatformAgent[MixinPlatformAgentDefault:SecureJarResource(vm)]
[15Aug2026 23:32:46.646] [main/DEBUG] [mixin/]: Processing inject() for PlatformAgent[MixinPlatformAgentDefault:SecureJarResource(tlskincape)]
[15Aug2026 23:32:46.646] [main/DEBUG] [mixin/]: Processing inject() for PlatformAgent[MixinPlatformAgentDefault:SecureJarResource(sodiumdynamiclights)]
[15Aug2026 23:32:46.646] [main/DEBUG] [mixin/]: Processing inject() for PlatformAgent[MixinPlatformAgentDefault:SecureJarResource(geophilic)]
[15Aug2026 23:32:46.646] [main/DEBUG] [mixin/]: Processing inject() for PlatformAgent[MixinPlatformAgentDefault:SecureJarResource(corpse)]
[15Aug2026 23:32:46.646] [main/DEBUG] [mixin/]: Processing inject() for PlatformAgent[MixinPlatformAgentDefault:SecureJarResource(nyfsspiders)]
[15Aug2026 23:32:46.646] [main/DEBUG] [mixin/]: Processing inject() for PlatformAgent[MixinPlatformAgentDefault:SecureJarResource(dungeons_arise)]
[15Aug2026 23:32:46.646] [main/DEBUG] [mixin/]: Processing inject() for PlatformAgent[MixinPlatformAgentDefault:SecureJarResource(minecraft)]
[15Aug2026 23:32:46.646] [main/DEBUG] [mixin/]: Processing inject() for PlatformAgent[MixinPlatformAgentDefault:SecureJarResource(grue_remake)]
[15Aug2026 23:32:46.646] [main/DEBUG] [mixin/]: Processing inject() for PlatformAgent[MixinPlatformAgentDefault:SecureJarResource(voicechat)]
[15Aug2026 23:32:46.646] [main/DEBUG] [mixin/]: Processing inject() for PlatformAgent[MixinPlatformAgentDefault:SecureJarResource(sound_physics_remastered)]
[15Aug2026 23:32:46.646] [main/DEBUG] [mixin/]: Processing inject() for PlatformAgent[MixinPlatformAgentDefault:SecureJarResource(ambientsounds)]
[15Aug2026 23:32:46.646] [main/DEBUG] [mixin/]: Processing inject() for PlatformAgent[MixinPlatformAgentDefault:SecureJarResource(fabric_api_base)]
[15Aug2026 23:32:46.646] [main/DEBUG] [mixin/]: Processing inject() for PlatformAgent[MixinPlatformAgentDefault:SecureJarResource(bettercombat)]
[15Aug2026 23:32:46.646] [main/DEBUG] [mixin/]: Processing inject() for PlatformAgent[MixinPlatformAgentDefault:SecureJarResource(simpleshops)]
[15Aug2026 23:32:46.646] [main/DEBUG] [mixin/]: Processing inject() for PlatformAgent[MixinPlatformAgentDefault:SecureJarResource(mr_serversleep)]
[15Aug2026 23:32:46.646] [main/DEBUG] [mixin/]: Processing inject() for PlatformAgent[MixinPlatformAgentDefault:SecureJarResource(creativecore)]
[15Aug2026 23:32:46.646] [main/DEBUG] [mixin/]: Processing inject() for PlatformAgent[MixinPlatformAgentDefault:SecureJarResource(awcapi)]
[15Aug2026 23:32:46.646] [main/DEBUG] [mixin/]: Processing inject() for PlatformAgent[MixinPlatformAgentDefault:SecureJarResource(mcwtrpdoors)]
[15Aug2026 23:32:46.646] [main/DEBUG] [mixin/]: Processing inject() for PlatformAgent[MixinPlatformAgentDefault:SecureJarResource(epic_knights_x_better_combat)]
[15Aug2026 23:32:46.646] [main/DEBUG] [mixin/]: Processing inject() for PlatformAgent[MixinPlatformAgentDefault:SecureJarResource(notenoughanimations)]
[15Aug2026 23:32:46.646] [main/DEBUG] [mixin/]: Processing inject() for PlatformAgent[MixinPlatformAgentDefault:SecureJarResource(curios)]
[15Aug2026 23:32:46.646] [main/DEBUG] [mixin/]: Processing inject() for PlatformAgent[MixinPlatformAgentDefault:SecureJarResource(collective)]
[15Aug2026 23:32:46.646] [main/DEBUG] [mixin/]: Processing inject() for PlatformAgent[MixinPlatformAgentDefault:SecureJarResource(storagedrawers)]
[15Aug2026 23:32:46.646] [main/DEBUG] [mixin/]: Processing inject() for PlatformAgent[MixinPlatformAgentDefault:SecureJarResource(parcool)]
[15Aug2026 23:32:46.646] [main/DEBUG] [mixin/]: Processing inject() for PlatformAgent[MixinPlatformAgentDefault:SecureJarResource(paraglider)]
[15Aug2026 23:32:46.647] [main/DEBUG] [mixin/]: Processing inject() for PlatformAgent[MixinPlatformAgentDefault:SecureJarResource(immediatelyfast)]
[15Aug2026 23:32:46.647] [main/DEBUG] [mixin/]: Processing inject() for PlatformAgent[MixinPlatformAgentDefault:SecureJarResource(mvs)]
[15Aug2026 23:32:46.647] [main/DEBUG] [mixin/]: Processing inject() for PlatformAgent[MixinPlatformAgentDefault:SecureJarResource(architectury)]
[15Aug2026 23:32:46.647] [main/DEBUG] [mixin/]: Processing inject() for PlatformAgent[MixinPlatformAgentDefault:SecureJarResource(octolib)]
[15Aug2026 23:32:46.647] [main/DEBUG] [mixin/]: Processing inject() for PlatformAgent[MixinPlatformAgentDefault:SecureJarResource(magistuarmory)]
[15Aug2026 23:32:46.647] [main/DEBUG] [mixin/]: Processing inject() for PlatformAgent[MixinPlatformAgentDefault:SecureJarResource(epic_knights_ice_and_fire)]
[15Aug2026 23:32:46.647] [main/DEBUG] [mixin/]: Processing inject() for PlatformAgent[MixinPlatformAgentDefault:SecureJarResource(appleskin)]
[15Aug2026 23:32:46.647] [main/DEBUG] [mixin/]: Processing inject() for PlatformAgent[MixinPlatformAgentDefault:SecureJarResource(ferritecore)]
[15Aug2026 23:32:46.647] [main/DEBUG] [mixin/]: Processing inject() for PlatformAgent[MixinPlatformAgentDefault:SecureJarResource(globalxp)]
[15Aug2026 23:32:46.647] [main/DEBUG] [mixin/]: Processing inject() for PlatformAgent[MixinPlatformAgentDefault:SecureJarResource(transition)]
[15Aug2026 23:32:46.647] [main/DEBUG] [mixin/]: Processing inject() for PlatformAgent[MixinPlatformAgentDefault:SecureJarResource(itemphysic)]
[15Aug2026 23:32:46.647] [main/DEBUG] [mixin/]: Processing inject() for PlatformAgent[MixinPlatformAgentDefault:SecureJarResource(puzzleslib)]
[15Aug2026 23:32:46.647] [main/DEBUG] [mixin/]: Processing inject() for PlatformAgent[MixinPlatformAgentDefault:SecureJarResource(moogs_structures)]
[15Aug2026 23:32:46.647] [main/DEBUG] [mixin/]: Processing inject() for PlatformAgent[MixinPlatformAgentDefault:SecureJarResource(healingbed)]
[15Aug2026 23:32:46.647] [main/DEBUG] [mixin/]: Processing inject() for PlatformAgent[MixinPlatformAgentDefault:SecureJarResource(playerrevive)]
[15Aug2026 23:32:46.647] [main/DEBUG] [mixin/]: Processing inject() for PlatformAgent[MixinPlatformAgentDefault:SecureJarResource(healingcampfire)]
[15Aug2026 23:32:46.647] [main/DEBUG] [mixin/]: Processing inject() for PlatformAgent[MixinPlatformAgentDefault:SecureJarResource(i_heard_it_too_remastered)]
[15Aug2026 23:32:46.647] [main/DEBUG] [mixin/]: Processing inject() for PlatformAgent[MixinPlatformAgentDefault:SecureJarResource(mclib)]
[15Aug2026 23:32:46.647] [main/DEBUG] [mixin/]: Processing inject() for PlatformAgent[MixinPlatformAgentDefault:SecureJarResource(NanoLiveConfig)]
[15Aug2026 23:32:46.647] [main/DEBUG] [mixin/]: Processing inject() for PlatformAgent[MixinPlatformAgentDefault:SecureJarResource(mixinextras)]
[15Aug2026 23:32:46.647] [main/DEBUG] [mixin/]: Processing inject() for PlatformAgent[MixinPlatformAgentDefault:SecureJarResource(capabilitysyncer)]
[15Aug2026 23:32:46.647] [main/DEBUG] [mixin/]: Processing inject() for PlatformAgent[MixinPlatformAgentDefault:SecureJarResource(org.yaml.snakeyaml)]
[15Aug2026 23:32:46.647] [main/DEBUG] [mixin/]: Processing inject() for PlatformAgent[MixinPlatformAgentDefault:SecureJarResource(MixinExtras)]
[15Aug2026 23:32:46.647] [main/DEBUG] [mixin/]: Processing inject() for PlatformAgent[MixinPlatformAgentDefault:SecureJarResource(Reflect)]
[15Aug2026 23:32:46.670] [main/DEBUG] [mixin/]: Error cleaning class output directory: .mixin.out
[15Aug2026 23:32:46.671] [main/DEBUG] [mixin/]: Preparing mixins for MixinEnvironment[PREINIT]
[15Aug2026 23:32:46.677] [main/INFO] [mixin/]: Successfully loaded Mixin Connector [org.tlauncher.MixinConnector]
[15Aug2026 23:32:46.678] [main/INFO] [mixin/]: Successfully loaded Mixin Connector [com.sonicether.soundphysics.MixinConnector]
[15Aug2026 23:32:46.680] [main/DEBUG] [mixin/]: Compatibility level JAVA_16 specified by tlskincape-mixins.json is higher than the maximum level supported by this version of mixin (JAVA_13).
[15Aug2026 23:32:46.682] [main/INFO] [cpw.mods.modlauncher.LaunchServiceHandler/MODLAUNCHER]: Launching target 'forgeserver' with arguments [nogui]
[15Aug2026 23:32:46.685] [main/DEBUG] [mixin/]: Preparing mixins for MixinEnvironment[DEFAULT]
[15Aug2026 23:32:46.685] [main/DEBUG] [mixin/]: Selecting config lithium.mixins.json
[15Aug2026 23:32:46.977] [main/INFO] [Radium Config/]: Loaded configuration file for Radium: 125 options available, 1 override(s) found
[15Aug2026 23:32:46.996] [main/DEBUG] [mixin/]: Selecting config kuma_api.mixins.json
[15Aug2026 23:32:46.997] [main/DEBUG] [mixin/]: Selecting config kuma_api.forge.mixins.json
[15Aug2026 23:32:46.999] [main/DEBUG] [mixin/]: Selecting config geckolib.mixins.json
[15Aug2026 23:32:47.001] [main/DEBUG] [mixin/]: Selecting config playerAnimator-common.mixins.json
[15Aug2026 23:32:47.003] [main/DEBUG] [mixin/]: Selecting config firstperson.mixins.json
[15Aug2026 23:32:47.005] [main/DEBUG] [mixin/]: Selecting config visualworkbench.common.mixins.json
[15Aug2026 23:32:47.007] [main/DEBUG] [mixin/]: Selecting config xaerolib.mixins.json
[15Aug2026 23:32:47.010] [main/DEBUG] [mixin/]: Selecting config xaerolib.forge.mixins.json
[15Aug2026 23:32:47.011] [main/DEBUG] [mixin/]: Selecting config trmt.mixins.json
[15Aug2026 23:32:47.013] [main/DEBUG] [mixin/]: Selecting config trender.mixins.json
[15Aug2026 23:32:47.015] [main/DEBUG] [mixin/]: Selecting config waystones.mixins.json
[15Aug2026 23:32:47.017] [main/DEBUG] [mixin/]: Selecting config clumps.mixins.json
[15Aug2026 23:32:47.018] [main/DEBUG] [mixin/]: Selecting config xaeroworldmap.mixins.json
[15Aug2026 23:32:47.021] [main/DEBUG] [mixin/]: Selecting config xaeroworldmap.forge.mixins.json
[15Aug2026 23:32:47.022] [main/DEBUG] [mixin/]: Selecting config modernfix-modernfix.mixins.json
[15Aug2026 23:32:47.208] [main/INFO] [ModernFix/]: Loaded configuration file for ModernFix 5.27.66+mc1.20.1: 110 options available, 0 override(s) found
[15Aug2026 23:32:47.210] [main/INFO] [ModernFix/]: Applying Nashorn fix
[15Aug2026 23:32:47.236] [main/INFO] [ModernFix/]: Applied Forge config corruption patch
[15Aug2026 23:32:47.248] [main/DEBUG] [mixin/]: Selecting config citadel.mixins.json
[15Aug2026 23:32:47.250] [main/DEBUG] [mixin/]: Selecting config mixins.travelersbackpack.json
[15Aug2026 23:32:47.251] [main/DEBUG] [mixin/]: Selecting config relics.mixins.json
[15Aug2026 23:32:47.252] [main/DEBUG] [mixin/]: Selecting config iceandfire.mixins.json
[15Aug2026 23:32:47.253] [main/DEBUG] [mixin/]: Selecting config balm.mixins.json
[15Aug2026 23:32:47.254] [main/DEBUG] [mixin/]: Selecting config carryon.mixins.json
[15Aug2026 23:32:47.291] [main/DEBUG] [MixinExtras|Service/]: com.llamalad7.mixinextras.service.MixinExtrasServiceImpl(version=0.5.2) is taking over from null
[15Aug2026 23:32:47.421] [main/DEBUG] [mixin/]: Registering new injector for @Inject with org.spongepowered.asm.mixin.injection.struct.CallbackInjectionInfo
[15Aug2026 23:32:47.422] [main/DEBUG] [mixin/]: Registering new injector for @ModifyArg with org.spongepowered.asm.mixin.injection.struct.ModifyArgInjectionInfo
[15Aug2026 23:32:47.423] [main/DEBUG] [mixin/]: Registering new injector for @ModifyArgs with org.spongepowered.asm.mixin.injection.struct.ModifyArgsInjectionInfo
[15Aug2026 23:32:47.436] [main/DEBUG] [mixin/]: Registering new injector for @Redirect with org.spongepowered.asm.mixin.injection.struct.RedirectInjectionInfo
[15Aug2026 23:32:47.437] [main/DEBUG] [mixin/]: Registering new injector for @ModifyVariable with org.spongepowered.asm.mixin.injection.struct.ModifyVariableInjectionInfo
[15Aug2026 23:32:47.439] [main/DEBUG] [mixin/]: Registering new injector for @ModifyConstant with org.spongepowered.asm.mixin.injection.struct.ModifyConstantInjectionInfo
[15Aug2026 23:32:47.452] [main/DEBUG] [mixin/]: Selecting config carryon.forge.mixins.json
[15Aug2026 23:32:47.453] [main/DEBUG] [mixin/]: Selecting config shieldexp.mixins.json
[15Aug2026 23:32:47.454] [main/DEBUG] [mixin/]: Selecting config shieldexp.forge.mixins.json
[15Aug2026 23:32:47.455] [main/DEBUG] [mixin/]: Selecting config puzzlesaccessapi.common.mixins.json
[15Aug2026 23:32:47.458] [main/WARN] [mixin/]: Reference map 'puzzlesaccessapi.common.refmap.json' for puzzlesaccessapi.common.mixins.json could not be read. If this is a development environment you can ignore this message
[15Aug2026 23:32:47.459] [main/DEBUG] [mixin/]: Selecting config puzzlesaccessapi.forge.mixins.json
[15Aug2026 23:32:47.461] [main/DEBUG] [mixin/]: Selecting config mixins.sodiumdynamiclights.json
[15Aug2026 23:32:47.462] [main/DEBUG] [mixin/]: Selecting config nyfsspiders.mixins.json
[15Aug2026 23:32:47.463] [main/DEBUG] [mixin/]: Selecting config ambientsounds.mixins.json
[15Aug2026 23:32:47.464] [main/DEBUG] [mixin/]: Selecting config fabric-api-base.init.mixins.json
[15Aug2026 23:32:47.476] [main/DEBUG] [mixin/]: Selecting config bettercombat.mixins.json
[15Aug2026 23:32:47.478] [main/DEBUG] [mixin/]: Selecting config creativecore.mixins.json
[15Aug2026 23:32:47.480] [main/DEBUG] [mixin/]: Selecting config creativecore.forge.mixins.json
[15Aug2026 23:32:47.481] [main/DEBUG] [mixin/]: Selecting config notenoughanimations.mixins.json
[15Aug2026 23:32:47.483] [main/DEBUG] [mixin/]: Selecting config curios.mixins.json
[15Aug2026 23:32:47.484] [main/DEBUG] [mixin/]: Selecting config collective_forge.mixins.json
[15Aug2026 23:32:47.486] [main/DEBUG] [mixin/]: Selecting config parcool.mixins.json
[15Aug2026 23:32:47.491] [main/DEBUG] [mixin/]: Selecting config paraglider.mixins.json
[15Aug2026 23:32:47.492] [main/DEBUG] [mixin/]: Selecting config immediatelyfast-common.mixins.json
[15Aug2026 23:32:47.515] [main/DEBUG] [mixin/]: Selecting config immediatelyfast-forge.mixins.json
[15Aug2026 23:32:47.517] [main/DEBUG] [mixin/]: Selecting config architectury.mixins.json
[15Aug2026 23:32:47.519] [main/DEBUG] [mixin/]: Selecting config architectury-common.mixins.json
[15Aug2026 23:32:47.520] [main/DEBUG] [mixin/]: Selecting config mixins.epic_knights_ice_and_fire.json
[15Aug2026 23:32:47.521] [main/WARN] [mixin/]: Reference map 'mixins.epic_knights_ice_and_fire.refmap.json' for mixins.epic_knights_ice_and_fire.json could not be read. If this is a development environment you can ignore this message
[15Aug2026 23:32:47.521] [main/DEBUG] [mixin/]: Selecting config ferritecore.predicates.mixin.json
[15Aug2026 23:32:47.534] [main/DEBUG] [mixin/]: Selecting config ferritecore.fastmap.mixin.json
[15Aug2026 23:32:47.536] [main/DEBUG] [mixin/]: Selecting config ferritecore.mrl.mixin.json
[15Aug2026 23:32:47.539] [main/DEBUG] [mixin/]: Selecting config ferritecore.dedupmultipart.mixin.json
[15Aug2026 23:32:47.540] [main/DEBUG] [mixin/]: Selecting config ferritecore.blockstatecache.mixin.json
[15Aug2026 23:32:47.542] [main/DEBUG] [mixin/]: Selecting config ferritecore.dedupbakedquad.mixin.json
[15Aug2026 23:32:47.544] [main/DEBUG] [mixin/]: Selecting config ferritecore.threaddetec.mixin.json
[15Aug2026 23:32:47.546] [main/DEBUG] [mixin/]: Selecting config ferritecore.modelsides.mixin.json
[15Aug2026 23:32:47.550] [main/DEBUG] [mixin/]: Selecting config transition.mixins.json
[15Aug2026 23:32:47.552] [main/DEBUG] [mixin/]: Selecting config itemphysic.mixins.json
[15Aug2026 23:32:47.553] [main/DEBUG] [mixin/]: Selecting config puzzleslib.common.mixins.json
[15Aug2026 23:32:47.601] [main/INFO] [Puzzles Lib/]: Loading 72 mods:
	- alexsmobs 1.22.9
	- ambientsounds 6.3.7
	- appleskin 2.5.1+mc1.20.1
	- architectury 9.2.14
	- balm 7.3.41
		\-- kuma_api 20.1.12
	- bettercombat 1.9.0+1.20.1
	- carryon 2.1.2.7
	- citadel 2.6.3
	- cloth_config 11.1.136
	- clumps 12.0.0.4
	- collective 8.39
	- corpse 1.20.1-1.0.23
	- creativecore 2.12.39
	- curios 5.14.1+1.20.1
	- dungeons_arise 2.1.58-1.20.x
	- epic_knights_ice_and_fire 1.0
	- epic_knights_x_better_combat 1.0.1-1.20.1+1.21.1
	- ferritecore 6.0.1
	- firstperson 2.7.2
		\-- trender 1.0.15
	- forge 47.3.7
	- geckolib 4.8.4
	- geophilic 3.6
	- globalxp 1.11
	- grue_remake 1.5.0
	- healingbed 1.20.1
	- healingcampfire 6.3
	- i_heard_it_too_remastered 1.6
	- iceandfire 2.1.13-1.20.1
	- immediatelyfast 1.5.5+1.20.4
	- itemphysic 1.8.13
	- jei 15.21.0.148
	- magistuarmory 10.11
	- mcwdoors 1.1.2
	- mcwtrpdoors 1.1.5
	- minecraft 1.20.1
	- modernfix 5.27.66+mc1.20.1
	- moogs_structures 3.0.0
	- mr_epic_structuresvillages 1.3.0
	- mr_epicterrain 0.2.5
	- mr_serversleep 1-datapack
	- mvs 5.0.6
	- notenoughanimations 1.12.4
		\-- transition 1.0.21
	- nyfsspiders 3.0.1
		\-- awcapi 1.0.2
	- octolib 0.4.2
	- paraglider 20.1.3
	- parcool 3.4.3.3
	- playeranimator 1.0.2-rc1+1.20
	- playerrevive 2.0.31
	- puzzleslib 8.1.33
		\-- puzzlesaccessapi 20.1.1
	- radium 0.12.4+git.26c9d8e
	- relics 0.8.0.7
	- shieldexp 1.3.7
	- simpleshops 1.2.2
	- sodiumdynamiclights 1.0.9
		\-- fabric_api_base 0.4.31+ef105b4977
	- sound_physics_remastered 1.20.1-1.5.1
	- storagedrawers 12.14.3
	- structory 1.3.5
	- tlskincape 1.32
	- travelersbackpack 9.1.56
	- trmt 0.5.1b-1.20.1-forge
	- visualworkbench 8.0.1
	- vm 1.0.10
	- voicechat 1.20.1-2.6.18
		\-- voicechat_api 2.6.13
	- waystones 14.1.20
	- xaeroworldmap 1.40.4
		\-- xaerolib 1.0.45
[15Aug2026 23:32:47.603] [main/DEBUG] [mixin/]: Selecting config puzzleslib.forge.mixins.json
[15Aug2026 23:32:47.605] [main/DEBUG] [mixin/]: Selecting config moogs_structures-common.mixins.json
[15Aug2026 23:32:47.607] [main/DEBUG] [mixin/]: Selecting config moogs_structures-forge.mixins.json
[15Aug2026 23:32:47.612] [main/DEBUG] [mixin/]: Selecting config playerrevive.mixins.json
[15Aug2026 23:32:47.613] [main/DEBUG] [mixin/]: Selecting config healingcampfire_forge.mixins.json
[15Aug2026 23:32:47.615] [main/DEBUG] [mixin/]: Selecting config mixinextras.init.mixins.json
[15Aug2026 23:32:47.622] [main/DEBUG] [mixin/]: Selecting config tlskincape-mixins.json
[15Aug2026 23:32:47.627] [main/DEBUG] [mixin/]: Selecting config sound_physics_remastered.mixins.json
[15Aug2026 23:32:47.629] [main/DEBUG] [mixin/]: Preparing lithium.mixins.json (220)
[15Aug2026 23:32:47.669] [main/WARN] [Radium Config/]: Force-disabling mixin 'alloc.blockstate.StateMixin' as option 'mixin.alloc.blockstate' (added by mods [ferritecore]) disables it and children
[15Aug2026 23:32:48.006] [main/DEBUG] [net.minecraftforge.coremod.transformer.CoreModBaseTransformer/COREMOD]: Transforming net/minecraft/world/entity/raid/Raid
[15Aug2026 23:32:48.672] [main/DEBUG] [net.minecraftforge.coremod.transformer.CoreModBaseTransformer/COREMOD]: Transforming net/minecraft/world/level/biome/Biome
[15Aug2026 23:32:48.713] [main/DEBUG] [mixin/]: Preparing kuma_api.mixins.json (1)
[15Aug2026 23:32:48.713] [main/DEBUG] [mixin/]: Preparing kuma_api.forge.mixins.json (0)
[15Aug2026 23:32:48.713] [main/DEBUG] [mixin/]: Preparing geckolib.mixins.json (1)
[15Aug2026 23:32:48.713] [main/DEBUG] [mixin/]: Preparing playerAnimator-common.mixins.json (14)
[15Aug2026 23:32:48.713] [main/DEBUG] [mixin/]: Preparing firstperson.mixins.json (19)
[15Aug2026 23:32:48.713] [main/DEBUG] [mixin/]: Preparing visualworkbench.common.mixins.json (2)
[15Aug2026 23:32:48.719] [main/DEBUG] [mixin/]: Preparing xaerolib.mixins.json (5)
[15Aug2026 23:32:48.734] [main/DEBUG] [mixin/]: Preparing xaerolib.forge.mixins.json (0)
[15Aug2026 23:32:48.735] [main/DEBUG] [mixin/]: Preparing trmt.mixins.json (9)
[15Aug2026 23:32:48.812] [main/DEBUG] [mixin/]: Preparing trender.mixins.json (2)
[15Aug2026 23:32:48.813] [main/DEBUG] [mixin/]: Preparing waystones.mixins.json (3)
[15Aug2026 23:32:48.828] [main/DEBUG] [mixin/]: Preparing clumps.mixins.json (2)
[15Aug2026 23:32:48.833] [main/DEBUG] [mixin/]: Preparing xaeroworldmap.mixins.json (11)
[15Aug2026 23:32:48.848] [main/DEBUG] [mixin/]: Preparing xaeroworldmap.forge.mixins.json (2)
[15Aug2026 23:32:48.848] [main/DEBUG] [mixin/]: Preparing modernfix-modernfix.mixins.json (196)
[15Aug2026 23:32:48.849] [main/DEBUG] [ModernFix/]: Skipping mixin devenv.GameDataMixin: disabled by configuration
[15Aug2026 23:32:48.849] [main/DEBUG] [ModernFix/]: Applying mixin bugfix.removed_dimensions.LevelStorageSourceMixin
[15Aug2026 23:32:48.850] [main/DEBUG] [ModernFix/]: Applying mixin bugfix.chunk_deadlock.ServerChunkCache_CurrentLoadingMixin
[15Aug2026 23:32:48.851] [main/DEBUG] [ModernFix/]: Applying mixin bugfix.chunk_deadlock.ChunkMapLoadMixin
[15Aug2026 23:32:48.851] [main/DEBUG] [ModernFix/]: Applying mixin bugfix.chunk_deadlock.EntityMixin
[15Aug2026 23:32:48.851] [main/DEBUG] [ModernFix/]: Applying mixin bugfix.registry_ops_cme.RegistryOpsMemoizedMixin
[15Aug2026 23:32:48.852] [main/DEBUG] [ModernFix/]: Skipping mixin bugfix.unsafe_modded_shape_caches.ShapeCacheCyclicMixin: disabled for mod compat (cyclic)
[15Aug2026 23:32:48.852] [main/DEBUG] [ModernFix/]: Skipping mixin bugfix.unsafe_modded_shape_caches.ShapeCacheRSMixin: disabled for mod compat (refinedstorage)
[15Aug2026 23:32:48.852] [main/DEBUG] [ModernFix/]: Applying mixin bugfix.paper_chunk_patches.SortedArraySetMixin
[15Aug2026 23:32:48.853] [main/DEBUG] [ModernFix/]: Applying mixin bugfix.paper_chunk_patches.ChunkMapMixin
[15Aug2026 23:32:48.853] [main/DEBUG] [ModernFix/]: Skipping mixin bugfix.cofh_core_crash.FlagManagerMixin: disabled for mod compat (cofh_core)
[15Aug2026 23:32:48.854] [main/DEBUG] [ModernFix/]: Skipping mixin bugfix.restore_old_dragon_movement.EnderDragonMixin: disabled by configuration
[15Aug2026 23:32:48.854] [main/DEBUG] [ModernFix/]: Applying mixin bugfix.forge_vehicle_packets.ServerGamePacketListenerImplMixin
[15Aug2026 23:32:48.855] [main/DEBUG] [ModernFix/]: Applying mixin bugfix.concurrency.NamespacedWrapperMixin
[15Aug2026 23:32:48.855] [main/DEBUG] [ModernFix/]: Applying mixin bugfix.concurrency.MappedRegistryMixin
[15Aug2026 23:32:48.856] [main/DEBUG] [ModernFix/]: Applying mixin bugfix.concurrency.ForgeRegistryTagManagerMixin
[15Aug2026 23:32:48.856] [main/DEBUG] [ModernFix/]: Applying mixin feature.measure_time.SimpleReloadInstanceMixin
[15Aug2026 23:32:48.859] [main/DEBUG] [ModernFix/]: Applying mixin feature.measure_time.AddReloadListenerEventWrapperMixin
[15Aug2026 23:32:48.859] [main/DEBUG] [ModernFix/]: Applying mixin feature.measure_time.BootstrapMixin
[15Aug2026 23:32:48.859] [main/DEBUG] [ModernFix/]: Applying mixin feature.measure_time.WorldLoaderMixin
[15Aug2026 23:32:48.860] [main/DEBUG] [ModernFix/]: Applying mixin feature.measure_time.ProfiledReloadInstanceMixin
[15Aug2026 23:32:48.861] [main/DEBUG] [ModernFix/]: Applying mixin feature.mcfunction_profiling.ServerFunctionManagerMixin
[15Aug2026 23:32:48.861] [main/DEBUG] [ModernFix/]: Applying mixin feature.branding.BrandingControlMixin
[15Aug2026 23:32:48.861] [main/DEBUG] [ModernFix/]: Skipping mixin feature.blockentity_incorrect_thread.ChunkAccessMixin: disabled by configuration
[15Aug2026 23:32:48.864] [main/DEBUG] [ModernFix/]: Skipping mixin feature.blockentity_incorrect_thread.LevelThreadAccessor: disabled by configuration
[15Aug2026 23:32:48.865] [main/DEBUG] [ModernFix/]: Skipping mixin feature.cause_lag_by_disabling_threads.UtilMixin: disabled by configuration
[15Aug2026 23:32:48.867] [main/DEBUG] [ModernFix/]: Applying mixin core.BootstrapMixin
[15Aug2026 23:32:48.867] [main/DEBUG] [ModernFix/]: Applying mixin core.MinecraftServerMixin
[15Aug2026 23:32:48.868] [main/DEBUG] [ModernFix/]: Applying mixin core.WorldLoaderMixin
[15Aug2026 23:32:48.868] [main/DEBUG] [ModernFix/]: Applying mixin core.PalettedContainerMixin
[15Aug2026 23:32:48.868] [main/DEBUG] [ModernFix/]: Applying mixin core.NetworkHooksMixin
[15Aug2026 23:32:48.869] [main/DEBUG] [ModernFix/]: Applying mixin core.GameDataMixin
[15Aug2026 23:32:48.870] [main/DEBUG] [ModernFix/]: Applying mixin core.CrashReportAnalyserMixin
[15Aug2026 23:32:48.870] [main/DEBUG] [ModernFix/]: Applying mixin perf.memoize_creative_tab_build.CreativeModeTabMixin
[15Aug2026 23:32:48.870] [main/DEBUG] [ModernFix/]: Skipping mixin perf.ingredient_item_deduplication.IngredientMixin: disabled for mod compat ([feature level: requires BETA])
[15Aug2026 23:32:48.871] [main/DEBUG] [ModernFix/]: Skipping mixin perf.ingredient_item_deduplication.IngredientItemValueMixin: disabled for mod compat ([feature level: requires BETA])
[15Aug2026 23:32:48.871] [main/DEBUG] [ModernFix/]: Applying mixin perf.fix_loop_spin_waiting.MinecraftServerMixin
[15Aug2026 23:32:48.872] [main/DEBUG] [ModernFix/]: Applying mixin perf.tag_id_caching.TagEntryMixin
[15Aug2026 23:32:48.872] [main/DEBUG] [ModernFix/]: Applying mixin perf.tag_id_caching.TagOrElementLocationMixin
[15Aug2026 23:32:48.872] [main/DEBUG] [ModernFix/]: Applying mixin perf.optimize_surface_rules.SurfaceRulesContextMixin
[15Aug2026 23:32:48.873] [main/DEBUG] [ModernFix/]: Skipping mixin perf.optimize_surface_rules.NamespacedSurfaceRuleSourceMixin: disabled for mod compat ([feature level: requires BETA])
[15Aug2026 23:32:48.873] [main/DEBUG] [ModernFix/]: Applying mixin perf.optimize_surface_rules.BiomeManagerAccessor
[15Aug2026 23:32:48.874] [main/DEBUG] [ModernFix/]: Applying mixin perf.optimize_surface_rules.SurfaceSystemMixin
[15Aug2026 23:32:48.875] [main/DEBUG] [ModernFix/]: Applying mixin perf.optimize_surface_rules.NoiseBasedChunkGeneratorMixin
[15Aug2026 23:32:48.875] [main/DEBUG] [ModernFix/]: Applying mixin perf.optimize_surface_rules.BiomeConditionSourceMixin
[15Aug2026 23:32:48.875] [main/DEBUG] [ModernFix/]: Applying mixin perf.compact_imposterprotochunks.ChunkAccessMixin
[15Aug2026 23:32:48.876] [main/DEBUG] [ModernFix/]: Applying mixin perf.compact_imposterprotochunks.ImposterProtoChunkMixin
[15Aug2026 23:32:48.877] [main/DEBUG] [ModernFix/]: Applying mixin perf.smart_ingredient_sync.IngredientMixin
[15Aug2026 23:32:48.877] [main/DEBUG] [ModernFix/]: Applying mixin perf.smart_ingredient_sync.PlayerListMixin
[15Aug2026 23:32:48.878] [main/DEBUG] [ModernFix/]: Applying mixin perf.smart_ingredient_sync.ConnectionMixin
[15Aug2026 23:32:48.878] [main/DEBUG] [ModernFix/]: Applying mixin perf.ticking_chunk_alloc.ChunkHolderMixin
[15Aug2026 23:32:48.879] [main/DEBUG] [ModernFix/]: Applying mixin perf.ticking_chunk_alloc.BatMixin
[15Aug2026 23:32:48.879] [main/DEBUG] [ModernFix/]: Applying mixin perf.ticking_chunk_alloc.ChunkAccessMixin
[15Aug2026 23:32:48.880] [main/DEBUG] [ModernFix/]: Applying mixin perf.faster_ingredients.ForgeHooksMixin
[15Aug2026 23:32:48.881] [main/DEBUG] [ModernFix/]: Applying mixin perf.faster_ingredients.IngredientMixin
[15Aug2026 23:32:48.881] [main/DEBUG] [ModernFix/]: Skipping mixin perf.faster_ingredients.CofhIngredientWithCountMixin: disabled for mod compat (cofh_core)
[15Aug2026 23:32:48.882] [main/DEBUG] [ModernFix/]: Applying mixin perf.forge_registry_alloc.DelegateHolderMixin
[15Aug2026 23:32:48.882] [main/DEBUG] [ModernFix/]: Applying mixin perf.forge_registry_alloc.DelegateHolderMixin
[15Aug2026 23:32:48.883] [main/DEBUG] [ModernFix/]: Applying mixin perf.forge_registry_alloc.DebugLevelSourceMixin
[15Aug2026 23:32:48.884] [main/DEBUG] [ModernFix/]: Applying mixin perf.forge_registry_alloc.ForgeRegistryMixin
[15Aug2026 23:32:48.884] [main/DEBUG] [ModernFix/]: Applying mixin perf.worldgen_allocation.SurfaceRulesContextMixin
[15Aug2026 23:32:48.885] [main/DEBUG] [ModernFix/]: Applying mixin perf.worldgen_allocation.SurfaceRulesMixin
[15Aug2026 23:32:48.885] [main/DEBUG] [ModernFix/]: Applying mixin perf.worldgen_allocation.SurfaceRulesMixin
[15Aug2026 23:32:48.885] [main/DEBUG] [ModernFix/]: Applying mixin perf.worldgen_allocation.SurfaceRulesMixin
[15Aug2026 23:32:48.885] [main/DEBUG] [ModernFix/]: Applying mixin perf.worldgen_allocation.SurfaceRulesMixin
[15Aug2026 23:32:48.885] [main/DEBUG] [ModernFix/]: Applying mixin perf.worldgen_allocation.SurfaceRulesMixin
[15Aug2026 23:32:48.885] [main/DEBUG] [ModernFix/]: Applying mixin perf.worldgen_allocation.SequenceRuleMixin
[15Aug2026 23:32:48.886] [main/DEBUG] [ModernFix/]: Applying mixin perf.worldgen_allocation.NoiseChunkMixin
[15Aug2026 23:32:48.886] [main/DEBUG] [ModernFix/]: Applying mixin perf.worldgen_allocation.MaterialRuleListMixin
[15Aug2026 23:32:48.887] [main/DEBUG] [ModernFix/]: Applying mixin perf.compact_mojang_registries.BlockStateDataMixin
[15Aug2026 23:32:48.887] [main/DEBUG] [ModernFix/]: Applying mixin perf.compact_mojang_registries.MappedRegistryMixin
[15Aug2026 23:32:48.888] [main/DEBUG] [ModernFix/]: Applying mixin perf.compact_mojang_registries.VanillaRegistriesMixin
[15Aug2026 23:32:48.888] [main/DEBUG] [ModernFix/]: Applying mixin perf.cache_blockstate_cache_arrays.AbstractBlockStateCacheMixin
[15Aug2026 23:32:48.889] [main/DEBUG] [ModernFix/]: Applying mixin perf.release_protochunks.ChunkHolderMixin
[15Aug2026 23:32:48.890] [main/DEBUG] [ModernFix/]: Applying mixin perf.release_protochunks.ChunkMapMixin
[15Aug2026 23:32:48.891] [main/DEBUG] [ModernFix/]: Applying mixin perf.release_protochunks.ImposterProtoChunkMixin
[15Aug2026 23:32:48.891] [main/DEBUG] [ModernFix/]: Applying mixin perf.attribute_supplier_dedup.AttributeSupplierBuilderMixin
[15Aug2026 23:32:48.891] [main/DEBUG] [ModernFix/]: Applying mixin perf.attribute_supplier_dedup.AttributeSupplierMixin
[15Aug2026 23:32:48.892] [main/DEBUG] [ModernFix/]: Applying mixin perf.object_holder_cleanup.GameDataMixin
[15Aug2026 23:32:48.893] [main/DEBUG] [ModernFix/]: Applying mixin perf.compact_bit_storage.PalettedContainerMixin
[15Aug2026 23:32:48.893] [main/DEBUG] [ModernFix/]: Applying mixin perf.forge_registry_lambda.RegistryObjectMixin
[15Aug2026 23:32:48.894] [main/DEBUG] [ModernFix/]: Applying mixin perf.faster_structure_location.ServerLevelMixin
[15Aug2026 23:32:48.894] [main/DEBUG] [ModernFix/]: Applying mixin perf.faster_structure_location.StructureCheckMixin
[15Aug2026 23:32:48.897] [main/DEBUG] [ModernFix/]: Skipping mixin perf.dynamic_resources.ForgeHooksClientMixin: disabled by configuration
[15Aug2026 23:32:48.897] [main/DEBUG] [ModernFix/]: Skipping mixin perf.faster_loot_loading.ForgeHooksMixin: disabled for mod compat ([feature level: requires BETA])
[15Aug2026 23:32:48.898] [main/DEBUG] [ModernFix/]: Skipping mixin perf.faster_loot_loading.LootDataManagerMixin: disabled for mod compat ([feature level: requires BETA])
[15Aug2026 23:32:48.898] [main/DEBUG] [ModernFix/]: Applying mixin perf.faster_capabilities.CapabilityDispatcherMixin
[15Aug2026 23:32:48.899] [main/DEBUG] [ModernFix/]: Skipping mixin perf.faster_capabilities.bytecode_analysis.AttachCapabilitiesEventMixin: disabled for mod compat ([feature level: requires BETA])
[15Aug2026 23:32:48.899] [main/DEBUG] [ModernFix/]: Skipping mixin perf.faster_capabilities.bytecode_analysis.ForgeEventFactoryMixin: disabled for mod compat ([feature level: requires BETA])
[15Aug2026 23:32:48.899] [main/DEBUG] [ModernFix/]: Applying mixin perf.datapack_reload_exceptions.RecipeManagerMixin
[15Aug2026 23:32:48.900] [main/DEBUG] [ModernFix/]: Applying mixin perf.fix_handshake_stall.HandshakeHandlerMixin
[15Aug2026 23:32:48.901] [main/DEBUG] [ModernFix/]: Skipping mixin perf.resourcepacks.FilePackResourcesMixin: disabled for mod compat ([feature level: requires BETA])
[15Aug2026 23:32:48.901] [main/DEBUG] [ModernFix/]: Applying mixin perf.resourcepacks.MinecraftServerMixin
[15Aug2026 23:32:48.902] [main/DEBUG] [ModernFix/]: Applying mixin perf.resourcepacks.ForgePathPackResourcesMixin
[15Aug2026 23:32:48.904] [main/DEBUG] [ModernFix/]: Applying mixin perf.cache_upgraded_structures.StructureManagerMixin
[15Aug2026 23:32:48.904] [main/DEBUG] [ModernFix/]: Applying mixin perf.mojang_registry_size.MappedRegistryMixin
[15Aug2026 23:32:48.904] [main/DEBUG] [ModernFix/]: Skipping mixin perf.mojang_registry_size.StateHolderMixin: disabled for mod compat (!ferritecore)
[15Aug2026 23:32:48.905] [main/DEBUG] [ModernFix/]: Applying mixin perf.state_definition_construct.StateDefinitionMixin
[15Aug2026 23:32:48.905] [main/DEBUG] [ModernFix/]: Applying mixin perf.remove_biome_temperature_cache.BiomeMixin
[15Aug2026 23:32:48.905] [main/DEBUG] [ModernFix/]: Skipping mixin perf.remove_spawn_chunks.SortedArraySetMixin: disabled by configuration
[15Aug2026 23:32:48.905] [main/DEBUG] [ModernFix/]: Skipping mixin perf.remove_spawn_chunks.ServerPlayerMixin: disabled by configuration
[15Aug2026 23:32:48.906] [main/DEBUG] [ModernFix/]: Skipping mixin perf.remove_spawn_chunks.EntityMixin: disabled by configuration
[15Aug2026 23:32:48.906] [main/DEBUG] [ModernFix/]: Skipping mixin perf.remove_spawn_chunks.MinecraftServerMixin: disabled by configuration
[15Aug2026 23:32:48.907] [main/DEBUG] [ModernFix/]: Skipping mixin perf.remove_spawn_chunks.ServerLevelMixin: disabled by configuration
[15Aug2026 23:32:48.908] [main/DEBUG] [ModernFix/]: Skipping mixin perf.remove_spawn_chunks.PlayerListMixin: disabled by configuration
[15Aug2026 23:32:48.908] [main/DEBUG] [ModernFix/]: Applying mixin perf.model_optimizations.PropertyMixin
[15Aug2026 23:32:48.909] [main/DEBUG] [ModernFix/]: Applying mixin perf.model_optimizations.BooleanPropertyMixin
[15Aug2026 23:32:48.909] [main/DEBUG] [ModernFix/]: Applying mixin perf.reduce_blockstate_cache_rebuilds.BlockCallbacksMixin
[15Aug2026 23:32:48.910] [main/DEBUG] [ModernFix/]: Applying mixin perf.reduce_blockstate_cache_rebuilds.BlockStateBaseMixin
[15Aug2026 23:32:48.910] [main/DEBUG] [ModernFix/]: Applying mixin perf.reduce_blockstate_cache_rebuilds.BlocksMixin
[15Aug2026 23:32:48.911] [main/DEBUG] [ModernFix/]: Applying mixin perf.potential_spawns_alloc.ForgeEventFactoryMixin
[15Aug2026 23:32:48.911] [main/DEBUG] [ModernFix/]: Applying mixin perf.potential_spawns_alloc.PotentialSpawnsMixin
[15Aug2026 23:32:48.911] [main/DEBUG] [ModernFix/]: Applying mixin perf.thread_priorities.UtilMixin
[15Aug2026 23:32:48.912] [main/DEBUG] [ModernFix/]: Applying mixin perf.dynamic_dfu.BlockEntityTypeMixin
[15Aug2026 23:32:48.912] [main/DEBUG] [ModernFix/]: Applying mixin perf.dynamic_dfu.DataFixTypesMixin
[15Aug2026 23:32:48.913] [main/DEBUG] [ModernFix/]: Applying mixin perf.dynamic_dfu.DataFixersMixin
[15Aug2026 23:32:48.914] [main/DEBUG] [ModernFix/]: Applying mixin perf.dynamic_dfu.EntityTypeBuilderMixin
[15Aug2026 23:32:48.914] [main/DEBUG] [ModernFix/]: Applying mixin perf.dedicated_reload_executor.MinecraftServerMixin
[15Aug2026 23:32:48.915] [main/DEBUG] [ModernFix/]: Skipping mixin perf.cache_strongholds.ConcentricRingsStructurePlacementMixin: disabled for mod compat ([feature level: requires BETA])
[15Aug2026 23:32:48.915] [main/DEBUG] [ModernFix/]: Applying mixin perf.cache_strongholds.ServerLevelMixin
[15Aug2026 23:32:48.916] [main/DEBUG] [ModernFix/]: Applying mixin perf.cache_strongholds.ChunkGeneratorMixin
[15Aug2026 23:32:48.917] [main/DEBUG] [ModernFix/]: Applying mixin perf.fast_registry_validation.ForgeRegistryMixin
[15Aug2026 23:32:48.917] [main/DEBUG] [ModernFix/]: Applying mixin perf.forge_cap_retrieval.AttachCapabilitiesEventMixin
[15Aug2026 23:32:48.918] [main/DEBUG] [ModernFix/]: Applying mixin perf.forge_cap_retrieval.LivingEntityMixin
[15Aug2026 23:32:48.919] [main/DEBUG] [ModernFix/]: Applying mixin perf.deduplicate_wall_shapes.WallBlockMixin
[15Aug2026 23:32:48.919] [main/DEBUG] [ModernFix/]: Applying mixin perf.dynamic_structure_manager.StructureManagerMixin
[15Aug2026 23:32:48.920] [main/DEBUG] [ModernFix/]: Applying mixin perf.fast_forge_dummies.NamespacedHolderHelperMixin
[15Aug2026 23:32:48.921] [main/DEBUG] [ModernFix/]: Skipping mixin perf.kubejs.RecipeEventJSMixin: disabled for mod compat (kubejs)
[15Aug2026 23:32:48.960] [main/DEBUG] [net.minecraftforge.coremod.transformer.CoreModBaseTransformer/COREMOD]: Transforming net/minecraft/world/item/CreativeModeTab
[15Aug2026 23:32:49.020] [main/DEBUG] [mixin/]: @Mixin target net/minecraft/world/level/levelgen/SurfaceRules$Context is public in modernfix-modernfix.mixins.json:perf.worldgen_allocation.SurfaceRulesContextMixin and should be specified in value
[15Aug2026 23:32:49.115] [main/DEBUG] [net.minecraftforge.coremod.transformer.CoreModBaseTransformer/COREMOD]: Transforming net/minecraft/util/datafix/DataFixers
[15Aug2026 23:32:49.153] [main/DEBUG] [mixin/]: Preparing citadel.mixins.json (16)
[15Aug2026 23:32:49.168] [main/DEBUG] [mixin/]: Preparing mixins.travelersbackpack.json (2)
[15Aug2026 23:32:49.182] [main/DEBUG] [mixin/]: Preparing relics.mixins.json (15)
[15Aug2026 23:32:49.220] [main/DEBUG] [net.minecraftforge.coremod.transformer.CoreModBaseTransformer/COREMOD]: Transforming net/minecraft/world/item/ItemStack
[15Aug2026 23:32:49.261] [main/ERROR] [net.minecraftforge.fml.loading.RuntimeDistCleaner/DISTXFORM]: Attempted to load class net/minecraft/client/gui/screens/Screen for invalid dist DEDICATED_SERVER
[15Aug2026 23:32:49.262] [main/WARN] [mixin/]: Error loading class: net/minecraft/client/gui/screens/Screen (java.lang.RuntimeException: Attempted to load class net/minecraft/client/gui/screens/Screen for invalid dist DEDICATED_SERVER)
[15Aug2026 23:32:49.263] [main/WARN] [mixin/]: @Mixin target net.minecraft.client.gui.screens.Screen was not found relics.mixins.json:ScreenMixin
[15Aug2026 23:32:49.263] [main/DEBUG] [mixin/]: Preparing iceandfire.mixins.json (2)
[15Aug2026 23:32:49.264] [main/DEBUG] [mixin/]: Preparing balm.mixins.json (16)
[15Aug2026 23:32:49.276] [main/DEBUG] [mixin/]: Preparing carryon.mixins.json (5)
[15Aug2026 23:32:49.279] [main/DEBUG] [mixin/]: Preparing carryon.forge.mixins.json (0)
[15Aug2026 23:32:49.279] [main/DEBUG] [mixin/]: Preparing shieldexp.mixins.json (3)
[15Aug2026 23:32:49.280] [main/DEBUG] [mixin/]: Preparing shieldexp.forge.mixins.json (0)
[15Aug2026 23:32:49.280] [main/DEBUG] [mixin/]: Preparing puzzlesaccessapi.common.mixins.json (0)
[15Aug2026 23:32:49.280] [main/DEBUG] [mixin/]: Preparing puzzlesaccessapi.forge.mixins.json (0)
[15Aug2026 23:32:49.280] [main/DEBUG] [mixin/]: Preparing mixins.sodiumdynamiclights.json (22)
[15Aug2026 23:32:49.280] [main/DEBUG] [mixin/]: Preparing nyfsspiders.mixins.json (2)
[15Aug2026 23:32:49.282] [main/DEBUG] [net.minecraftforge.coremod.transformer.CoreModBaseTransformer/COREMOD]: Transforming net/minecraft/world/entity/monster/Spider
[15Aug2026 23:32:49.346] [main/DEBUG] [mixin/]: Preparing ambientsounds.mixins.json (2)
[15Aug2026 23:32:49.346] [main/DEBUG] [mixin/]: Preparing fabric-api-base.init.mixins.json (0)
[15Aug2026 23:32:49.346] [main/DEBUG] [mixin/]: Preparing bettercombat.mixins.json (17)
[15Aug2026 23:32:49.355] [main/DEBUG] [mixin/]: Preparing creativecore.mixins.json (8)
[15Aug2026 23:32:49.360] [main/DEBUG] [mixin/]: Preparing creativecore.forge.mixins.json (3)
[15Aug2026 23:32:49.361] [main/DEBUG] [mixin/]: Preparing notenoughanimations.mixins.json (13)
[15Aug2026 23:32:49.361] [main/DEBUG] [mixin/]: Preparing curios.mixins.json (13)
[15Aug2026 23:32:49.369] [main/DEBUG] [mixin/]: Preparing collective_forge.mixins.json (11)
[15Aug2026 23:32:49.371] [main/DEBUG] [mixin/]: Preparing parcool.mixins.json (10)
[15Aug2026 23:32:49.375] [main/DEBUG] [mixin/]: Preparing paraglider.mixins.json (4)
[15Aug2026 23:32:49.378] [main/DEBUG] [mixin/]: Preparing immediatelyfast-common.mixins.json (33)
[15Aug2026 23:32:49.378] [main/DEBUG] [mixin/]: Preparing immediatelyfast-forge.mixins.json (6)
[15Aug2026 23:32:49.378] [main/DEBUG] [mixin/]: Preparing architectury.mixins.json (9)
[15Aug2026 23:32:49.385] [main/DEBUG] [mixin/]: Preparing architectury-common.mixins.json (10)
[15Aug2026 23:32:49.387] [main/DEBUG] [net.minecraftforge.coremod.transformer.CoreModBaseTransformer/COREMOD]: Transforming net/minecraft/world/item/BucketItem
[15Aug2026 23:32:49.395] [main/DEBUG] [net.minecraftforge.coremod.transformer.CoreModBaseTransformer/COREMOD]: Transforming net/minecraft/world/entity/EntityType
[15Aug2026 23:32:49.469] [main/DEBUG] [net.minecraftforge.coremod.transformer.CoreModBaseTransformer/COREMOD]: Transforming net/minecraft/world/level/block/LiquidBlock
[15Aug2026 23:32:49.487] [main/DEBUG] [mixin/]: Preparing mixins.epic_knights_ice_and_fire.json (0)
[15Aug2026 23:32:49.487] [main/DEBUG] [mixin/]: Preparing ferritecore.predicates.mixin.json (3)
[15Aug2026 23:32:49.487] [main/DEBUG] [mixin/]: Preparing ferritecore.fastmap.mixin.json (1)
[15Aug2026 23:32:49.502] [main/DEBUG] [mixin/]: Preparing ferritecore.mrl.mixin.json (2)
[15Aug2026 23:32:49.502] [main/DEBUG] [mixin/]: Preparing ferritecore.dedupmultipart.mixin.json (2)
[15Aug2026 23:32:49.502] [main/DEBUG] [mixin/]: Preparing ferritecore.blockstatecache.mixin.json (8)
[15Aug2026 23:32:49.509] [main/DEBUG] [mixin/]: @Mixin target net/minecraft/world/level/block/state/BlockBehaviour$BlockStateBase$Cache is public in ferritecore.blockstatecache.mixin.json:BlockStateCacheMixin and should be specified in value
[15Aug2026 23:32:49.514] [main/DEBUG] [mixin/]: Preparing ferritecore.dedupbakedquad.mixin.json (2)
[15Aug2026 23:32:49.514] [main/DEBUG] [mixin/]: Preparing ferritecore.threaddetec.mixin.json (1)
[15Aug2026 23:32:49.515] [main/DEBUG] [mixin/]: Preparing ferritecore.modelsides.mixin.json (1)
[15Aug2026 23:32:49.515] [main/DEBUG] [mixin/]: Preparing transition.mixins.json (7)
[15Aug2026 23:32:49.515] [main/DEBUG] [mixin/]: Preparing itemphysic.mixins.json (7)
[15Aug2026 23:32:49.521] [main/DEBUG] [mixin/]: Preparing puzzleslib.common.mixins.json (7)
[15Aug2026 23:32:49.532] [main/DEBUG] [mixin/]: Preparing puzzleslib.forge.mixins.json (13)
[15Aug2026 23:32:49.541] [main/DEBUG] [mixin/]: Preparing moogs_structures-common.mixins.json (15)
[15Aug2026 23:32:49.559] [main/DEBUG] [net.minecraftforge.coremod.transformer.CoreModBaseTransformer/COREMOD]: Transforming net/minecraft/world/level/levelgen/structure/templatesystem/StructureTemplate
[15Aug2026 23:32:49.658] [main/DEBUG] [mixin/]: Preparing moogs_structures-forge.mixins.json (0)
[15Aug2026 23:32:49.658] [main/DEBUG] [mixin/]: Preparing playerrevive.mixins.json (5)
[15Aug2026 23:32:49.661] [main/DEBUG] [mixin/]: Preparing healingcampfire_forge.mixins.json (0)
[15Aug2026 23:32:49.661] [main/DEBUG] [mixin/]: Preparing mixinextras.init.mixins.json (0)
[15Aug2026 23:32:49.661] [main/DEBUG] [mixin/]: Preparing tlskincape-mixins.json (4)
[15Aug2026 23:32:49.663] [main/ERROR] [net.minecraftforge.fml.loading.RuntimeDistCleaner/DISTXFORM]: Attempted to load class net/minecraft/client/player/AbstractClientPlayer for invalid dist DEDICATED_SERVER
[15Aug2026 23:32:49.664] [main/WARN] [mixin/]: Error loading class: net/minecraft/client/player/AbstractClientPlayer (java.lang.RuntimeException: Attempted to load class net/minecraft/client/player/AbstractClientPlayer for invalid dist DEDICATED_SERVER)
[15Aug2026 23:32:49.664] [main/WARN] [mixin/]: @Mixin target net.minecraft.client.player.AbstractClientPlayer was not found tlskincape-mixins.json:MixinAbstractPlayer
[15Aug2026 23:32:49.665] [main/ERROR] [net.minecraftforge.fml.loading.RuntimeDistCleaner/DISTXFORM]: Attempted to load class net/minecraft/client/gui/screens/TitleScreen for invalid dist DEDICATED_SERVER
[15Aug2026 23:32:49.666] [main/WARN] [mixin/]: Error loading class: net/minecraft/client/gui/screens/TitleScreen (java.lang.RuntimeException: Attempted to load class net/minecraft/client/gui/screens/TitleScreen for invalid dist DEDICATED_SERVER)
[15Aug2026 23:32:49.666] [main/WARN] [mixin/]: @Mixin target net.minecraft.client.gui.screens.TitleScreen was not found tlskincape-mixins.json:MixinMainMenu
[15Aug2026 23:32:49.667] [main/WARN] [mixin/]: Error loading class: net/minecraft/client/model/PlayerModel (java.lang.ClassNotFoundException: net.minecraft.client.model.PlayerModel)
[15Aug2026 23:32:49.668] [main/WARN] [mixin/]: @Mixin target net.minecraft.client.model.PlayerModel was not found tlskincape-mixins.json:MixinPlayerModel
[15Aug2026 23:32:49.668] [main/DEBUG] [mixin/]: Preparing sound_physics_remastered.mixins.json (11)
[15Aug2026 23:32:49.846] [main/DEBUG] [mixin/]: Inner class me/jellysquid/mods/lithium/mixin/ai/poi/SerializingRegionBasedStorageMixin$1 in me/jellysquid/mods/lithium/mixin/ai/poi/SerializingRegionBasedStorageMixin on net/minecraft/world/level/chunk/storage/SectionStorage gets unique name net/minecraft/world/level/chunk/storage/SectionStorage$Anonymous$5a43c37948194638a391fc46593a2c0f
[15Aug2026 23:32:49.923] [main/DEBUG] [mixin/]: Inner class me/jellysquid/mods/lithium/mixin/chunk/palette/PalettedContainerMixin$2 in me/jellysquid/mods/lithium/mixin/chunk/palette/PalettedContainerMixin on net/minecraft/world/level/chunk/PalettedContainer$Strategy gets unique name net/minecraft/world/level/chunk/PalettedContainer$Strategy$Anonymous$e9134780d9e443b5ae274feb58f17599
[15Aug2026 23:32:49.924] [main/DEBUG] [mixin/]: Inner class me/jellysquid/mods/lithium/mixin/chunk/palette/PalettedContainerMixin$1 in me/jellysquid/mods/lithium/mixin/chunk/palette/PalettedContainerMixin on net/minecraft/world/level/chunk/PalettedContainer$Strategy gets unique name net/minecraft/world/level/chunk/PalettedContainer$Strategy$Anonymous$bbb874fece9844d0add9c429f381e641
[15Aug2026 23:32:50.001] [main/DEBUG] [mixin/]: Inner class org/embeddedt/modernfix/common/mixin/perf/forge_registry_alloc/DebugLevelSourceMixin$1 in org/embeddedt/modernfix/common/mixin/perf/forge_registry_alloc/DebugLevelSourceMixin on net/minecraft/world/level/levelgen/DebugLevelSource gets unique name net/minecraft/world/level/levelgen/DebugLevelSource$Anonymous$1cdaee3af452424cb7357d7372803e13
[15Aug2026 23:32:50.198] [main/DEBUG] [mixin/]: Prepared 409 mixins in 3.512 sec (8.6ms avg) (0ms load, 0ms transform, 0ms plugin)
[15Aug2026 23:32:50.210] [main/INFO] [MixinExtras|Service/]: Initializing MixinExtras via com.llamalad7.mixinextras.service.MixinExtrasServiceImpl(version=0.5.2).
[15Aug2026 23:32:50.212] [main/DEBUG] [mixin/]: Registering new injector for @SugarWrapper with com.llamalad7.mixinextras.sugar.impl.SugarWrapperInjectionInfo
[15Aug2026 23:32:50.212] [main/DEBUG] [mixin/]: Registering new injector for @FactoryRedirectWrapper with com.llamalad7.mixinextras.wrapper.factory.FactoryRedirectWrapperInjectionInfo
[15Aug2026 23:32:50.213] [main/DEBUG] [mixin/]: Registering new injector for @ExpressionInjectorWrapper with com.llamalad7.mixinextras.expression.impl.wrapper.ExpressionInjectorWrapperInjectionInfo
[15Aug2026 23:32:50.221] [main/DEBUG] [mixin/]: Mixing perf.fix_loop_spin_waiting.MinecraftServerMixin from modernfix-modernfix.mixins.json into net.minecraft.server.MinecraftServer
[15Aug2026 23:32:50.239] [main/DEBUG] [mixin/]: Mixing MixinMinecraftServer from xaeroworldmap.mixins.json into net.minecraft.server.MinecraftServer
[15Aug2026 23:32:50.243] [main/DEBUG] [mixin/]: Mixing core.MinecraftServerMixin from modernfix-modernfix.mixins.json into net.minecraft.server.MinecraftServer
[15Aug2026 23:32:50.246] [main/DEBUG] [mixin/]: Renaming synthetic method lambda$mfix$endReloadTrack$0(Ljava/lang/Void;)V to md61d6a6$lambda$mfix$endReloadTrack$0$0 in modernfix-modernfix.mixins.json:core.MinecraftServerMixin
[15Aug2026 23:32:50.262] [main/DEBUG] [mixin/]: Mixing perf.resourcepacks.MinecraftServerMixin from modernfix-modernfix.mixins.json into net.minecraft.server.MinecraftServer
[15Aug2026 23:32:50.314] [main/DEBUG] [mixin/]: Mixing perf.dedicated_reload_executor.MinecraftServerMixin from modernfix-modernfix.mixins.json into net.minecraft.server.MinecraftServer
[15Aug2026 23:32:50.315] [main/DEBUG] [mixin/]: Mixing MinecraftServerMixin from citadel.mixins.json into net.minecraft.server.MinecraftServer
[15Aug2026 23:32:50.320] [main/DEBUG] [mixin/]: Mixing MinecraftServerMixin from balm.mixins.json into net.minecraft.server.MinecraftServer
[15Aug2026 23:32:50.322] [main/DEBUG] [mixin/]: Renaming synthetic method lambda$reloadResources$0(Ljava/lang/Void;)V to md61d6a6$lambda$reloadResources$0$1 in balm.mixins.json:MinecraftServerMixin
[15Aug2026 23:32:50.521] [main/DEBUG] [io.netty.util.internal.logging.InternalLoggerFactory/]: Using SLF4J as the default logging framework
[15Aug2026 23:32:50.525] [main/DEBUG] [io.netty.util.ResourceLeakDetector/]: -Dio.netty.leakDetection.level: simple
[15Aug2026 23:32:50.525] [main/DEBUG] [io.netty.util.ResourceLeakDetector/]: -Dio.netty.leakDetection.targetRecords: 4
[15Aug2026 23:32:50.751] [main/DEBUG] [mixin/]: Mixing perf.tag_id_caching.TagOrElementLocationMixin from modernfix-modernfix.mixins.json into net.minecraft.util.ExtraCodecs$TagOrElementLocation
[15Aug2026 23:32:50.864] [main/DEBUG] [oshi.util.FileUtil/]: No oshi.properties file found from ClassLoader cpw.mods.modlauncher.TransformingClassLoader@3f9b7fe1
[15Aug2026 23:32:50.865] [main/DEBUG] [oshi.util.FileUtil/]: No oshi.properties file found from ClassLoader jdk.internal.loader.ClassLoaders$AppClassLoader@76ed5528
[15Aug2026 23:32:50.922] [main/DEBUG] [oshi.util.FileUtil/]: Reading file /proc/self/auxv
[15Aug2026 23:32:50.923] [main/DEBUG] [oshi.util.FileUtil/]: Reading file /proc/self/auxv
[15Aug2026 23:32:50.930] [main/DEBUG] [oshi.util.FileUtil/]: Reading file /proc/stat
[15Aug2026 23:32:50.937] [main/DEBUG] [oshi.util.FileUtil/]: Reading file /sys/devices/system/cpu/cpu0/topology/core_id
[15Aug2026 23:32:50.937] [main/DEBUG] [oshi.util.FileUtil/]: Reading file /sys/devices/system/cpu/cpu0/topology/core_id
[15Aug2026 23:32:50.937] [main/DEBUG] [oshi.util.FileUtil/]: Reading file /sys/devices/system/cpu/cpu0/topology/physical_package_id
[15Aug2026 23:32:50.938] [main/DEBUG] [oshi.util.FileUtil/]: Reading file /sys/devices/system/cpu/cpu0/topology/physical_package_id
[15Aug2026 23:32:50.938] [main/DEBUG] [oshi.util.FileUtil/]: Reading file /sys/devices/system/cpu/cpu0/cpu_capacity
[15Aug2026 23:32:50.940] [main/DEBUG] [oshi.util.FileUtil/]: Reading file /sys/devices/system/cpu/cpu1/topology/core_id
[15Aug2026 23:32:50.940] [main/DEBUG] [oshi.util.FileUtil/]: Reading file /sys/devices/system/cpu/cpu1/topology/core_id
[15Aug2026 23:32:50.940] [main/DEBUG] [oshi.util.FileUtil/]: Reading file /sys/devices/system/cpu/cpu1/topology/physical_package_id
[15Aug2026 23:32:50.941] [main/DEBUG] [oshi.util.FileUtil/]: Reading file /sys/devices/system/cpu/cpu1/topology/physical_package_id
[15Aug2026 23:32:50.941] [main/DEBUG] [oshi.util.FileUtil/]: Reading file /sys/devices/system/cpu/cpu1/cpu_capacity
[15Aug2026 23:32:50.941] [main/DEBUG] [oshi.util.FileUtil/]: Reading file /sys/devices/system/cpu/cpu2/topology/core_id
[15Aug2026 23:32:50.941] [main/DEBUG] [oshi.util.FileUtil/]: Reading file /sys/devices/system/cpu/cpu2/topology/core_id
[15Aug2026 23:32:50.942] [main/DEBUG] [oshi.util.FileUtil/]: Reading file /sys/devices/system/cpu/cpu2/topology/physical_package_id
[15Aug2026 23:32:50.942] [main/DEBUG] [oshi.util.FileUtil/]: Reading file /sys/devices/system/cpu/cpu2/topology/physical_package_id
[15Aug2026 23:32:50.942] [main/DEBUG] [oshi.util.FileUtil/]: Reading file /sys/devices/system/cpu/cpu2/cpu_capacity
[15Aug2026 23:32:50.943] [main/DEBUG] [oshi.util.FileUtil/]: Reading file /sys/devices/system/cpu/cpu3/topology/core_id
[15Aug2026 23:32:50.943] [main/DEBUG] [oshi.util.FileUtil/]: Reading file /sys/devices/system/cpu/cpu3/topology/core_id
[15Aug2026 23:32:50.943] [main/DEBUG] [oshi.util.FileUtil/]: Reading file /sys/devices/system/cpu/cpu3/topology/physical_package_id
[15Aug2026 23:32:50.943] [main/DEBUG] [oshi.util.FileUtil/]: Reading file /sys/devices/system/cpu/cpu3/topology/physical_package_id
[15Aug2026 23:32:50.943] [main/DEBUG] [oshi.util.FileUtil/]: Reading file /sys/devices/system/cpu/cpu3/cpu_capacity
[15Aug2026 23:32:50.945] [main/DEBUG] [oshi.util.FileUtil/]: Reading file /proc/cpuinfo
[15Aug2026 23:32:50.963] [main/DEBUG] [oshi.util.FileUtil/]: Reading file /proc/self/auxv
[15Aug2026 23:32:50.966] [main/DEBUG] [oshi.util.FileUtil/]: No oshi.architecture.properties file found from ClassLoader cpw.mods.modlauncher.TransformingClassLoader@3f9b7fe1
[15Aug2026 23:32:50.966] [main/DEBUG] [oshi.util.FileUtil/]: No oshi.architecture.properties file found from ClassLoader jdk.internal.loader.ClassLoaders$AppClassLoader@76ed5528
[15Aug2026 23:32:50.985] [main/DEBUG] [oshi.util.FileUtil/]: Reading file /proc/meminfo
[15Aug2026 23:32:50.986] [main/DEBUG] [oshi.util.FileUtil/]: Reading file /proc/meminfo
[15Aug2026 23:32:50.991] [main/DEBUG] [mixin/]: Mixing perf.thread_priorities.UtilMixin from modernfix-modernfix.mixins.json into net.minecraft.Util
[15Aug2026 23:32:50.991] [main/DEBUG] [mixin/]: Renaming synthetic method lambda$adjustPriorityOfThreadFactory$0(Ljava/util/concurrent/ForkJoinPool$ForkJoinWorkerThreadFactory;Ljava/util/concurrent/ForkJoinPool;)Ljava/util/concurrent/ForkJoinWorkerThread; to md61d6a6$lambda$adjustPriorityOfThreadFactory$0$0 in modernfix-modernfix.mixins.json:perf.thread_priorities.UtilMixin
[15Aug2026 23:32:51.022] [main/DEBUG] [mixin/]: Mixing math.sine_lut.MixinMathHelper from lithium.mixins.json into net.minecraft.util.Mth
[15Aug2026 23:32:51.022] [main/DEBUG] [mixin/]: lithium.mixins.json:math.sine_lut.MixinMathHelper: Class version 61 required is higher than the class version supported by the current version of Mixin (JAVA_16 supports class version 60)
[15Aug2026 23:32:51.061] [main/DEBUG] [mixin/]: Mixing feature.measure_time.BootstrapMixin from modernfix-modernfix.mixins.json into net.minecraft.server.Bootstrap
[15Aug2026 23:32:51.066] [main/DEBUG] [mixin/]: Mixing core.BootstrapMixin from modernfix-modernfix.mixins.json into net.minecraft.server.Bootstrap
[15Aug2026 23:32:51.083] [main/INFO] [net.minecraft.server.Bootstrap/]: ModernFix reached bootstrap stage (22.31 s after launch)
[15Aug2026 23:32:51.106] [main/DEBUG] [mixin/]: Mixing bugfix.concurrency.MappedRegistryMixin from modernfix-modernfix.mixins.json into net.minecraft.core.MappedRegistry
[15Aug2026 23:32:51.111] [main/DEBUG] [mixin/]: Mixing perf.compact_mojang_registries.MappedRegistryMixin from modernfix-modernfix.mixins.json into net.minecraft.core.MappedRegistry
[15Aug2026 23:32:51.126] [main/DEBUG] [mixin/]: Mixing perf.mojang_registry_size.MappedRegistryMixin from modernfix-modernfix.mixins.json into net.minecraft.core.MappedRegistry
[15Aug2026 23:32:51.300] [main/DEBUG] [mixin/]: Mixing inject.MixinGameEvent from architectury-common.mixins.json into net.minecraft.world.level.gameevent.GameEvent
[15Aug2026 23:32:51.309] [main/DEBUG] [mixin/]: Mixing SoundEventMixin from sound_physics_remastered.mixins.json into net.minecraft.sounds.SoundEvent
[15Aug2026 23:32:51.322] [main/DEBUG] [mixin/]: Mixing core.GameDataMixin from modernfix-modernfix.mixins.json into net.minecraftforge.registries.GameData
[15Aug2026 23:32:51.323] [main/DEBUG] [mixin/]: Mixing perf.object_holder_cleanup.GameDataMixin from modernfix-modernfix.mixins.json into net.minecraftforge.registries.GameData
[15Aug2026 23:32:51.336] [main/DEBUG] [mixin/]: Mixing perf.forge_registry_alloc.ForgeRegistryMixin from modernfix-modernfix.mixins.json into net.minecraftforge.registries.ForgeRegistry
[15Aug2026 23:32:51.367] [main/DEBUG] [mixin/]: Mixing perf.fast_registry_validation.ForgeRegistryMixin from modernfix-modernfix.mixins.json into net.minecraftforge.registries.ForgeRegistry
[15Aug2026 23:32:51.373] [main/DEBUG] [mixin/]: Mixing accessor.ForgeRegistryForgeAccessor from puzzleslib.forge.mixins.json into net.minecraftforge.registries.ForgeRegistry
[15Aug2026 23:32:51.379] [main/WARN] [mixin/]: @Final field delegatesByName:Ljava/util/Map; in modernfix-modernfix.mixins.json:perf.forge_registry_alloc.ForgeRegistryMixin should be final
[15Aug2026 23:32:51.381] [main/WARN] [mixin/]: @Final field delegatesByValue:Ljava/util/Map; in modernfix-modernfix.mixins.json:perf.forge_registry_alloc.ForgeRegistryMixin should be final
[15Aug2026 23:32:51.414] [main/DEBUG] [mixin/]: Mixing perf.reduce_blockstate_cache_rebuilds.BlockCallbacksMixin from modernfix-modernfix.mixins.json into net.minecraftforge.registries.GameData$BlockCallbacks
[15Aug2026 23:32:51.421] [main/DEBUG] [mixin/]: Mixing ai.pathing.MixinBlock from lithium.mixins.json into net.minecraft.world.level.block.Block
[15Aug2026 23:32:51.421] [main/DEBUG] [mixin/]: lithium.mixins.json:ai.pathing.MixinBlock: Class version 61 required is higher than the class version supported by the current version of Mixin (JAVA_16 supports class version 60)
[15Aug2026 23:32:51.423] [main/DEBUG] [mixin/]: Mixing shapes.blockstate_cache.BlockMixin from lithium.mixins.json into net.minecraft.world.level.block.Block
[15Aug2026 23:32:51.423] [main/DEBUG] [mixin/]: lithium.mixins.json:shapes.blockstate_cache.BlockMixin: Class version 61 required is higher than the class version supported by the current version of Mixin (JAVA_16 supports class version 60)
[15Aug2026 23:32:51.423] [main/DEBUG] [mixin/]: Renaming synthetic method lambda$static$0(Lnet/minecraft/world/phys/shapes/VoxelShape;)Z to md61d6a6$lambda$static$0$0 in lithium.mixins.json:shapes.blockstate_cache.BlockMixin
[15Aug2026 23:32:51.425] [main/DEBUG] [mixin/]: Mixing perf.forge_registry_alloc.DelegateHolderMixin from modernfix-modernfix.mixins.json into net.minecraft.world.level.block.Block
[15Aug2026 23:32:51.426] [main/DEBUG] [mixin/]: Mixing inject.MixinBlock from architectury-common.mixins.json into net.minecraft.world.level.block.Block
[15Aug2026 23:32:51.426] [main/DEBUG] [mixin/]: Mixing accessor.BlockAccessor from puzzleslib.common.mixins.json into net.minecraft.world.level.block.Block
[15Aug2026 23:32:51.446] [main/DEBUG] [mixin/]: Mixing math.fast_blockpos.BlockPosMixin from lithium.mixins.json into net.minecraft.core.BlockPos
[15Aug2026 23:32:51.447] [main/DEBUG] [mixin/]: lithium.mixins.json:math.fast_blockpos.BlockPosMixin: Class version 61 required is higher than the class version supported by the current version of Mixin (JAVA_16 supports class version 60)
[15Aug2026 23:32:51.471] [main/DEBUG] [mixin/]: Mixing ai.pathing.AbstractBlockStateMixin from lithium.mixins.json into net.minecraft.world.level.block.state.BlockBehaviour$BlockStateBase
[15Aug2026 23:32:51.471] [main/DEBUG] [mixin/]: lithium.mixins.json:ai.pathing.AbstractBlockStateMixin: Class version 61 required is higher than the class version supported by the current version of Mixin (JAVA_16 supports class version 60)
[15Aug2026 23:32:51.481] [main/DEBUG] [mixin/]: Mixing util.block_tracking.AbstractBlockStateMixin from lithium.mixins.json into net.minecraft.world.level.block.state.BlockBehaviour$BlockStateBase
[15Aug2026 23:32:51.482] [main/DEBUG] [mixin/]: lithium.mixins.json:util.block_tracking.AbstractBlockStateMixin: Class version 61 required is higher than the class version supported by the current version of Mixin (JAVA_16 supports class version 60)
[15Aug2026 23:32:51.485] [main/DEBUG] [mixin/]: Mixing perf.reduce_blockstate_cache_rebuilds.BlockStateBaseMixin from modernfix-modernfix.mixins.json into net.minecraft.world.level.block.state.BlockBehaviour$BlockStateBase
[15Aug2026 23:32:51.492] [main/DEBUG] [mixin/]: Mixing BlockStateBaseMixin from ferritecore.blockstatecache.mixin.json into net.minecraft.world.level.block.state.BlockBehaviour$BlockStateBase
[15Aug2026 23:32:51.516] [main/INFO] [ModernFix/]: Injecting BlockStateBase cache population hook into getNeighborPathNodeType from me.jellysquid.mods.lithium.mixin.ai.pathing.AbstractBlockStateMixin
[15Aug2026 23:32:51.516] [main/INFO] [ModernFix/]: Injecting BlockStateBase cache population hook into getPathNodeType from me.jellysquid.mods.lithium.mixin.ai.pathing.AbstractBlockStateMixin
[15Aug2026 23:32:51.516] [main/INFO] [ModernFix/]: Injecting BlockStateBase cache population hook into getAllFlags from me.jellysquid.mods.lithium.mixin.util.block_tracking.AbstractBlockStateMixin
[15Aug2026 23:32:51.522] [main/DEBUG] [mixin/]: Mixing FastMapStateHolderMixin from ferritecore.fastmap.mixin.json into net.minecraft.world.level.block.state.StateHolder
[15Aug2026 23:32:51.536] [main/DEBUG] [mixin/]: Mixing perf.model_optimizations.PropertyMixin from modernfix-modernfix.mixins.json into net.minecraft.world.level.block.state.properties.Property
[15Aug2026 23:32:51.557] [main/DEBUG] [mixin/]: Mixing entity.collisions.fluid.EntityMixin from lithium.mixins.json into net.minecraft.world.entity.Entity
[15Aug2026 23:32:51.559] [main/DEBUG] [mixin/]: lithium.mixins.json:entity.collisions.fluid.EntityMixin: Class version 61 required is higher than the class version supported by the current version of Mixin (JAVA_16 supports class version 60)
[15Aug2026 23:32:51.582] [main/DEBUG] [mixin/]: Mixing alloc.deep_passengers.EntityMixin from lithium.mixins.json into net.minecraft.world.entity.Entity
[15Aug2026 23:32:51.583] [main/DEBUG] [mixin/]: lithium.mixins.json:alloc.deep_passengers.EntityMixin: Class version 61 required is higher than the class version supported by the current version of Mixin (JAVA_16 supports class version 60)
[15Aug2026 23:32:51.633] [main/DEBUG] [mixin/]: Mixing collections.fluid_submersion.EntityMixin from lithium.mixins.json into net.minecraft.world.entity.Entity
[15Aug2026 23:32:51.636] [main/DEBUG] [mixin/]: lithium.mixins.json:collections.fluid_submersion.EntityMixin: Class version 61 required is higher than the class version supported by the current version of Mixin (JAVA_16 supports class version 60)
[15Aug2026 23:32:51.650] [main/DEBUG] [mixin/]: Mixing entity.collisions.movement.EntityMixin from lithium.mixins.json into net.minecraft.world.entity.Entity
[15Aug2026 23:32:51.651] [main/DEBUG] [mixin/]: lithium.mixins.json:entity.collisions.movement.EntityMixin: Class version 61 required is higher than the class version supported by the current version of Mixin (JAVA_16 supports class version 60)
[15Aug2026 23:32:51.675] [main/DEBUG] [mixin/]: Mixing entity.collisions.unpushable_cramming.EntityMixin from lithium.mixins.json into net.minecraft.world.entity.Entity
[15Aug2026 23:32:51.675] [main/DEBUG] [mixin/]: lithium.mixins.json:entity.collisions.unpushable_cramming.EntityMixin: Class version 61 required is higher than the class version supported by the current version of Mixin (JAVA_16 supports class version 60)
[15Aug2026 23:32:51.677] [main/DEBUG] [mixin/]: Mixing bugfix.chunk_deadlock.EntityMixin from modernfix-modernfix.mixins.json into net.minecraft.world.entity.Entity
[15Aug2026 23:32:51.679] [main/DEBUG] [mixin/]: Mixing EntityMixin from relics.mixins.json into net.minecraft.world.entity.Entity
[15Aug2026 23:32:51.679] [main/DEBUG] [mixin/]: relics.mixins.json:EntityMixin: Class version 61 required is higher than the class version supported by the current version of Mixin (JAVA_8 supports class version 52)
[15Aug2026 23:32:51.693] [main/DEBUG] [mixin/]: Mixing EntityMixin from balm.mixins.json into net.minecraft.world.entity.Entity
[15Aug2026 23:32:51.695] [main/DEBUG] [mixin/]: Mixing EntityMixin from carryon.mixins.json into net.minecraft.world.entity.Entity
[15Aug2026 23:32:51.704] [main/DEBUG] [mixin/]: Mixing AccessorEntity from curios.mixins.json into net.minecraft.world.entity.Entity
[15Aug2026 23:32:51.705] [main/DEBUG] [mixin/]: Mixing common.EntityMixin from parcool.mixins.json into net.minecraft.world.entity.Entity
[15Aug2026 23:32:51.723] [main/DEBUG] [mixin/]: Mixing EntityAccessor from itemphysic.mixins.json into net.minecraft.world.entity.Entity
[15Aug2026 23:32:51.724] [main/DEBUG] [mixin/]: Mixing EntityMixin from sound_physics_remastered.mixins.json into net.minecraft.world.entity.Entity
[15Aug2026 23:32:51.725] [main/DEBUG] [mixin/]: Mixing EntityMixin from collective_forge.mixins.json into net.minecraft.world.entity.Entity
[15Aug2026 23:32:51.816] [main/DEBUG] [mixin/]: Mixing alloc.enum_values.living_entity.LivingEntityMixin from lithium.mixins.json into net.minecraft.world.entity.LivingEntity
[15Aug2026 23:32:51.816] [main/DEBUG] [mixin/]: lithium.mixins.json:alloc.enum_values.living_entity.LivingEntityMixin: Class version 61 required is higher than the class version supported by the current version of Mixin (JAVA_16 supports class version 60)
[15Aug2026 23:32:51.816] [main/DEBUG] [mixin/]: Mixing entity.collisions.unpushable_cramming.LivingEntityMixin from lithium.mixins.json into net.minecraft.world.entity.LivingEntity
[15Aug2026 23:32:51.816] [main/DEBUG] [mixin/]: lithium.mixins.json:entity.collisions.unpushable_cramming.LivingEntityMixin: Class version 61 required is higher than the class version supported by the current version of Mixin (JAVA_16 supports class version 60)
[15Aug2026 23:32:51.819] [main/DEBUG] [mixin/]: Mixing entity.fast_elytra_check.LivingEntityMixin from lithium.mixins.json into net.minecraft.world.entity.LivingEntity
[15Aug2026 23:32:51.820] [main/DEBUG] [mixin/]: lithium.mixins.json:entity.fast_elytra_check.LivingEntityMixin: Class version 61 required is higher than the class version supported by the current version of Mixin (JAVA_16 supports class version 60)
[15Aug2026 23:32:51.820] [main/DEBUG] [mixin/]: Mixing entity.fast_hand_swing.LivingEntityMixin from lithium.mixins.json into net.minecraft.world.entity.LivingEntity
[15Aug2026 23:32:51.820] [main/DEBUG] [mixin/]: lithium.mixins.json:entity.fast_hand_swing.LivingEntityMixin: Class version 61 required is higher than the class version supported by the current version of Mixin (JAVA_16 supports class version 60)
[15Aug2026 23:32:51.820] [main/DEBUG] [mixin/]: Mixing entity.fast_powder_snow_check.LivingEntityMixin from lithium.mixins.json into net.minecraft.world.entity.LivingEntity
[15Aug2026 23:32:51.820] [main/DEBUG] [mixin/]: lithium.mixins.json:entity.fast_powder_snow_check.LivingEntityMixin: Class version 61 required is higher than the class version supported by the current version of Mixin (JAVA_16 supports class version 60)
[15Aug2026 23:32:51.821] [main/DEBUG] [mixin/]: Mixing entity.skip_equipment_change_check.LivingEntityMixin from lithium.mixins.json into net.minecraft.world.entity.LivingEntity
[15Aug2026 23:32:51.821] [main/DEBUG] [mixin/]: lithium.mixins.json:entity.skip_equipment_change_check.LivingEntityMixin: Class version 61 required is higher than the class version supported by the current version of Mixin (JAVA_16 supports class version 60)
[15Aug2026 23:32:51.821] [main/DEBUG] [mixin/]: Renaming synthetic method lambda$static$0(Lnet/minecraft/world/item/ItemStack;)Z to md61d6a6$lambda$static$0$0 in lithium.mixins.json:entity.skip_equipment_change_check.LivingEntityMixin
[15Aug2026 23:32:51.829] [main/DEBUG] [mixin/]: Mixing perf.forge_cap_retrieval.LivingEntityMixin from modernfix-modernfix.mixins.json into net.minecraft.world.entity.LivingEntity
[15Aug2026 23:32:51.830] [main/DEBUG] [mixin/]: Mixing LivingEntityMixin from citadel.mixins.json into net.minecraft.world.entity.LivingEntity
[15Aug2026 23:32:51.832] [main/DEBUG] [mixin/]: Mixing LivingEntityMixin from relics.mixins.json into net.minecraft.world.entity.LivingEntity
[15Aug2026 23:32:51.832] [main/DEBUG] [mixin/]: relics.mixins.json:LivingEntityMixin: Class version 61 required is higher than the class version supported by the current version of Mixin (JAVA_8 supports class version 52)
[15Aug2026 23:32:51.833] [main/DEBUG] [mixin/]: Mixing LivingEntityMixin from shieldexp.mixins.json into net.minecraft.world.entity.LivingEntity
[15Aug2026 23:32:51.834] [main/DEBUG] [mixin/]: Mixing LivingEntityAccessor from bettercombat.mixins.json into net.minecraft.world.entity.LivingEntity
[15Aug2026 23:32:51.835] [main/DEBUG] [mixin/]: Mixing LivingEntityMixin from bettercombat.mixins.json into net.minecraft.world.entity.LivingEntity
[15Aug2026 23:32:51.835] [main/DEBUG] [mixin/]: Renaming synthetic method lambda$getAttributeValue_Inject$0(Lnet/minecraft/world/entity/player/Player;Lnet/minecraft/world/entity/ai/attributes/Attribute;Lorg/spongepowered/asm/mixin/injection/callback/CallbackInfoReturnable;)V to md61d6a6$lambda$getAttributeValue_Inject$0$1 in bettercombat.mixins.json:LivingEntityMixin
[15Aug2026 23:32:51.839] [main/DEBUG] [mixin/]: Mixing MixinLivingEntity from curios.mixins.json into net.minecraft.world.entity.LivingEntity
[15Aug2026 23:32:51.840] [main/DEBUG] [mixin/]: Mixing common.LivingEntityMixin from parcool.mixins.json into net.minecraft.world.entity.LivingEntity
[15Aug2026 23:32:51.840] [main/DEBUG] [mixin/]: Renaming synthetic method lambda$parCool$isCustomLadder$0(Lnet/minecraft/tags/TagKey;)Z to md61d6a6$lambda$parCool$isCustomLadder$0$2 in parcool.mixins.json:common.LivingEntityMixin
[15Aug2026 23:32:51.961] [main/DEBUG] [mixin/]: Mixing perf.model_optimizations.BooleanPropertyMixin from modernfix-modernfix.mixins.json into net.minecraft.world.level.block.state.properties.BooleanProperty
[15Aug2026 23:32:51.967] [main/DEBUG] [mixin/]: Mixing alloc.chunk_random.WorldMixin from lithium.mixins.json into net.minecraft.world.level.Level
[15Aug2026 23:32:51.968] [main/DEBUG] [mixin/]: lithium.mixins.json:alloc.chunk_random.WorldMixin: Class version 61 required is higher than the class version supported by the current version of Mixin (JAVA_16 supports class version 60)
[15Aug2026 23:32:51.969] [main/DEBUG] [mixin/]: Mixing entity.collisions.intersection.WorldMixin from lithium.mixins.json into net.minecraft.world.level.Level
[15Aug2026 23:32:51.969] [main/DEBUG] [mixin/]: lithium.mixins.json:entity.collisions.intersection.WorldMixin: Class version 61 required is higher than the class version supported by the current version of Mixin (JAVA_16 supports class version 60)
[15Aug2026 23:32:51.971] [main/DEBUG] [mixin/]: Mixing util.block_entity_retrieval.WorldMixin from lithium.mixins.json into net.minecraft.world.level.Level
[15Aug2026 23:32:51.971] [main/DEBUG] [mixin/]: lithium.mixins.json:util.block_entity_retrieval.WorldMixin: Class version 61 required is higher than the class version supported by the current version of Mixin (JAVA_16 supports class version 60)
[15Aug2026 23:32:51.975] [main/DEBUG] [mixin/]: Mixing util.block_tracking.block_listening.WorldMixin from lithium.mixins.json into net.minecraft.world.level.Level
[15Aug2026 23:32:51.975] [main/DEBUG] [mixin/]: lithium.mixins.json:util.block_tracking.block_listening.WorldMixin: Class version 61 required is higher than the class version supported by the current version of Mixin (JAVA_16 supports class version 60)
[15Aug2026 23:32:51.976] [main/DEBUG] [mixin/]: Mixing world.chunk_access.WorldMixin from lithium.mixins.json into net.minecraft.world.level.Level
[15Aug2026 23:32:51.976] [main/DEBUG] [mixin/]: lithium.mixins.json:world.chunk_access.WorldMixin: Class version 61 required is higher than the class version supported by the current version of Mixin (JAVA_16 supports class version 60)
[15Aug2026 23:32:51.977] [main/DEBUG] [mixin/]: Mixing world.inline_block_access.WorldMixin from lithium.mixins.json into net.minecraft.world.level.Level
[15Aug2026 23:32:51.977] [main/DEBUG] [mixin/]: lithium.mixins.json:world.inline_block_access.WorldMixin: Class version 61 required is higher than the class version supported by the current version of Mixin (JAVA_16 supports class version 60)
[15Aug2026 23:32:51.978] [main/DEBUG] [mixin/]: Mixing world.inline_height.WorldMixin from lithium.mixins.json into net.minecraft.world.level.Level
[15Aug2026 23:32:51.979] [main/DEBUG] [mixin/]: lithium.mixins.json:world.inline_height.WorldMixin: Class version 61 required is higher than the class version supported by the current version of Mixin (JAVA_16 supports class version 60)
[15Aug2026 23:32:51.981] [main/DEBUG] [mixin/]: Mixing LevelMixin from citadel.mixins.json into net.minecraft.world.level.Level
[15Aug2026 23:32:51.998] [main/DEBUG] [mixin/]: Mixing util.chunk_access.WorldViewMixin from lithium.mixins.json into net.minecraft.world.level.LevelReader
[15Aug2026 23:32:51.999] [main/DEBUG] [mixin/]: lithium.mixins.json:util.chunk_access.WorldViewMixin: Class version 61 required is higher than the class version supported by the current version of Mixin (JAVA_16 supports class version 60)
[15Aug2026 23:32:52.008] [main/DEBUG] [mixin/]: Mixing alloc.chunk_random.ServerWorldMixin from lithium.mixins.json into net.minecraft.server.level.ServerLevel
[15Aug2026 23:32:52.009] [main/DEBUG] [mixin/]: lithium.mixins.json:alloc.chunk_random.ServerWorldMixin: Class version 61 required is higher than the class version supported by the current version of Mixin (JAVA_16 supports class version 60)
[15Aug2026 23:32:52.009] [main/DEBUG] [mixin/]: Mixing chunk.entity_class_groups.ServerWorldAccessor from lithium.mixins.json into net.minecraft.server.level.ServerLevel
[15Aug2026 23:32:52.009] [main/DEBUG] [mixin/]: lithium.mixins.json:chunk.entity_class_groups.ServerWorldAccessor: Class version 61 required is higher than the class version supported by the current version of Mixin (JAVA_16 supports class version 60)
[15Aug2026 23:32:52.010] [main/DEBUG] [mixin/]: Mixing entity.inactive_navigations.ServerWorldMixin from lithium.mixins.json into net.minecraft.server.level.ServerLevel
[15Aug2026 23:32:52.010] [main/DEBUG] [mixin/]: lithium.mixins.json:entity.inactive_navigations.ServerWorldMixin: Class version 61 required is higher than the class version supported by the current version of Mixin (JAVA_16 supports class version 60)
[15Aug2026 23:32:52.013] [main/DEBUG] [mixin/]: Mixing profiler.ServerWorldMixin from lithium.mixins.json into net.minecraft.server.level.ServerLevel
[15Aug2026 23:32:52.014] [main/DEBUG] [mixin/]: lithium.mixins.json:profiler.ServerWorldMixin: Class version 61 required is higher than the class version supported by the current version of Mixin (JAVA_16 supports class version 60)
[15Aug2026 23:32:52.014] [main/DEBUG] [mixin/]: Mixing util.entity_movement_tracking.ServerWorldAccessor from lithium.mixins.json into net.minecraft.server.level.ServerLevel
[15Aug2026 23:32:52.014] [main/DEBUG] [mixin/]: lithium.mixins.json:util.entity_movement_tracking.ServerWorldAccessor: Class version 61 required is higher than the class version supported by the current version of Mixin (JAVA_16 supports class version 60)
[15Aug2026 23:32:52.014] [main/DEBUG] [mixin/]: Mixing perf.faster_structure_location.ServerLevelMixin from modernfix-modernfix.mixins.json into net.minecraft.server.level.ServerLevel
[15Aug2026 23:32:52.015] [main/DEBUG] [mixin/]: Mixing perf.cache_strongholds.ServerLevelMixin from modernfix-modernfix.mixins.json into net.minecraft.server.level.ServerLevel
[15Aug2026 23:32:52.015] [main/DEBUG] [mixin/]: Mixing ServerLevelMixin from citadel.mixins.json into net.minecraft.server.level.ServerLevel
[15Aug2026 23:32:52.016] [main/DEBUG] [mixin/]: Mixing ServerLevelMixin from collective_forge.mixins.json into net.minecraft.server.level.ServerLevel
[15Aug2026 23:32:52.048] [main/DEBUG] [mixin/]: Unexpected: Registered method getEntityManager()Lnet/minecraft/world/level/entity/PersistentEntitySectionManager; in net.minecraft.server.level.ServerLevel was not merged
[15Aug2026 23:32:52.140] [main/DEBUG] [mixin/]: Mixing ItemEntityAccessor from itemphysic.mixins.json into net.minecraft.world.entity.item.ItemEntity
[15Aug2026 23:32:52.141] [main/DEBUG] [mixin/]: Mixing ItemEntityMixin from itemphysic.mixins.json into net.minecraft.world.entity.item.ItemEntity
[15Aug2026 23:32:52.160] [main/DEBUG] [mixin/]: Mixing PlayerMixin from mixins.travelersbackpack.json into net.minecraft.world.entity.player.Player
[15Aug2026 23:32:52.166] [main/DEBUG] [mixin/]: Mixing PlayerMixin from carryon.mixins.json into net.minecraft.world.entity.player.Player
[15Aug2026 23:32:52.167] [main/DEBUG] [mixin/]: Mixing PlayerMixin from shieldexp.mixins.json into net.minecraft.world.entity.player.Player
[15Aug2026 23:32:52.170] [main/DEBUG] [mixin/]: Mixing PlayerEntityAccessor from bettercombat.mixins.json into net.minecraft.world.entity.player.Player
[15Aug2026 23:32:52.171] [main/DEBUG] [mixin/]: Mixing PlayerEntityMixin from bettercombat.mixins.json into net.minecraft.world.entity.player.Player
[15Aug2026 23:32:52.181] [main/DEBUG] [mixin/]: Mixing common.PlayerMixin from parcool.mixins.json into net.minecraft.world.entity.player.Player
[15Aug2026 23:32:52.183] [main/DEBUG] [mixin/]: Mixing MixinPlayer from paraglider.mixins.json into net.minecraft.world.entity.player.Player
[15Aug2026 23:32:52.184] [main/DEBUG] [mixin/]: Mixing PlayerMixin from playerrevive.mixins.json into net.minecraft.world.entity.player.Player
[15Aug2026 23:32:52.186] [main/DEBUG] [mixin/]: Mixing MixinPlayer from tlskincape-mixins.json into net.minecraft.world.entity.player.Player
[15Aug2026 23:32:52.186] [main/DEBUG] [mixin/]: tlskincape-mixins.json:MixinPlayer: Class version 61 required is higher than the class version supported by the current version of Mixin (JAVA_16 supports class version 60)
[15Aug2026 23:32:52.257] [main/DEBUG] [mixin/]: Mixing bugfix.concurrency.ForgeRegistryTagManagerMixin from modernfix-modernfix.mixins.json into net.minecraftforge.registries.ForgeRegistryTagManager
[15Aug2026 23:32:52.268] [main/DEBUG] [mixin/]: Mixing bugfix.concurrency.NamespacedWrapperMixin from modernfix-modernfix.mixins.json into net.minecraftforge.registries.NamespacedWrapper
[15Aug2026 23:32:52.269] [main/DEBUG] [mixin/]: Mixing perf.fast_forge_dummies.NamespacedHolderHelperMixin from modernfix-modernfix.mixins.json into net.minecraftforge.registries.NamespacedWrapper
[15Aug2026 23:32:52.277] [main/DEBUG] [mixin/]: Mixing inject.MixinFluid from architectury-common.mixins.json into net.minecraft.world.level.material.Fluid
[15Aug2026 23:32:52.280] [main/DEBUG] [mixin/]: Mixing perf.forge_registry_alloc.DelegateHolderMixin from modernfix-modernfix.mixins.json into net.minecraft.world.item.Item
[15Aug2026 23:32:52.281] [main/DEBUG] [mixin/]: Mixing ItemMixin from relics.mixins.json into net.minecraft.world.item.Item
[15Aug2026 23:32:52.281] [main/DEBUG] [mixin/]: relics.mixins.json:ItemMixin: Class version 61 required is higher than the class version supported by the current version of Mixin (JAVA_8 supports class version 52)
[15Aug2026 23:32:52.285] [main/DEBUG] [mixin/]: Mixing inject.MixinItem from architectury-common.mixins.json into net.minecraft.world.item.Item
[15Aug2026 23:32:52.299] [main/DEBUG] [net.minecraftforge.coremod.transformer.CoreModBaseTransformer/COREMOD]: Transforming net/minecraft/world/entity/EntityType
[15Aug2026 23:32:52.364] [main/DEBUG] [mixin/]: Mixing inject.MixinEntityType from architectury-common.mixins.json into net.minecraft.world.entity.EntityType
[15Aug2026 23:32:52.373] [main/DEBUG] [mixin/]: Mixing ai.poi.PointOfInterestTypesMixin from lithium.mixins.json into net.minecraftforge.registries.GameData$PointOfInterestTypeCallbacks
[15Aug2026 23:32:52.373] [main/DEBUG] [mixin/]: lithium.mixins.json:ai.poi.PointOfInterestTypesMixin: Class version 61 required is higher than the class version supported by the current version of Mixin (JAVA_16 supports class version 60)
[15Aug2026 23:32:52.380] [main/DEBUG] [mixin/]: Mixing EnchantmentMixin from bettercombat.mixins.json into net.minecraft.world.item.enchantment.Enchantment
[15Aug2026 23:32:52.394] [main/DEBUG] [mixin/]: Mixing perf.dynamic_dfu.BlockEntityTypeMixin from modernfix-modernfix.mixins.json into net.minecraft.world.level.block.entity.BlockEntityType
[15Aug2026 23:32:52.483] [main/DEBUG] [net.minecraftforge.coremod.transformer.CoreModBaseTransformer/COREMOD]: Transforming net/minecraft/world/item/CreativeModeTab
[15Aug2026 23:32:52.484] [main/DEBUG] [mixin/]: Mixing perf.memoize_creative_tab_build.CreativeModeTabMixin from modernfix-modernfix.mixins.json into net.minecraft.world.item.CreativeModeTab
[15Aug2026 23:32:52.489] [main/DEBUG] [mixin/]: Mixing accessor.FireBlockForgeAccessor from puzzleslib.forge.mixins.json into net.minecraft.world.level.block.FireBlock
[15Aug2026 23:32:52.494] [main/DEBUG] [mixin/]: Mixing math.fast_blockpos.DirectionMixin from lithium.mixins.json into net.minecraft.core.Direction
[15Aug2026 23:32:52.495] [main/DEBUG] [mixin/]: lithium.mixins.json:math.fast_blockpos.DirectionMixin: Class version 61 required is higher than the class version supported by the current version of Mixin (JAVA_16 supports class version 60)
[15Aug2026 23:32:52.495] [main/DEBUG] [mixin/]: Mixing math.fast_util.DirectionMixin from lithium.mixins.json into net.minecraft.core.Direction
[15Aug2026 23:32:52.495] [main/DEBUG] [mixin/]: lithium.mixins.json:math.fast_util.DirectionMixin: Class version 61 required is higher than the class version supported by the current version of Mixin (JAVA_16 supports class version 60)
[15Aug2026 23:32:52.517] [main/DEBUG] [mixin/]: Mixing block.moving_block_shapes.VoxelShapeMixin from lithium.mixins.json into net.minecraft.world.phys.shapes.VoxelShape
[15Aug2026 23:32:52.517] [main/DEBUG] [mixin/]: lithium.mixins.json:block.moving_block_shapes.VoxelShapeMixin: Class version 61 required is higher than the class version supported by the current version of Mixin (JAVA_16 supports class version 60)
[15Aug2026 23:32:52.518] [main/DEBUG] [mixin/]: Mixing shapes.specialized_shapes.VoxelShapeMixin from lithium.mixins.json into net.minecraft.world.phys.shapes.VoxelShape
[15Aug2026 23:32:52.518] [main/DEBUG] [mixin/]: lithium.mixins.json:shapes.specialized_shapes.VoxelShapeMixin: Class version 61 required is higher than the class version supported by the current version of Mixin (JAVA_16 supports class version 60)
[15Aug2026 23:32:52.561] [main/DEBUG] [mixin/]: Mixing VoxelShapeAccessor from creativecore.mixins.json into net.minecraft.world.phys.shapes.VoxelShape
[15Aug2026 23:32:52.562] [main/DEBUG] [mixin/]: Mixing VoxelShapeAccess from ferritecore.blockstatecache.mixin.json into net.minecraft.world.phys.shapes.VoxelShape
[15Aug2026 23:32:52.566] [main/DEBUG] [mixin/]: Unexpected: Registered method setShape(Lnet/minecraft/world/phys/shapes/DiscreteVoxelShape;)V in net.minecraft.world.phys.shapes.VoxelShape was not merged
[15Aug2026 23:32:52.570] [main/DEBUG] [mixin/]: Mixing shapes.optimized_matching.VoxelShapesMixin from lithium.mixins.json into net.minecraft.world.phys.shapes.Shapes
[15Aug2026 23:32:52.570] [main/DEBUG] [mixin/]: lithium.mixins.json:shapes.optimized_matching.VoxelShapesMixin: Class version 61 required is higher than the class version supported by the current version of Mixin (JAVA_16 supports class version 60)
[15Aug2026 23:32:52.571] [main/DEBUG] [mixin/]: Mixing shapes.shape_merging.VoxelShapesMixin from lithium.mixins.json into net.minecraft.world.phys.shapes.Shapes
[15Aug2026 23:32:52.571] [main/DEBUG] [mixin/]: lithium.mixins.json:shapes.shape_merging.VoxelShapesMixin: Class version 61 required is higher than the class version supported by the current version of Mixin (JAVA_16 supports class version 60)
[15Aug2026 23:32:52.572] [main/DEBUG] [mixin/]: Mixing shapes.specialized_shapes.VoxelShapesMixin from lithium.mixins.json into net.minecraft.world.phys.shapes.Shapes
[15Aug2026 23:32:52.573] [main/DEBUG] [mixin/]: lithium.mixins.json:shapes.specialized_shapes.VoxelShapesMixin: Class version 61 required is higher than the class version supported by the current version of Mixin (JAVA_16 supports class version 60)
[15Aug2026 23:32:52.575] [main/DEBUG] [mixin/]: Mixing ShapesMixin from creativecore.mixins.json into net.minecraft.world.phys.shapes.Shapes
[15Aug2026 23:32:52.600] [main/DEBUG] [mixin/]: Mixing DiscreteVSAccess from ferritecore.blockstatecache.mixin.json into net.minecraft.world.phys.shapes.DiscreteVoxelShape
[15Aug2026 23:32:52.603] [main/DEBUG] [mixin/]: Mixing BitSetDVSAccess from ferritecore.blockstatecache.mixin.json into net.minecraft.world.phys.shapes.BitSetDiscreteVoxelShape
[15Aug2026 23:32:52.608] [main/DEBUG] [mixin/]: Mixing ArrayVSAccess from ferritecore.blockstatecache.mixin.json into net.minecraft.world.phys.shapes.ArrayVoxelShape
[15Aug2026 23:32:52.613] [main/DEBUG] [mixin/]: Mixing shapes.precompute_shape_arrays.SimpleVoxelShapeMixin from lithium.mixins.json into net.minecraft.world.phys.shapes.CubeVoxelShape
[15Aug2026 23:32:52.613] [main/DEBUG] [mixin/]: lithium.mixins.json:shapes.precompute_shape_arrays.SimpleVoxelShapeMixin: Class version 61 required is higher than the class version supported by the current version of Mixin (JAVA_16 supports class version 60)
[15Aug2026 23:32:52.705] [main/DEBUG] [mixin/]: Mixing SliceShapeAccess from ferritecore.blockstatecache.mixin.json into net.minecraft.world.phys.shapes.SliceShape
[15Aug2026 23:32:52.710] [main/DEBUG] [mixin/]: Mixing shapes.precompute_shape_arrays.FractionalDoubleListMixin from lithium.mixins.json into net.minecraft.world.phys.shapes.CubePointRange
[15Aug2026 23:32:52.710] [main/DEBUG] [mixin/]: lithium.mixins.json:shapes.precompute_shape_arrays.FractionalDoubleListMixin: Class version 61 required is higher than the class version supported by the current version of Mixin (JAVA_16 supports class version 60)
[15Aug2026 23:32:52.888] [main/DEBUG] [mixin/]: Mixing perf.reduce_blockstate_cache_rebuilds.BlocksMixin from modernfix-modernfix.mixins.json into net.minecraft.world.level.block.Blocks
[15Aug2026 23:32:52.889] [main/DEBUG] [mixin/]: Renaming synthetic method lambda$getEmptyConsumer$0(Ljava/lang/Object;)V to md61d6a6$lambda$getEmptyConsumer$0$0 in modernfix-modernfix.mixins.json:perf.reduce_blockstate_cache_rebuilds.BlocksMixin
[15Aug2026 23:32:52.915] [main/DEBUG] [net.minecraftforge.coremod.transformer.CoreModBaseTransformer/COREMOD]: Transforming net/minecraft/world/level/block/LiquidBlock
[15Aug2026 23:32:52.916] [main/DEBUG] [mixin/]: Mixing inject.MixinLiquidBlock from architectury-common.mixins.json into net.minecraft.world.level.block.LiquidBlock
[15Aug2026 23:32:52.918] [main/DEBUG] [mixin/]: Mixing SandBlockMixin from trmt.mixins.json into net.minecraft.world.level.block.SandBlock
[15Aug2026 23:32:52.934] [main/DEBUG] [mixin/]: Mixing alloc.enum_values.piston_block.PistonBlockMixin from lithium.mixins.json into net.minecraft.world.level.block.piston.PistonBaseBlock
[15Aug2026 23:32:52.935] [main/DEBUG] [mixin/]: lithium.mixins.json:alloc.enum_values.piston_block.PistonBlockMixin: Class version 61 required is higher than the class version supported by the current version of Mixin (JAVA_16 supports class version 60)
[15Aug2026 23:32:52.949] [main/DEBUG] [net.minecraftforge.coremod.transformer.CoreModBaseTransformer/COREMOD]: Transforming net/minecraft/world/level/block/StairBlock
[15Aug2026 23:32:52.957] [main/DEBUG] [mixin/]: Mixing alloc.enum_values.redstone_wire.RedstoneWireBlockMixin from lithium.mixins.json into net.minecraft.world.level.block.RedStoneWireBlock
[15Aug2026 23:32:52.957] [main/DEBUG] [mixin/]: lithium.mixins.json:alloc.enum_values.redstone_wire.RedstoneWireBlockMixin: Class version 61 required is higher than the class version supported by the current version of Mixin (JAVA_16 supports class version 60)
[15Aug2026 23:32:52.957] [main/DEBUG] [mixin/]: Mixing block.redstone_wire.RedstoneWireBlockMixin from lithium.mixins.json into net.minecraft.world.level.block.RedStoneWireBlock
[15Aug2026 23:32:52.958] [main/DEBUG] [mixin/]: lithium.mixins.json:block.redstone_wire.RedstoneWireBlockMixin: Class version 61 required is higher than the class version supported by the current version of Mixin (JAVA_16 supports class version 60)
[15Aug2026 23:32:52.968] [main/DEBUG] [mixin/]: Mixing CraftingTableBlockMixin from visualworkbench.common.mixins.json into net.minecraft.world.level.block.CraftingTableBlock
[15Aug2026 23:32:52.977] [main/DEBUG] [mixin/]: Mixing CropBlockMixin from balm.mixins.json into net.minecraft.world.level.block.CropBlock
[15Aug2026 23:32:52.997] [main/DEBUG] [mixin/]: Mixing SugarCaneBlockMixin from trmt.mixins.json into net.minecraft.world.level.block.SugarCaneBlock
[15Aug2026 23:32:53.017] [main/DEBUG] [mixin/]: Mixing StemBlockMixin from balm.mixins.json into net.minecraft.world.level.block.StemBlock
[15Aug2026 23:32:53.035] [main/DEBUG] [mixin/]: Mixing perf.deduplicate_wall_shapes.WallBlockMixin from modernfix-modernfix.mixins.json into net.minecraft.world.level.block.WallBlock
[15Aug2026 23:32:53.043] [main/DEBUG] [net.minecraftforge.coremod.transformer.CoreModBaseTransformer/COREMOD]: Transforming net/minecraft/world/level/block/FlowerPotBlock
[15Aug2026 23:32:53.055] [main/DEBUG] [mixin/]: Mixing util.inventory_comparator_tracking.ComparatorBlockMixin from lithium.mixins.json into net.minecraft.world.level.block.ComparatorBlock
[15Aug2026 23:32:53.056] [main/DEBUG] [mixin/]: lithium.mixins.json:util.inventory_comparator_tracking.ComparatorBlockMixin: Class version 61 required is higher than the class version supported by the current version of Mixin (JAVA_16 supports class version 60)
[15Aug2026 23:32:53.114] [main/DEBUG] [mixin/]: Mixing PowderSnowBlockMixin from relics.mixins.json into net.minecraft.world.level.block.PowderSnowBlock
[15Aug2026 23:32:53.114] [main/DEBUG] [mixin/]: relics.mixins.json:PowderSnowBlockMixin: Class version 61 required is higher than the class version supported by the current version of Mixin (JAVA_8 supports class version 52)
[15Aug2026 23:32:53.115] [main/DEBUG] [mixin/]: Mixing MixinPowderSnowBlock from curios.mixins.json into net.minecraft.world.level.block.PowderSnowBlock
[15Aug2026 23:32:53.156] [main/DEBUG] [mixin/]: Mixing perf.state_definition_construct.StateDefinitionMixin from modernfix-modernfix.mixins.json into net.minecraft.world.level.block.state.StateDefinition
[15Aug2026 23:32:53.174] [main/DEBUG] [mixin/]: Mixing block.flatten_states.FluidStateMixin from lithium.mixins.json into net.minecraft.world.level.material.FluidState
[15Aug2026 23:32:53.174] [main/DEBUG] [mixin/]: lithium.mixins.json:block.flatten_states.FluidStateMixin: Class version 61 required is higher than the class version supported by the current version of Mixin (JAVA_16 supports class version 60)
[15Aug2026 23:32:53.220] [main/DEBUG] [mixin/]: Mixing entity.inactive_navigations.MobEntityMixin from lithium.mixins.json into net.minecraft.world.entity.Mob
[15Aug2026 23:32:53.221] [main/DEBUG] [mixin/]: lithium.mixins.json:entity.inactive_navigations.MobEntityMixin: Class version 61 required is higher than the class version supported by the current version of Mixin (JAVA_16 supports class version 60)
[15Aug2026 23:32:53.222] [main/DEBUG] [mixin/]: Mixing entity.skip_equipment_change_check.MobEntityMixin from lithium.mixins.json into net.minecraft.world.entity.Mob
[15Aug2026 23:32:53.222] [main/DEBUG] [mixin/]: lithium.mixins.json:entity.skip_equipment_change_check.MobEntityMixin: Class version 61 required is higher than the class version supported by the current version of Mixin (JAVA_16 supports class version 60)
[15Aug2026 23:32:53.222] [main/DEBUG] [mixin/]: Mixing MobEntityMixin from trmt.mixins.json into net.minecraft.world.entity.Mob
[15Aug2026 23:32:53.254] [main/DEBUG] [mixin/]: Mixing util.inventory_change_listening.BlockEntityMixin from lithium.mixins.json into net.minecraft.world.level.block.entity.BlockEntity
[15Aug2026 23:32:53.254] [main/DEBUG] [mixin/]: lithium.mixins.json:util.inventory_change_listening.BlockEntityMixin: Class version 61 required is higher than the class version supported by the current version of Mixin (JAVA_16 supports class version 60)
[15Aug2026 23:32:53.255] [main/DEBUG] [mixin/]: Mixing util.inventory_comparator_tracking.BlockEntityMixin from lithium.mixins.json into net.minecraft.world.level.block.entity.BlockEntity
[15Aug2026 23:32:53.255] [main/DEBUG] [mixin/]: lithium.mixins.json:util.inventory_comparator_tracking.BlockEntityMixin: Class version 61 required is higher than the class version supported by the current version of Mixin (JAVA_16 supports class version 60)
[15Aug2026 23:32:53.256] [main/DEBUG] [mixin/]: Mixing BlockEntityMixin from collective_forge.mixins.json into net.minecraft.world.level.block.entity.BlockEntity
[15Aug2026 23:32:53.263] [main/DEBUG] [net.minecraftforge.coremod.transformer.CoreModBaseTransformer/COREMOD]: Transforming net/minecraft/world/item/ItemStack
[15Aug2026 23:32:53.264] [main/DEBUG] [mixin/]: Mixing ItemStackMixin from relics.mixins.json into net.minecraft.world.item.ItemStack
[15Aug2026 23:32:53.264] [main/DEBUG] [mixin/]: relics.mixins.json:ItemStackMixin: Class version 61 required is higher than the class version supported by the current version of Mixin (JAVA_8 supports class version 52)
[15Aug2026 23:32:53.265] [main/DEBUG] [mixin/]: Mixing ItemStackMixin from bettercombat.mixins.json into net.minecraft.world.item.ItemStack
[15Aug2026 23:32:53.272] [main/DEBUG] [mixin/]: Mixing world.explosions.ExplosionMixin from lithium.mixins.json into net.minecraft.world.level.Explosion
[15Aug2026 23:32:53.273] [main/DEBUG] [mixin/]: lithium.mixins.json:world.explosions.ExplosionMixin: Class version 61 required is higher than the class version supported by the current version of Mixin (JAVA_16 supports class version 60)
[15Aug2026 23:32:53.306] [main/INFO] [net.minecraft.server.Bootstrap/]: Vanilla bootstrap took 2207 milliseconds
[15Aug2026 23:32:53.323] [main/DEBUG] [io.netty.util.internal.PlatformDependent0/]: -Dio.netty.noUnsafe: false
[15Aug2026 23:32:53.323] [main/DEBUG] [io.netty.util.internal.PlatformDependent0/]: Java version: 17
[15Aug2026 23:32:53.324] [main/DEBUG] [io.netty.util.internal.PlatformDependent0/]: sun.misc.Unsafe.theUnsafe: available
[15Aug2026 23:32:53.324] [main/DEBUG] [io.netty.util.internal.PlatformDependent0/]: sun.misc.Unsafe.copyMemory: available
[15Aug2026 23:32:53.324] [main/DEBUG] [io.netty.util.internal.PlatformDependent0/]: sun.misc.Unsafe.storeFence: available
[15Aug2026 23:32:53.325] [main/DEBUG] [io.netty.util.internal.PlatformDependent0/]: java.nio.Buffer.address: available
[15Aug2026 23:32:53.325] [main/DEBUG] [io.netty.util.internal.PlatformDependent0/]: direct buffer constructor: unavailable
java.lang.UnsupportedOperationException: Reflective setAccessible(true) disabled
	at io.netty.util.internal.ReflectionUtil.trySetAccessible(ReflectionUtil.java:31) ~[netty-common-4.1.82.Final.jar%2382!/:4.1.82.Final]
	at io.netty.util.internal.PlatformDependent0$5.run(PlatformDependent0.java:288) ~[netty-common-4.1.82.Final.jar%2382!/:4.1.82.Final]
	at java.security.AccessController.doPrivileged(AccessController.java:318) ~[?:?]
	at io.netty.util.internal.PlatformDependent0.<clinit>(PlatformDependent0.java:282) ~[netty-common-4.1.82.Final.jar%2382!/:4.1.82.Final]
	at io.netty.util.internal.PlatformDependent.isAndroid(PlatformDependent.java:333) ~[netty-common-4.1.82.Final.jar%2382!/:4.1.82.Final]
	at io.netty.util.internal.PlatformDependent.<clinit>(PlatformDependent.java:88) ~[netty-common-4.1.82.Final.jar%2382!/:4.1.82.Final]
	at io.netty.util.ConstantPool.<init>(ConstantPool.java:34) ~[netty-common-4.1.82.Final.jar%2382!/:4.1.82.Final]
	at io.netty.util.AttributeKey$1.<init>(AttributeKey.java:27) ~[netty-common-4.1.82.Final.jar%2382!/:4.1.82.Final]
	at io.netty.util.AttributeKey.<clinit>(AttributeKey.java:27) ~[netty-common-4.1.82.Final.jar%2382!/:4.1.82.Final]
	at net.minecraftforge.network.NetworkConstants.<clinit>(NetworkConstants.java:34) ~[forge-1.20.1-47.3.7-universal.jar%23234!/:?]
	at net.minecraft.server.Bootstrap.handler$zig000$doClassloadHack(Bootstrap.java:1036) ~[server-1.20.1-20230612.114412-srg.jar%23229!/:?]
	at net.minecraft.server.Bootstrap.m_135870_(Bootstrap.java:64) ~[server-1.20.1-20230612.114412-srg.jar%23229!/:?]
	at net.minecraftforge.registries.ForgeRegistries.init(ForgeRegistries.java:212) ~[forge-1.20.1-47.3.7-universal.jar%23234!/:?]
	at net.minecraftforge.registries.ForgeRegistries.<clinit>(ForgeRegistries.java:65) ~[forge-1.20.1-47.3.7-universal.jar%23234!/:?]
	at net.minecraft.world.level.block.LiquidBlock.<init>(LiquidBlock.java:53) ~[server-1.20.1-20230612.114412-srg.jar%23229!/:?]
	at net.minecraft.world.level.block.Blocks.<clinit>(Blocks.java:77) ~[server-1.20.1-20230612.114412-srg.jar%23229!/:?]
	at net.minecraft.world.level.block.FireBlock.m_53484_(FireBlock.java:301) ~[server-1.20.1-20230612.114412-srg.jar%23229!/:?]
	at net.minecraft.server.Bootstrap.m_135870_(Bootstrap.java:46) ~[server-1.20.1-20230612.114412-srg.jar%23229!/:?]
	at net.minecraft.server.Main.main(Main.java:121) ~[server-1.20.1-20230612.114412-srg.jar%23229!/:?]
	at jdk.internal.reflect.NativeMethodAccessorImpl.invoke0(Native Method) ~[?:?]
	at jdk.internal.reflect.NativeMethodAccessorImpl.invoke(NativeMethodAccessorImpl.java:77) ~[?:?]
	at jdk.internal.reflect.DelegatingMethodAccessorImpl.invoke(DelegatingMethodAccessorImpl.java:43) ~[?:?]
	at java.lang.reflect.Method.invoke(Method.java:569) ~[?:?]
	at net.minecraftforge.fml.loading.targets.CommonLaunchHandler.runTarget(CommonLaunchHandler.java:111) ~[fmlloader-1.20.1-47.3.7.jar%2369!/:?]
	at net.minecraftforge.fml.loading.targets.CommonLaunchHandler.serverService(CommonLaunchHandler.java:103) ~[fmlloader-1.20.1-47.3.7.jar%2369!/:?]
	at net.minecraftforge.fml.loading.targets.CommonServerLaunchHandler.lambda$makeService$0(CommonServerLaunchHandler.java:27) ~[fmlloader-1.20.1-47.3.7.jar%2369!/:?]
	at cpw.mods.modlauncher.LaunchServiceHandlerDecorator.launch(LaunchServiceHandlerDecorator.java:30) ~[modlauncher-10.0.9.jar%2355!/:?]
	at cpw.mods.modlauncher.LaunchServiceHandler.launch(LaunchServiceHandler.java:53) ~[modlauncher-10.0.9.jar%2355!/:?]
	at cpw.mods.modlauncher.LaunchServiceHandler.launch(LaunchServiceHandler.java:71) ~[modlauncher-10.0.9.jar%2355!/:?]
	at cpw.mods.modlauncher.Launcher.run(Launcher.java:108) ~[modlauncher-10.0.9.jar%2355!/:?]
	at cpw.mods.modlauncher.Launcher.main(Launcher.java:78) ~[modlauncher-10.0.9.jar%2355!/:?]
	at cpw.mods.modlauncher.BootstrapLaunchConsumer.accept(BootstrapLaunchConsumer.java:26) ~[modlauncher-10.0.9.jar%2355!/:?]
	at cpw.mods.modlauncher.BootstrapLaunchConsumer.accept(BootstrapLaunchConsumer.java:23) ~[modlauncher-10.0.9.jar%2355!/:?]
	at cpw.mods.bootstraplauncher.BootstrapLauncher.main(BootstrapLauncher.java:141) ~[bootstraplauncher-1.1.2.jar:?]
[15Aug2026 23:32:53.326] [main/DEBUG] [io.netty.util.internal.PlatformDependent0/]: java.nio.Bits.unaligned: available, true
[15Aug2026 23:32:53.327] [main/DEBUG] [io.netty.util.internal.PlatformDependent0/]: jdk.internal.misc.Unsafe.allocateUninitializedArray(int): unavailable
java.lang.IllegalAccessException: class io.netty.util.internal.PlatformDependent0$7 (in module io.netty.common) cannot access class jdk.internal.misc.Unsafe (in module java.base) because module java.base does not export jdk.internal.misc to module io.netty.common
	at jdk.internal.reflect.Reflection.newIllegalAccessException(Reflection.java:392) ~[?:?]
	at java.lang.reflect.AccessibleObject.checkAccess(AccessibleObject.java:674) ~[?:?]
	at java.lang.reflect.Method.invoke(Method.java:561) ~[?:?]
	at io.netty.util.internal.PlatformDependent0$7.run(PlatformDependent0.java:410) ~[netty-common-4.1.82.Final.jar%2382!/:4.1.82.Final]
	at java.security.AccessController.doPrivileged(AccessController.java:318) ~[?:?]
	at io.netty.util.internal.PlatformDependent0.<clinit>(PlatformDependent0.java:401) ~[netty-common-4.1.82.Final.jar%2382!/:4.1.82.Final]
	at io.netty.util.internal.PlatformDependent.isAndroid(PlatformDependent.java:333) ~[netty-common-4.1.82.Final.jar%2382!/:4.1.82.Final]
	at io.netty.util.internal.PlatformDependent.<clinit>(PlatformDependent.java:88) ~[netty-common-4.1.82.Final.jar%2382!/:4.1.82.Final]
	at io.netty.util.ConstantPool.<init>(ConstantPool.java:34) ~[netty-common-4.1.82.Final.jar%2382!/:4.1.82.Final]
	at io.netty.util.AttributeKey$1.<init>(AttributeKey.java:27) ~[netty-common-4.1.82.Final.jar%2382!/:4.1.82.Final]
	at io.netty.util.AttributeKey.<clinit>(AttributeKey.java:27) ~[netty-common-4.1.82.Final.jar%2382!/:4.1.82.Final]
	at net.minecraftforge.network.NetworkConstants.<clinit>(NetworkConstants.java:34) ~[forge-1.20.1-47.3.7-universal.jar%23234!/:?]
	at net.minecraft.server.Bootstrap.handler$zig000$doClassloadHack(Bootstrap.java:1036) ~[server-1.20.1-20230612.114412-srg.jar%23229!/:?]
	at net.minecraft.server.Bootstrap.m_135870_(Bootstrap.java:64) ~[server-1.20.1-20230612.114412-srg.jar%23229!/:?]
	at net.minecraftforge.registries.ForgeRegistries.init(ForgeRegistries.java:212) ~[forge-1.20.1-47.3.7-universal.jar%23234!/:?]
	at net.minecraftforge.registries.ForgeRegistries.<clinit>(ForgeRegistries.java:65) ~[forge-1.20.1-47.3.7-universal.jar%23234!/:?]
	at net.minecraft.world.level.block.LiquidBlock.<init>(LiquidBlock.java:53) ~[server-1.20.1-20230612.114412-srg.jar%23229!/:?]
	at net.minecraft.world.level.block.Blocks.<clinit>(Blocks.java:77) ~[server-1.20.1-20230612.114412-srg.jar%23229!/:?]
	at net.minecraft.world.level.block.FireBlock.m_53484_(FireBlock.java:301) ~[server-1.20.1-20230612.114412-srg.jar%23229!/:?]
	at net.minecraft.server.Bootstrap.m_135870_(Bootstrap.java:46) ~[server-1.20.1-20230612.114412-srg.jar%23229!/:?]
	at net.minecraft.server.Main.main(Main.java:121) ~[server-1.20.1-20230612.114412-srg.jar%23229!/:?]
	at jdk.internal.reflect.NativeMethodAccessorImpl.invoke0(Native Method) ~[?:?]
	at jdk.internal.reflect.NativeMethodAccessorImpl.invoke(NativeMethodAccessorImpl.java:77) ~[?:?]
	at jdk.internal.reflect.DelegatingMethodAccessorImpl.invoke(DelegatingMethodAccessorImpl.java:43) ~[?:?]
	at java.lang.reflect.Method.invoke(Method.java:569) ~[?:?]
	at net.minecraftforge.fml.loading.targets.CommonLaunchHandler.runTarget(CommonLaunchHandler.java:111) ~[fmlloader-1.20.1-47.3.7.jar%2369!/:?]
	at net.minecraftforge.fml.loading.targets.CommonLaunchHandler.serverService(CommonLaunchHandler.java:103) ~[fmlloader-1.20.1-47.3.7.jar%2369!/:?]
	at net.minecraftforge.fml.loading.targets.CommonServerLaunchHandler.lambda$makeService$0(CommonServerLaunchHandler.java:27) ~[fmlloader-1.20.1-47.3.7.jar%2369!/:?]
	at cpw.mods.modlauncher.LaunchServiceHandlerDecorator.launch(LaunchServiceHandlerDecorator.java:30) ~[modlauncher-10.0.9.jar%2355!/:?]
	at cpw.mods.modlauncher.LaunchServiceHandler.launch(LaunchServiceHandler.java:53) ~[modlauncher-10.0.9.jar%2355!/:?]
	at cpw.mods.modlauncher.LaunchServiceHandler.launch(LaunchServiceHandler.java:71) ~[modlauncher-10.0.9.jar%2355!/:?]
	at cpw.mods.modlauncher.Launcher.run(Launcher.java:108) ~[modlauncher-10.0.9.jar%2355!/:?]
	at cpw.mods.modlauncher.Launcher.main(Launcher.java:78) ~[modlauncher-10.0.9.jar%2355!/:?]
	at cpw.mods.modlauncher.BootstrapLaunchConsumer.accept(BootstrapLaunchConsumer.java:26) ~[modlauncher-10.0.9.jar%2355!/:?]
	at cpw.mods.modlauncher.BootstrapLaunchConsumer.accept(BootstrapLaunchConsumer.java:23) ~[modlauncher-10.0.9.jar%2355!/:?]
	at cpw.mods.bootstraplauncher.BootstrapLauncher.main(BootstrapLauncher.java:141) ~[bootstraplauncher-1.1.2.jar:?]
[15Aug2026 23:32:53.328] [main/DEBUG] [io.netty.util.internal.PlatformDependent0/]: java.nio.DirectByteBuffer.<init>(long, int): unavailable
[15Aug2026 23:32:53.328] [main/DEBUG] [io.netty.util.internal.PlatformDependent/]: sun.misc.Unsafe: available
[15Aug2026 23:32:53.329] [main/DEBUG] [io.netty.util.internal.PlatformDependent/]: maxDirectMemory: 12884901888 bytes (maybe)
[15Aug2026 23:32:53.329] [main/DEBUG] [io.netty.util.internal.PlatformDependent/]: -Dio.netty.tmpdir: /tmp (java.io.tmpdir)
[15Aug2026 23:32:53.329] [main/DEBUG] [io.netty.util.internal.PlatformDependent/]: -Dio.netty.bitMode: 64 (sun.arch.data.model)
[15Aug2026 23:32:53.330] [main/DEBUG] [io.netty.util.internal.PlatformDependent/]: -Dio.netty.maxDirectMemory: -1 bytes
[15Aug2026 23:32:53.330] [main/DEBUG] [io.netty.util.internal.PlatformDependent/]: -Dio.netty.uninitializedArrayAllocationThreshold: -1
[15Aug2026 23:32:53.331] [main/DEBUG] [io.netty.util.internal.CleanerJava9/]: java.nio.ByteBuffer.cleaner(): available
[15Aug2026 23:32:53.331] [main/DEBUG] [io.netty.util.internal.PlatformDependent/]: -Dio.netty.noPreferDirect: false
[15Aug2026 23:32:53.375] [main/DEBUG] [mixin/]: Mixing perf.fix_handshake_stall.HandshakeHandlerMixin from modernfix-modernfix.mixins.json into net.minecraftforge.network.HandshakeHandler
[15Aug2026 23:32:53.467] [main/DEBUG] [mixin/]: Mixing MixinFallingBlockEntity from architectury.mixins.json into net.minecraft.world.entity.item.FallingBlockEntity
[15Aug2026 23:32:53.512] [main/DEBUG] [mixin/]: Mixing util.inventory_change_listening.StackListReplacementTracking$InventoryChangeTrackingDispenserBlockEntity from lithium.mixins.json into net.minecraft.world.level.block.entity.DispenserBlockEntity
[15Aug2026 23:32:53.513] [main/DEBUG] [mixin/]: lithium.mixins.json:util.inventory_change_listening.StackListReplacementTracking$InventoryChangeTrackingDispenserBlockEntity: Class version 61 required is higher than the class version supported by the current version of Mixin (JAVA_16 supports class version 60)
[15Aug2026 23:32:53.516] [main/DEBUG] [mixin/]: Mixing util.inventory_change_listening.LockableContainerBlockEntityMixin from lithium.mixins.json into net.minecraft.world.level.block.entity.BaseContainerBlockEntity
[15Aug2026 23:32:53.517] [main/DEBUG] [mixin/]: lithium.mixins.json:util.inventory_change_listening.LockableContainerBlockEntityMixin: Class version 61 required is higher than the class version supported by the current version of Mixin (JAVA_16 supports class version 60)
[15Aug2026 23:32:53.517] [main/DEBUG] [mixin/]: Renaming synthetic method lambda$emitFirstComparatorAdded$0(Lme/jellysquid/mods/lithium/common/block/entity/inventory_change_tracking/InventoryChangeListener;)Z to md61d6a6$lambda$emitFirstComparatorAdded$0$0 in lithium.mixins.json:util.inventory_change_listening.LockableContainerBlockEntityMixin
[15Aug2026 23:32:53.519] [main/DEBUG] [mixin/]: Mixing util.inventory_change_listening.StackListReplacementTracking$StackListReplacementTrackingLockableContainerBlockEntity from lithium.mixins.json into net.minecraft.world.level.block.entity.BaseContainerBlockEntity
[15Aug2026 23:32:53.520] [main/DEBUG] [mixin/]: lithium.mixins.json:util.inventory_change_listening.StackListReplacementTracking$StackListReplacementTrackingLockableContainerBlockEntity: Class version 61 required is higher than the class version supported by the current version of Mixin (JAVA_16 supports class version 60)
[15Aug2026 23:32:53.559] [main/DEBUG] [mixin/]: Mixing math.fast_util.AxisCycleDirectionMixin$ForwardMixin from lithium.mixins.json into net.minecraft.core.AxisCycle$2
[15Aug2026 23:32:53.559] [main/DEBUG] [mixin/]: lithium.mixins.json:math.fast_util.AxisCycleDirectionMixin$ForwardMixin: Class version 61 required is higher than the class version supported by the current version of Mixin (JAVA_16 supports class version 60)
[15Aug2026 23:32:53.560] [main/DEBUG] [mixin/]: Mixing math.fast_util.AxisCycleDirectionMixin$BackwardMixin from lithium.mixins.json into net.minecraft.core.AxisCycle$3
[15Aug2026 23:32:53.560] [main/DEBUG] [mixin/]: lithium.mixins.json:math.fast_util.AxisCycleDirectionMixin$BackwardMixin: Class version 61 required is higher than the class version supported by the current version of Mixin (JAVA_16 supports class version 60)
[15Aug2026 23:32:53.577] [main/DEBUG] [mixin/]: Mixing entity.collisions.unpushable_cramming.AbstractMinecartEntityMixin from lithium.mixins.json into net.minecraft.world.entity.vehicle.AbstractMinecart
[15Aug2026 23:32:53.577] [main/DEBUG] [mixin/]: lithium.mixins.json:entity.collisions.unpushable_cramming.AbstractMinecartEntityMixin: Class version 61 required is higher than the class version supported by the current version of Mixin (JAVA_16 supports class version 60)
[15Aug2026 23:32:53.578] [main/DEBUG] [mixin/]: Mixing entity.replace_entitytype_predicates.AbstractMinecartEntityMixin from lithium.mixins.json into net.minecraft.world.entity.vehicle.AbstractMinecart
[15Aug2026 23:32:53.578] [main/DEBUG] [mixin/]: lithium.mixins.json:entity.replace_entitytype_predicates.AbstractMinecartEntityMixin: Class version 61 required is higher than the class version supported by the current version of Mixin (JAVA_16 supports class version 60)
[15Aug2026 23:32:53.578] [main/DEBUG] [mixin/]: Renaming synthetic method lambda$getOtherAbstractMinecarts$0(Lnet/minecraft/world/entity/Entity;Lnet/minecraft/world/entity/vehicle/AbstractMinecart;)Z to md61d6a6$lambda$getOtherAbstractMinecarts$0$0 in lithium.mixins.json:entity.replace_entitytype_predicates.AbstractMinecartEntityMixin
[15Aug2026 23:32:53.586] [main/DEBUG] [mixin/]: Mixing math.fast_util.BoxMixin from lithium.mixins.json into net.minecraft.world.phys.AABB
[15Aug2026 23:32:53.586] [main/DEBUG] [mixin/]: lithium.mixins.json:math.fast_util.BoxMixin: Class version 61 required is higher than the class version supported by the current version of Mixin (JAVA_16 supports class version 60)
[15Aug2026 23:32:53.609] [main/DEBUG] [mixin/]: Mixing block.moving_block_shapes.PistonBlockEntityMixin from lithium.mixins.json into net.minecraft.world.level.block.piston.PistonMovingBlockEntity
[15Aug2026 23:32:53.609] [main/DEBUG] [mixin/]: lithium.mixins.json:block.moving_block_shapes.PistonBlockEntityMixin: Class version 61 required is higher than the class version supported by the current version of Mixin (JAVA_16 supports class version 60)
[15Aug2026 23:32:53.686] [main/DEBUG] [mixin/]: Mixing util.inventory_change_listening.ChestBlockEntityMixin from lithium.mixins.json into net.minecraft.world.level.block.entity.ChestBlockEntity
[15Aug2026 23:32:53.686] [main/DEBUG] [mixin/]: lithium.mixins.json:util.inventory_change_listening.ChestBlockEntityMixin: Class version 61 required is higher than the class version supported by the current version of Mixin (JAVA_16 supports class version 60)
[15Aug2026 23:32:53.686] [main/DEBUG] [mixin/]: Mixing util.inventory_change_listening.StackListReplacementTracking$InventoryChangeTrackingChestBlockEntity from lithium.mixins.json into net.minecraft.world.level.block.entity.ChestBlockEntity
[15Aug2026 23:32:53.687] [main/DEBUG] [mixin/]: lithium.mixins.json:util.inventory_change_listening.StackListReplacementTracking$InventoryChangeTrackingChestBlockEntity: Class version 61 required is higher than the class version supported by the current version of Mixin (JAVA_16 supports class version 60)
[15Aug2026 23:32:53.713] [main/DEBUG] [mixin/]: Mixing AbstractContainerMenuMixin from relics.mixins.json into net.minecraft.world.inventory.AbstractContainerMenu
[15Aug2026 23:32:53.713] [main/DEBUG] [mixin/]: relics.mixins.json:AbstractContainerMenuMixin: Class version 61 required is higher than the class version supported by the current version of Mixin (JAVA_8 supports class version 52)
[15Aug2026 23:32:53.715] [main/DEBUG] [mixin/]: Mixing accessor.AbstractContainerMenuAccessor from puzzleslib.common.mixins.json into net.minecraft.world.inventory.AbstractContainerMenu
[15Aug2026 23:32:53.719] [main/DEBUG] [mixin/]: Mixing accessor.CraftingMenuAccessor from visualworkbench.common.mixins.json into net.minecraft.world.inventory.CraftingMenu
[15Aug2026 23:32:53.722] [main/DEBUG] [mixin/]: Mixing MixinInventory from curios.mixins.json into net.minecraft.world.entity.player.Inventory
[15Aug2026 23:32:53.723] [main/DEBUG] [mixin/]: Mixing InventoryMixin from carryon.mixins.json into net.minecraft.world.entity.player.Inventory
[15Aug2026 23:32:53.731] [main/DEBUG] [mixin/]: Mixing util.inventory_change_listening.StackListReplacementTracking$InventoryChangeTrackingAbstractFurnaceBlockEntity from lithium.mixins.json into net.minecraft.world.level.block.entity.AbstractFurnaceBlockEntity
[15Aug2026 23:32:53.731] [main/DEBUG] [mixin/]: lithium.mixins.json:util.inventory_change_listening.StackListReplacementTracking$InventoryChangeTrackingAbstractFurnaceBlockEntity: Class version 61 required is higher than the class version supported by the current version of Mixin (JAVA_16 supports class version 60)
[15Aug2026 23:32:53.831] [main/DEBUG] [mixin/]: Mixing util.inventory_change_listening.StackListReplacementTracking$InventoryChangeTrackingBrewingStandBlockEntity from lithium.mixins.json into net.minecraft.world.level.block.entity.BrewingStandBlockEntity
[15Aug2026 23:32:53.831] [main/DEBUG] [mixin/]: lithium.mixins.json:util.inventory_change_listening.StackListReplacementTracking$InventoryChangeTrackingBrewingStandBlockEntity: Class version 61 required is higher than the class version supported by the current version of Mixin (JAVA_16 supports class version 60)
[15Aug2026 23:32:53.845] [main/DEBUG] [mixin/]: Mixing accessor.SimpleContainerAccessor from puzzleslib.common.mixins.json into net.minecraft.world.SimpleContainer
[15Aug2026 23:32:53.909] [main/DEBUG] [mixin/]: Mixing entity.replace_entitytype_predicates.ItemFrameEntityMixin from lithium.mixins.json into net.minecraft.world.entity.decoration.ItemFrame
[15Aug2026 23:32:53.909] [main/DEBUG] [mixin/]: lithium.mixins.json:entity.replace_entitytype_predicates.ItemFrameEntityMixin: Class version 61 required is higher than the class version supported by the current version of Mixin (JAVA_16 supports class version 60)
[15Aug2026 23:32:53.909] [main/DEBUG] [mixin/]: Renaming synthetic method lambda$getAbstractDecorationEntities$0(Lnet/minecraft/world/entity/Entity;Lnet/minecraft/world/entity/decoration/HangingEntity;)Z to md61d6a6$lambda$getAbstractDecorationEntities$0$0 in lithium.mixins.json:entity.replace_entitytype_predicates.ItemFrameEntityMixin
[15Aug2026 23:32:53.913] [main/DEBUG] [mixin/]: Mixing entity.replace_entitytype_predicates.AbstractDecorationEntityMixin from lithium.mixins.json into net.minecraft.world.entity.decoration.HangingEntity
[15Aug2026 23:32:53.914] [main/DEBUG] [mixin/]: lithium.mixins.json:entity.replace_entitytype_predicates.AbstractDecorationEntityMixin: Class version 61 required is higher than the class version supported by the current version of Mixin (JAVA_16 supports class version 60)
[15Aug2026 23:32:53.914] [main/DEBUG] [mixin/]: Renaming synthetic method lambda$getAbstractDecorationEntities$0(Lnet/minecraft/world/entity/Entity;Lnet/minecraft/world/entity/decoration/HangingEntity;)Z to md61d6a6$lambda$getAbstractDecorationEntities$0$0 in lithium.mixins.json:entity.replace_entitytype_predicates.AbstractDecorationEntityMixin
[15Aug2026 23:32:53.923] [main/DEBUG] [mixin/]: Mixing entity.hopper_minecart.HopperBlockEntityMixin from lithium.mixins.json into net.minecraft.world.level.block.entity.HopperBlockEntity
[15Aug2026 23:32:53.923] [main/DEBUG] [mixin/]: lithium.mixins.json:entity.hopper_minecart.HopperBlockEntityMixin: Class version 61 required is higher than the class version supported by the current version of Mixin (JAVA_16 supports class version 60)
[15Aug2026 23:32:53.925] [main/DEBUG] [mixin/]: Mixing util.inventory_change_listening.StackListReplacementTracking$InventoryChangeTrackingHopperBlockEntity from lithium.mixins.json into net.minecraft.world.level.block.entity.HopperBlockEntity
[15Aug2026 23:32:53.925] [main/DEBUG] [mixin/]: lithium.mixins.json:util.inventory_change_listening.StackListReplacementTracking$InventoryChangeTrackingHopperBlockEntity: Class version 61 required is higher than the class version supported by the current version of Mixin (JAVA_16 supports class version 60)
[15Aug2026 23:32:53.996] [main/DEBUG] [mixin/]: Mixing util.inventory_change_listening.StackListReplacementTracking$InventoryChangeTrackingShulkerBoxBlockEntity from lithium.mixins.json into net.minecraft.world.level.block.entity.ShulkerBoxBlockEntity
[15Aug2026 23:32:53.997] [main/DEBUG] [mixin/]: lithium.mixins.json:util.inventory_change_listening.StackListReplacementTracking$InventoryChangeTrackingShulkerBoxBlockEntity: Class version 61 required is higher than the class version supported by the current version of Mixin (JAVA_16 supports class version 60)
[15Aug2026 23:32:54.071] [main/DEBUG] [mixin/]: Mixing util.inventory_change_listening.StackListReplacementTracking$InventoryChangeTrackingBarrelBlockEntity from lithium.mixins.json into net.minecraft.world.level.block.entity.BarrelBlockEntity
[15Aug2026 23:32:54.071] [main/DEBUG] [mixin/]: lithium.mixins.json:util.inventory_change_listening.StackListReplacementTracking$InventoryChangeTrackingBarrelBlockEntity: Class version 61 required is higher than the class version supported by the current version of Mixin (JAVA_16 supports class version 60)
[15Aug2026 23:32:54.081] [main/DEBUG] [mixin/]: Mixing SmithingMenuMixin from citadel.mixins.json into net.minecraft.world.inventory.SmithingMenu
[15Aug2026 23:32:54.092] [main/DEBUG] [mixin/]: Mixing ChunkGeneratorMixin from citadel.mixins.json into net.minecraft.world.level.chunk.ChunkGenerator
[15Aug2026 23:32:54.152] [main/DEBUG] [mixin/]: Mixing MixinServerPlayer from xaerolib.mixins.json into net.minecraft.server.level.ServerPlayer
[15Aug2026 23:32:54.153] [main/DEBUG] [mixin/]: Mixing ServerPlayerEntityMixin from trmt.mixins.json into net.minecraft.server.level.ServerPlayer
[15Aug2026 23:32:54.159] [main/DEBUG] [mixin/]: Mixing MixinServerPlayer from xaeroworldmap.mixins.json into net.minecraft.server.level.ServerPlayer
[15Aug2026 23:32:54.160] [main/DEBUG] [mixin/]: Mixing ServerPlayerMixin from playerrevive.mixins.json into net.minecraft.server.level.ServerPlayer
[15Aug2026 23:32:54.160] [main/DEBUG] [mixin/]: Mixing ServerPlayerMixin from collective_forge.mixins.json into net.minecraft.server.level.ServerPlayer
[15Aug2026 23:32:54.185] [main/DEBUG] [mixin/]: Mixing MixinLightningBolt from architectury-common.mixins.json into net.minecraft.world.entity.LightningBolt
[15Aug2026 23:32:54.213] [main/DEBUG] [net.minecraftforge.coremod.transformer.CoreModBaseTransformer/COREMOD]: Transforming net/minecraft/world/entity/animal/frog/Tadpole
[15Aug2026 23:32:54.235] [main/DEBUG] [mixin/]: Mixing accessor.BlockItemAccessor from puzzleslib.common.mixins.json into net.minecraft.world.item.BlockItem
[15Aug2026 23:32:54.244] [main/DEBUG] [mixin/]: Mixing RangedWeaponItemMixin from bettercombat.mixins.json into net.minecraft.world.item.ProjectileWeaponItem
[15Aug2026 23:32:54.248] [main/DEBUG] [mixin/]: Mixing ShovelItemMixin from trmt.mixins.json into net.minecraft.world.item.ShovelItem
[15Aug2026 23:32:54.249] [main/DEBUG] [mixin/]: Renaming synthetic method lambda$trmt$flattenErodedBlocks$0(Lnet/minecraft/world/item/context/UseOnContext;Lnet/minecraft/world/entity/player/Player;)V to md61d6a6$lambda$trmt$flattenErodedBlocks$0$0 in trmt.mixins.json:ShovelItemMixin
[15Aug2026 23:32:54.260] [main/DEBUG] [mixin/]: Mixing HoeItemMixin from trmt.mixins.json into net.minecraft.world.item.HoeItem
[15Aug2026 23:32:54.261] [main/DEBUG] [mixin/]: Renaming synthetic method lambda$trmt$tillErodedBlocks$0(Lnet/minecraft/world/item/context/UseOnContext;Lnet/minecraft/world/entity/player/Player;)V to md61d6a6$lambda$trmt$tillErodedBlocks$0$0 in trmt.mixins.json:HoeItemMixin
[15Aug2026 23:32:54.267] [main/DEBUG] [net.minecraftforge.coremod.transformer.CoreModBaseTransformer/COREMOD]: Transforming net/minecraft/world/item/BucketItem
[15Aug2026 23:32:54.268] [main/DEBUG] [mixin/]: Mixing inject.MixinBucketItem from architectury-common.mixins.json into net.minecraft.world.item.BucketItem
[15Aug2026 23:32:54.276] [main/DEBUG] [mixin/]: Mixing BoneMealItemMixin from trmt.mixins.json into net.minecraft.world.item.BoneMealItem
[15Aug2026 23:32:54.278] [main/DEBUG] [mixin/]: Mixing BoneMealItemMixin from collective_forge.mixins.json into net.minecraft.world.item.BoneMealItem
[15Aug2026 23:32:54.286] [main/DEBUG] [mixin/]: Mixing MixinShearsItem from curios.mixins.json into net.minecraft.world.item.ShearsItem
[15Aug2026 23:32:54.313] [main/DEBUG] [mixin/]: Mixing BrushItemMixin from trmt.mixins.json into net.minecraft.world.item.BrushItem
[15Aug2026 23:32:54.318] [main/DEBUG] [mixin/]: Renaming synthetic method lambda$trmt$onBrushTick$0(Lnet/minecraft/world/entity/EquipmentSlot;Lnet/minecraft/world/entity/player/Player;)V to md61d6a6$lambda$trmt$onBrushTick$0$0 in trmt.mixins.json:BrushItemMixin
[15Aug2026 23:32:54.343] [main/DEBUG] [mixin/]: Mixing inject.MixinItemProperties from architectury-common.mixins.json into net.minecraft.world.item.Item$Properties
[15Aug2026 23:32:54.380] [main/DEBUG] [mixin/]: Mixing perf.ticking_chunk_alloc.ChunkAccessMixin from modernfix-modernfix.mixins.json into net.minecraft.world.level.chunk.ChunkAccess
[15Aug2026 23:32:54.380] [main/DEBUG] [mixin/]: Mixing perf.compact_imposterprotochunks.ChunkAccessMixin from modernfix-modernfix.mixins.json into net.minecraft.world.level.chunk.ChunkAccess
[15Aug2026 23:32:54.386] [main/DEBUG] [mixin/]: Mixing world.inline_block_access.WorldChunkMixin from lithium.mixins.json into net.minecraft.world.level.chunk.LevelChunk
[15Aug2026 23:32:54.386] [main/DEBUG] [mixin/]: lithium.mixins.json:world.inline_block_access.WorldChunkMixin: Class version 61 required is higher than the class version supported by the current version of Mixin (JAVA_16 supports class version 60)
[15Aug2026 23:32:54.387] [main/DEBUG] [mixin/]: Mixing collections.block_entity_tickers.WorldChunkMixin from lithium.mixins.json into net.minecraft.world.level.chunk.LevelChunk
[15Aug2026 23:32:54.387] [main/DEBUG] [mixin/]: lithium.mixins.json:collections.block_entity_tickers.WorldChunkMixin: Class version 61 required is higher than the class version supported by the current version of Mixin (JAVA_16 supports class version 60)
[15Aug2026 23:32:54.387] [main/DEBUG] [mixin/]: Mixing world.combined_heightmap_update.WorldChunkMixin from lithium.mixins.json into net.minecraft.world.level.chunk.LevelChunk
[15Aug2026 23:32:54.388] [main/DEBUG] [mixin/]: lithium.mixins.json:world.combined_heightmap_update.WorldChunkMixin: Class version 61 required is higher than the class version supported by the current version of Mixin (JAVA_16 supports class version 60)
[15Aug2026 23:32:54.389] [main/DEBUG] [mixin/]: Mixing world.inline_height.WorldChunkMixin from lithium.mixins.json into net.minecraft.world.level.chunk.LevelChunk
[15Aug2026 23:32:54.389] [main/DEBUG] [mixin/]: lithium.mixins.json:world.inline_height.WorldChunkMixin: Class version 61 required is higher than the class version supported by the current version of Mixin (JAVA_16 supports class version 60)
[15Aug2026 23:32:54.421] [main/DEBUG] [mixin/]: Mixing entity.inactive_navigations.EntityNavigationMixin from lithium.mixins.json into net.minecraft.world.entity.ai.navigation.PathNavigation
[15Aug2026 23:32:54.421] [main/DEBUG] [mixin/]: lithium.mixins.json:entity.inactive_navigations.EntityNavigationMixin: Class version 61 required is higher than the class version supported by the current version of Mixin (JAVA_16 supports class version 60)
[15Aug2026 23:32:54.438] [main/DEBUG] [mixin/]: Mixing perf.dynamic_dfu.EntityTypeBuilderMixin from modernfix-modernfix.mixins.json into net.minecraft.world.entity.EntityType$Builder
[15Aug2026 23:32:54.448] [main/DEBUG] [mixin/]: Mixing entity.replace_entitytype_predicates.ArmorStandEntityMixin from lithium.mixins.json into net.minecraft.world.entity.decoration.ArmorStand
[15Aug2026 23:32:54.449] [main/DEBUG] [mixin/]: lithium.mixins.json:entity.replace_entitytype_predicates.ArmorStandEntityMixin: Class version 61 required is higher than the class version supported by the current version of Mixin (JAVA_16 supports class version 60)
[15Aug2026 23:32:54.449] [main/DEBUG] [mixin/]: Renaming synthetic method lambda$getMinecartsDirectly$0(Lnet/minecraft/world/entity/Entity;Lnet/minecraft/world/entity/Entity;)Z to md61d6a6$lambda$getMinecartsDirectly$0$0 in lithium.mixins.json:entity.replace_entitytype_predicates.ArmorStandEntityMixin
[15Aug2026 23:32:54.450] [main/DEBUG] [mixin/]: Mixing entity.skip_equipment_change_check.ArmorStandEntityMixin from lithium.mixins.json into net.minecraft.world.entity.decoration.ArmorStand
[15Aug2026 23:32:54.450] [main/DEBUG] [mixin/]: lithium.mixins.json:entity.skip_equipment_change_check.ArmorStandEntityMixin: Class version 61 required is higher than the class version supported by the current version of Mixin (JAVA_16 supports class version 60)
[15Aug2026 23:32:54.467] [main/DEBUG] [mixin/]: Mixing ExperienceOrbAccess from clumps.mixins.json into net.minecraft.world.entity.ExperienceOrb
[15Aug2026 23:32:54.467] [main/DEBUG] [mixin/]: Mixing MixinExperienceOrb from clumps.mixins.json into net.minecraft.world.entity.ExperienceOrb
[15Aug2026 23:32:54.468] [main/DEBUG] [mixin/]: Renaming synthetic method lambda$clumps$resolve$7(Ljava/util/Map$Entry;)Ljava/lang/Integer; to md61d6a6$lambda$clumps$resolve$7$0 in clumps.mixins.json:MixinExperienceOrb
[15Aug2026 23:32:54.468] [main/DEBUG] [mixin/]: Renaming synthetic method lambda$addAdditionalSaveData$6(Lnet/minecraft/nbt/CompoundTag;Ljava/lang/Integer;Ljava/lang/Integer;)V to md61d6a6$lambda$addAdditionalSaveData$6$1 in clumps.mixins.json:MixinExperienceOrb
[15Aug2026 23:32:54.468] [main/DEBUG] [mixin/]: Renaming synthetic method lambda$tryMergeToExisting$5(Ljava/util/Map;)Ljava/util/stream/Stream; to md61d6a6$lambda$tryMergeToExisting$5$2 in clumps.mixins.json:MixinExperienceOrb
[15Aug2026 23:32:54.468] [main/DEBUG] [mixin/]: Renaming synthetic method lambda$tryMergeToExisting$4(IILnet/minecraft/world/entity/ExperienceOrb;)Z to md61d6a6$lambda$tryMergeToExisting$4$3 in clumps.mixins.json:MixinExperienceOrb
[15Aug2026 23:32:54.468] [main/DEBUG] [mixin/]: Renaming synthetic method lambda$merge$3(Ljava/util/Map;)Ljava/util/stream/Stream; to md61d6a6$lambda$merge$3$4 in clumps.mixins.json:MixinExperienceOrb
[15Aug2026 23:32:54.468] [main/DEBUG] [mixin/]: Renaming synthetic method lambda$clumps$repairPlayerItems$2(ILnet/minecraft/world/entity/player/Player;Lnet/minecraft/world/item/ItemStack;)Ljava/lang/Integer; to md61d6a6$lambda$clumps$repairPlayerItems$2$5 in clumps.mixins.json:MixinExperienceOrb
[15Aug2026 23:32:54.468] [main/DEBUG] [mixin/]: Renaming synthetic method lambda$clumps$repairPlayerItems$1(Lnet/minecraft/world/item/ItemStack;Ljava/lang/Integer;)Ljava/lang/Float; to md61d6a6$lambda$clumps$repairPlayerItems$1$6 in clumps.mixins.json:MixinExperienceOrb
[15Aug2026 23:32:54.469] [main/DEBUG] [mixin/]: Renaming synthetic method lambda$playerTouch$0(Lnet/minecraft/world/entity/player/Player;Ljava/util/concurrent/atomic/AtomicInteger;Ljava/lang/Integer;Ljava/lang/Integer;)V to md61d6a6$lambda$playerTouch$0$7 in clumps.mixins.json:MixinExperienceOrb
[15Aug2026 23:32:54.494] [main/DEBUG] [mixin/]: Mixing perf.ticking_chunk_alloc.BatMixin from modernfix-modernfix.mixins.json into net.minecraft.world.entity.ambient.Bat
[15Aug2026 23:32:54.531] [main/DEBUG] [mixin/]: Mixing entity.collisions.unpushable_cramming.BoatEntityMixin from lithium.mixins.json into net.minecraft.world.entity.vehicle.Boat
[15Aug2026 23:32:54.531] [main/DEBUG] [mixin/]: lithium.mixins.json:entity.collisions.unpushable_cramming.BoatEntityMixin: Class version 61 required is higher than the class version supported by the current version of Mixin (JAVA_16 supports class version 60)
[15Aug2026 23:32:54.562] [main/DEBUG] [net.minecraftforge.coremod.transformer.CoreModBaseTransformer/COREMOD]: Transforming net/minecraft/world/entity/monster/Spider
[15Aug2026 23:32:54.575] [main/DEBUG] [mixin/]: Mixing SpiderMixin from nyfsspiders.mixins.json into net.minecraft.world.entity.monster.Spider
[15Aug2026 23:32:54.615] [main/DEBUG] [mixin/]: Mixing AbstractChestedHorseMixin from relics.mixins.json into net.minecraft.world.entity.animal.horse.AbstractChestedHorse
[15Aug2026 23:32:54.618] [main/DEBUG] [mixin/]: relics.mixins.json:AbstractChestedHorseMixin: Class version 61 required is higher than the class version supported by the current version of Mixin (JAVA_8 supports class version 52)
[15Aug2026 23:32:54.623] [main/DEBUG] [mixin/]: Mixing entity.inactive_navigations.DrownedEntityMixin from lithium.mixins.json into net.minecraft.world.entity.monster.Drowned
[15Aug2026 23:32:54.624] [main/DEBUG] [net.minecraftforge.coremod.transformer.CoreModBaseTransformer/COREMOD]: Transforming net/minecraft/world/entity/monster/Zombie
[15Aug2026 23:32:54.663] [main/DEBUG] [mixin/]: lithium.mixins.json:entity.inactive_navigations.DrownedEntityMixin: Class version 61 required is higher than the class version supported by the current version of Mixin (JAVA_16 supports class version 60)
[15Aug2026 23:32:54.666] [main/DEBUG] [net.minecraftforge.coremod.transformer.CoreModBaseTransformer/COREMOD]: Transforming net/minecraft/world/entity/monster/Zombie
[15Aug2026 23:32:54.696] [main/DEBUG] [net.minecraftforge.coremod.transformer.CoreModBaseTransformer/COREMOD]: Transforming net/minecraft/world/entity/monster/ZombieVillager
[15Aug2026 23:32:54.721] [main/DEBUG] [mixin/]: Mixing entity.inactive_navigations.DrownedEntityLeaveWaterGoalMixin from lithium.mixins.json into net.minecraft.world.entity.monster.Drowned$DrownedGoToBeachGoal
[15Aug2026 23:32:54.721] [main/DEBUG] [mixin/]: lithium.mixins.json:entity.inactive_navigations.DrownedEntityLeaveWaterGoalMixin: Class version 61 required is higher than the class version supported by the current version of Mixin (JAVA_16 supports class version 60)
[15Aug2026 23:32:54.738] [main/DEBUG] [mixin/]: Mixing EnderManMixin from relics.mixins.json into net.minecraft.world.entity.monster.EnderMan
[15Aug2026 23:32:54.739] [main/DEBUG] [mixin/]: relics.mixins.json:EnderManMixin: Class version 61 required is higher than the class version supported by the current version of Mixin (JAVA_8 supports class version 52)
[15Aug2026 23:32:54.747] [main/DEBUG] [mixin/]: Mixing ai.raid.RaiderEntityMixin from lithium.mixins.json into net.minecraft.world.entity.raid.Raider
[15Aug2026 23:32:54.747] [main/DEBUG] [mixin/]: lithium.mixins.json:ai.raid.RaiderEntityMixin: Class version 61 required is higher than the class version supported by the current version of Mixin (JAVA_16 supports class version 60)
[15Aug2026 23:32:54.748] [main/DEBUG] [mixin/]: Renaming synthetic method lambda$static$0(Lnet/minecraft/world/entity/item/ItemEntity;)Z to md61d6a6$lambda$static$0$0 in lithium.mixins.json:ai.raid.RaiderEntityMixin
[15Aug2026 23:32:54.753] [main/DEBUG] [mixin/]: Mixing ai.raid.PickupBannerAsLeaderGoalMixin from lithium.mixins.json into net.minecraft.world.entity.raid.Raider$ObtainRaidLeaderBannerGoal
[15Aug2026 23:32:54.754] [main/DEBUG] [mixin/]: lithium.mixins.json:ai.raid.PickupBannerAsLeaderGoalMixin: Class version 61 required is higher than the class version supported by the current version of Mixin (JAVA_16 supports class version 60)
[15Aug2026 23:32:54.756] [main/DEBUG] [mixin/]: Mixing ai.poi.tasks.RaiderEntityAttackHomeGoalMixin from lithium.mixins.json into net.minecraft.world.entity.raid.Raider$RaiderMoveThroughVillageGoal
[15Aug2026 23:32:54.756] [main/DEBUG] [mixin/]: lithium.mixins.json:ai.poi.tasks.RaiderEntityAttackHomeGoalMixin: Class version 61 required is higher than the class version supported by the current version of Mixin (JAVA_16 supports class version 60)
[15Aug2026 23:32:54.759] [main/DEBUG] [net.minecraftforge.coremod.transformer.CoreModBaseTransformer/COREMOD]: Transforming net/minecraft/world/entity/monster/Evoker$EvokerSummonSpellGoal
[15Aug2026 23:32:54.807] [main/DEBUG] [mixin/]: Mixing entity.replace_entitytype_predicates.IronGolemWanderAroundGoalMixin from lithium.mixins.json into net.minecraft.world.entity.ai.goal.GolemRandomStrollInVillageGoal
[15Aug2026 23:32:54.808] [main/DEBUG] [mixin/]: lithium.mixins.json:entity.replace_entitytype_predicates.IronGolemWanderAroundGoalMixin: Class version 61 required is higher than the class version supported by the current version of Mixin (JAVA_16 supports class version 60)
[15Aug2026 23:32:54.810] [main/DEBUG] [net.minecraftforge.coremod.transformer.CoreModBaseTransformer/COREMOD]: Transforming net/minecraft/world/entity/npc/Villager
[15Aug2026 23:32:54.864] [main/DEBUG] [mixin/]: Mixing entity.replace_entitytype_predicates.FormCaravanGoalMixin from lithium.mixins.json into net.minecraft.world.entity.ai.goal.LlamaFollowCaravanGoal
[15Aug2026 23:32:54.864] [main/DEBUG] [mixin/]: lithium.mixins.json:entity.replace_entitytype_predicates.FormCaravanGoalMixin: Class version 61 required is higher than the class version supported by the current version of Mixin (JAVA_16 supports class version 60)
[15Aug2026 23:32:54.864] [main/DEBUG] [mixin/]: Renaming synthetic method lambda$getLlamasForCaravan$0(Lnet/minecraft/world/entity/Entity;Lnet/minecraft/world/entity/animal/horse/Llama;)Z to md61d6a6$lambda$getLlamasForCaravan$0$0 in lithium.mixins.json:entity.replace_entitytype_predicates.FormCaravanGoalMixin
[15Aug2026 23:32:54.929] [main/DEBUG] [net.minecraftforge.coremod.transformer.CoreModBaseTransformer/COREMOD]: Transforming net/minecraft/world/entity/animal/horse/SkeletonTrapGoal
[15Aug2026 23:32:54.945] [main/DEBUG] [net.minecraftforge.coremod.transformer.CoreModBaseTransformer/COREMOD]: Transforming net/minecraft/world/entity/monster/Strider
[15Aug2026 23:32:54.980] [main/DEBUG] [mixin/]: Mixing common.PoseMixin from parcool.mixins.json into net.minecraft.world.entity.Pose
[15Aug2026 23:32:54.980] [main/DEBUG] [mixin/]: Renaming @Invoker method newPose(Ljava/lang/String;I)Lnet/minecraft/world/entity/Pose; to newPose_$md$61d6a6$0 in parcool.mixins.json:common.PoseMixin
[15Aug2026 23:32:54.987] [main/DEBUG] [mixin/]: Mixing entity.data_tracker.use_arrays.DataTrackerMixin from lithium.mixins.json into net.minecraft.network.syncher.SynchedEntityData
[15Aug2026 23:32:54.987] [main/DEBUG] [mixin/]: lithium.mixins.json:entity.data_tracker.use_arrays.DataTrackerMixin: Class version 61 required is higher than the class version supported by the current version of Mixin (JAVA_16 supports class version 60)
[15Aug2026 23:32:54.990] [main/DEBUG] [mixin/]: Mixing entity.data_tracker.no_locks.DataTrackerMixin from lithium.mixins.json into net.minecraft.network.syncher.SynchedEntityData
[15Aug2026 23:32:54.991] [main/DEBUG] [mixin/]: lithium.mixins.json:entity.data_tracker.no_locks.DataTrackerMixin: Class version 61 required is higher than the class version supported by the current version of Mixin (JAVA_16 supports class version 60)
[15Aug2026 23:32:55.008] [main/DEBUG] [mixin/]: Mixing ai.sensor.secondary_poi.SecondaryPointsOfInterestSensorMixin from lithium.mixins.json into net.minecraft.world.entity.ai.sensing.SecondaryPoiSensor
[15Aug2026 23:32:55.008] [main/DEBUG] [mixin/]: lithium.mixins.json:ai.sensor.secondary_poi.SecondaryPointsOfInterestSensorMixin: Class version 61 required is higher than the class version supported by the current version of Mixin (JAVA_16 supports class version 60)
[15Aug2026 23:32:55.023] [main/DEBUG] [mixin/]: Mixing util.world_border_listener.WorldBorderMixin from lithium.mixins.json into net.minecraft.world.level.border.WorldBorder
[15Aug2026 23:32:55.024] [main/DEBUG] [mixin/]: lithium.mixins.json:util.world_border_listener.WorldBorderMixin: Class version 61 required is higher than the class version supported by the current version of Mixin (JAVA_16 supports class version 60)
[15Aug2026 23:32:55.048] [main/DEBUG] [net.minecraftforge.coremod.transformer.CoreModBaseTransformer/COREMOD]: Transforming net/minecraft/world/entity/npc/Villager
[15Aug2026 23:32:55.089] [main/DEBUG] [net.minecraftforge.coremod.transformer.CoreModBaseTransformer/COREMOD]: Transforming net/minecraft/world/inventory/MerchantMenu
[15Aug2026 23:32:55.133] [main/DEBUG] [mixin/]: Mixing entity.collisions.unpushable_cramming.EntityPredicatesMixin from lithium.mixins.json into net.minecraft.world.entity.EntitySelector
[15Aug2026 23:32:55.133] [main/DEBUG] [mixin/]: lithium.mixins.json:entity.collisions.unpushable_cramming.EntityPredicatesMixin: Class version 61 required is higher than the class version supported by the current version of Mixin (JAVA_16 supports class version 60)
[15Aug2026 23:32:55.139] [main/DEBUG] [mixin/]: Mixing perf.faster_ingredients.IngredientMixin from modernfix-modernfix.mixins.json into net.minecraft.world.item.crafting.Ingredient
[15Aug2026 23:32:55.140] [main/DEBUG] [mixin/]: Renaming synthetic method lambda$computeItemsArray$1(I)[Lnet/minecraft/world/item/ItemStack; to md61d6a6$lambda$computeItemsArray$1$0 in modernfix-modernfix.mixins.json:perf.faster_ingredients.IngredientMixin
[15Aug2026 23:32:55.140] [main/DEBUG] [mixin/]: Renaming synthetic method lambda$modernfix$fasterTagIngredientStacking$0(Lnet/minecraft/core/Holder;)I to md61d6a6$lambda$modernfix$fasterTagIngredientStacking$0$1 in modernfix-modernfix.mixins.json:perf.faster_ingredients.IngredientMixin
[15Aug2026 23:32:55.149] [main/DEBUG] [mixin/]: Mixing perf.smart_ingredient_sync.IngredientMixin from modernfix-modernfix.mixins.json into net.minecraft.world.item.crafting.Ingredient
[15Aug2026 23:32:55.164] [main/DEBUG] [mixin/]: Mixing inject.MixinFoodPropertiesBuilder from architectury-common.mixins.json into net.minecraft.world.food.FoodProperties$Builder
[15Aug2026 23:32:55.167] [main/DEBUG] [net.minecraftforge.coremod.transformer.CoreModBaseTransformer/COREMOD]: Transforming net/minecraft/world/effect/MobEffectInstance
[15Aug2026 23:32:55.201] [main/DEBUG] [mixin/]: Mixing bugfix.forge_vehicle_packets.ServerGamePacketListenerImplMixin from modernfix-modernfix.mixins.json into net.minecraft.server.network.ServerGamePacketListenerImpl
[15Aug2026 23:32:55.202] [main/DEBUG] [mixin/]: Mixing ServerPlayNetworkHandlerMixin from bettercombat.mixins.json into net.minecraft.server.network.ServerGamePacketListenerImpl
[15Aug2026 23:32:55.221] [main/DEBUG] [mixin/]: Mixing accessor.PotionBrewingForgeAccessor from puzzleslib.forge.mixins.json into net.minecraft.world.item.alchemy.PotionBrewing
[15Aug2026 23:32:55.221] [main/DEBUG] [mixin/]: Renaming @Accessor method puzzleslib$getPotionMixes()Ljava/util/List; to puzzleslib$getPotionMixes_$md$61d6a6$0 in puzzleslib.forge.mixins.json:accessor.PotionBrewingForgeAccessor
[15Aug2026 23:32:55.221] [main/DEBUG] [mixin/]: Renaming @Accessor method puzzleslib$getContainerMixes()Ljava/util/List; to puzzleslib$getContainerMixes_$md$61d6a6$1 in puzzleslib.forge.mixins.json:accessor.PotionBrewingForgeAccessor
[15Aug2026 23:32:55.221] [main/DEBUG] [mixin/]: Renaming @Accessor method puzzleslib$getAllowedContainers()Ljava/util/List; to puzzleslib$getAllowedContainers_$md$61d6a6$2 in puzzleslib.forge.mixins.json:accessor.PotionBrewingForgeAccessor
[15Aug2026 23:32:55.228] [main/DEBUG] [mixin/]: Mixing alloc.nbt.NbtCompoundMixin from lithium.mixins.json into net.minecraft.nbt.CompoundTag
[15Aug2026 23:32:55.228] [main/DEBUG] [mixin/]: lithium.mixins.json:alloc.nbt.NbtCompoundMixin: Class version 61 required is higher than the class version supported by the current version of Mixin (JAVA_16 supports class version 60)
[15Aug2026 23:32:55.234] [main/DEBUG] [mixin/]: Mixing alloc.nbt.NbtCompoundMixin$Type from lithium.mixins.json into net.minecraft.nbt.CompoundTag$1
[15Aug2026 23:32:55.235] [main/DEBUG] [mixin/]: lithium.mixins.json:alloc.nbt.NbtCompoundMixin$Type: Class version 61 required is higher than the class version supported by the current version of Mixin (JAVA_16 supports class version 60)
[15Aug2026 23:32:55.275] [main/DEBUG] [mixin/]: Mixing SweepingEnchantmentMixin from bettercombat.mixins.json into net.minecraft.world.item.enchantment.SweepingEdgeEnchantment
[15Aug2026 23:32:55.299] [main/DEBUG] [mixin/]: Mixing structures.StructureProcessorAccessor from moogs_structures-common.mixins.json into net.minecraft.world.level.levelgen.structure.templatesystem.StructureProcessor
[15Aug2026 23:32:55.318] [main/DEBUG] [mixin/]: Mixing world.combined_heightmap_update.HeightmapAccessor from lithium.mixins.json into net.minecraft.world.level.levelgen.Heightmap
[15Aug2026 23:32:55.318] [main/DEBUG] [mixin/]: lithium.mixins.json:world.combined_heightmap_update.HeightmapAccessor: Class version 61 required is higher than the class version supported by the current version of Mixin (JAVA_16 supports class version 60)
[15Aug2026 23:32:55.322] [main/DEBUG] [mixin/]: Mixing perf.cache_upgraded_structures.StructureManagerMixin from modernfix-modernfix.mixins.json into net.minecraft.world.level.levelgen.structure.templatesystem.StructureTemplateManager
[15Aug2026 23:32:55.324] [main/DEBUG] [mixin/]: Mixing perf.dynamic_structure_manager.StructureManagerMixin from modernfix-modernfix.mixins.json into net.minecraft.world.level.levelgen.structure.templatesystem.StructureTemplateManager
[15Aug2026 23:32:55.325] [main/DEBUG] [mixin/]: Mixing structures.StructureTemplateManagerAccessor from moogs_structures-common.mixins.json into net.minecraft.world.level.levelgen.structure.templatesystem.StructureTemplateManager
[15Aug2026 23:32:55.354] [main/DEBUG] [mixin/]: Mixing SlotAccessor from balm.mixins.json into net.minecraft.world.inventory.Slot
[15Aug2026 23:32:55.537] [main/DEBUG] [mixin/]: Mixing MixinApplyBonusCount from curios.mixins.json into net.minecraft.world.level.storage.loot.functions.ApplyBonusCount
[15Aug2026 23:32:55.566] [main/DEBUG] [mixin/]: Mixing collections.mob_spawning.PoolMixin from lithium.mixins.json into net.minecraft.util.random.WeightedRandomList
[15Aug2026 23:32:55.566] [main/DEBUG] [mixin/]: lithium.mixins.json:collections.mob_spawning.PoolMixin: Class version 61 required is higher than the class version supported by the current version of Mixin (JAVA_16 supports class version 60)
[15Aug2026 23:32:55.621] [main/DEBUG] [mixin/]: Mixing gen.NoLakesInStructuresMixin from iceandfire.mixins.json into net.minecraft.world.level.levelgen.feature.LakeFeature
[15Aug2026 23:32:55.632] [main/DEBUG] [mixin/]: Mixing features.NoBasaltColumnsInStructuresMixin from moogs_structures-common.mixins.json into net.minecraft.world.level.levelgen.feature.BasaltColumnsFeature
[15Aug2026 23:32:55.634] [main/DEBUG] [mixin/]: Mixing features.NoDeltasInStructuresMixin from moogs_structures-common.mixins.json into net.minecraft.world.level.levelgen.feature.DeltaFeature
[15Aug2026 23:32:55.659] [main/DEBUG] [mixin/]: Mixing structures.JigsawReplacementProcessorMixin from moogs_structures-common.mixins.json into net.minecraft.world.level.levelgen.structure.templatesystem.JigsawReplacementProcessor
[15Aug2026 23:32:55.720] [main/DEBUG] [net.minecraftforge.coremod.transformer.CoreModBaseTransformer/COREMOD]: Transforming net/minecraft/world/level/levelgen/structure/Structure
[15Aug2026 23:32:55.729] [main/DEBUG] [mixin/]: Mixing structures.StructurePieceAccessor from moogs_structures-common.mixins.json into net.minecraft.world.level.levelgen.structure.StructurePiece
[15Aug2026 23:32:55.753] [main/DEBUG] [net.minecraftforge.coremod.transformer.CoreModBaseTransformer/COREMOD]: Transforming net/minecraft/world/level/levelgen/structure/structures/OceanRuinPieces$OceanRuinPiece
[15Aug2026 23:32:55.762] [main/DEBUG] [net.minecraftforge.coremod.transformer.CoreModBaseTransformer/COREMOD]: Transforming net/minecraft/world/level/levelgen/structure/structures/SwampHutPiece
[15Aug2026 23:32:55.768] [main/DEBUG] [net.minecraftforge.coremod.transformer.CoreModBaseTransformer/COREMOD]: Transforming net/minecraft/world/level/levelgen/structure/structures/OceanMonumentPieces$OceanMonumentPiece
[15Aug2026 23:32:55.779] [main/DEBUG] [net.minecraftforge.coremod.transformer.CoreModBaseTransformer/COREMOD]: Transforming net/minecraft/world/level/levelgen/structure/structures/WoodlandMansionPieces$WoodlandMansionPiece
[15Aug2026 23:32:55.785] [main/DEBUG] [mixin/]: Mixing structures.PoolElementStructurePieceAccessor from moogs_structures-common.mixins.json into net.minecraft.world.level.levelgen.structure.PoolElementStructurePiece
[15Aug2026 23:32:55.790] [main/DEBUG] [mixin/]: Mixing collections.mob_spawning.SpawnSettingsMixin from lithium.mixins.json into net.minecraft.world.level.biome.MobSpawnSettings
[15Aug2026 23:32:55.790] [main/DEBUG] [mixin/]: lithium.mixins.json:collections.mob_spawning.SpawnSettingsMixin: Class version 61 required is higher than the class version supported by the current version of Mixin (JAVA_16 supports class version 60)
[15Aug2026 23:32:55.810] [main/DEBUG] [mixin/]: Mixing StructureTemplatePoolAccessor from waystones.mixins.json into net.minecraft.world.level.levelgen.structure.pools.StructureTemplatePool
[15Aug2026 23:32:55.810] [main/DEBUG] [mixin/]: Mixing structures.StructurePoolAccessor from moogs_structures-common.mixins.json into net.minecraft.world.level.levelgen.structure.pools.StructureTemplatePool
[15Aug2026 23:32:55.811] [main/DEBUG] [mixin/]: Renaming @Accessor method getCODEC_REFERENCE()Lorg/apache/commons/lang3/mutable/MutableObject; to getCODEC_REFERENCE_$md$61d6a6$0 in moogs_structures-common.mixins.json:structures.StructurePoolAccessor
[15Aug2026 23:32:55.872] [main/DEBUG] [net.minecraftforge.coremod.transformer.CoreModBaseTransformer/COREMOD]: Transforming net/minecraft/world/level/biome/Biome
[15Aug2026 23:32:55.873] [main/DEBUG] [mixin/]: Mixing world.chunk_ticking.spread_ice.BiomeMixin from lithium.mixins.json into net.minecraft.world.level.biome.Biome
[15Aug2026 23:32:55.873] [main/DEBUG] [mixin/]: lithium.mixins.json:world.chunk_ticking.spread_ice.BiomeMixin: Class version 61 required is higher than the class version supported by the current version of Mixin (JAVA_16 supports class version 60)
[15Aug2026 23:32:55.874] [main/DEBUG] [mixin/]: Mixing world.temperature_cache.BiomeMixin from lithium.mixins.json into net.minecraft.world.level.biome.Biome
[15Aug2026 23:32:55.874] [main/DEBUG] [mixin/]: lithium.mixins.json:world.temperature_cache.BiomeMixin: Class version 61 required is higher than the class version supported by the current version of Mixin (JAVA_16 supports class version 60)
[15Aug2026 23:32:55.874] [main/DEBUG] [mixin/]: Mixing perf.remove_biome_temperature_cache.BiomeMixin from modernfix-modernfix.mixins.json into net.minecraft.world.level.biome.Biome
[15Aug2026 23:32:55.875] [main/WARN] [mixin/]: Method overwrite conflict for m_47505_ in modernfix-modernfix.mixins.json:perf.remove_biome_temperature_cache.BiomeMixin, previously written by me.jellysquid.mods.lithium.mixin.world.temperature_cache.BiomeMixin. Skipping method.
[15Aug2026 23:32:55.876] [main/DEBUG] [mixin/]: Unexpected: Registered method m_47505_(Lnet/minecraft/core/BlockPos;)F in net.minecraft.world.level.biome.Biome was not merged
[15Aug2026 23:32:55.902] [main/DEBUG] [mixin/]: Mixing accessor.MobSpawnSettingsBuilderForgeAccessor from puzzleslib.forge.mixins.json into net.minecraft.world.level.biome.MobSpawnSettings$Builder
[15Aug2026 23:32:55.924] [main/DEBUG] [mixin/]: Mixing perf.optimize_surface_rules.NoiseBasedChunkGeneratorMixin from modernfix-modernfix.mixins.json into net.minecraft.world.level.levelgen.NoiseBasedChunkGenerator
[15Aug2026 23:32:55.925] [main/DEBUG] [mixin/]: Renaming synthetic method lambda$mfix$accumulate$0(Ljava/util/Set;Lnet/minecraft/core/Holder;)V to md61d6a6$lambda$mfix$accumulate$0$0 in modernfix-modernfix.mixins.json:perf.optimize_surface_rules.NoiseBasedChunkGeneratorMixin
[15Aug2026 23:32:55.935] [main/DEBUG] [mixin/]: Mixing NoiseGeneratorSettingsMixin from citadel.mixins.json into net.minecraft.world.level.levelgen.NoiseGeneratorSettings
[15Aug2026 23:32:55.956] [main/DEBUG] [mixin/]: Mixing perf.forge_registry_alloc.DebugLevelSourceMixin from modernfix-modernfix.mixins.json into net.minecraft.world.level.levelgen.DebugLevelSource
[15Aug2026 23:32:55.962] [main/DEBUG] [mixin/]: Mixing perf.optimize_surface_rules.BiomeConditionSourceMixin from modernfix-modernfix.mixins.json into net.minecraft.world.level.levelgen.SurfaceRules$BiomeConditionSource
[15Aug2026 23:32:55.962] [main/DEBUG] [mixin/]: Renaming synthetic method lambda$mfix$optimizeCondition$1()Z to md61d6a6$lambda$mfix$optimizeCondition$1$0 in modernfix-modernfix.mixins.json:perf.optimize_surface_rules.BiomeConditionSourceMixin
[15Aug2026 23:32:55.962] [main/DEBUG] [mixin/]: Renaming synthetic method lambda$mfix$optimizeCondition$0()Z to md61d6a6$lambda$mfix$optimizeCondition$0$1 in modernfix-modernfix.mixins.json:perf.optimize_surface_rules.BiomeConditionSourceMixin
[15Aug2026 23:32:56.062] [main/DEBUG] [mixin/]: Mixing SinglePoolElementMixin from waystones.mixins.json into net.minecraft.world.level.levelgen.structure.pools.SinglePoolElement
[15Aug2026 23:32:56.064] [main/DEBUG] [mixin/]: Renaming synthetic method lambda$waystones$isWaystone$1(Lnet/minecraft/world/level/levelgen/structure/templatesystem/StructureTemplate;)V to md61d6a6$lambda$waystones$isWaystone$1$0 in waystones.mixins.json:SinglePoolElementMixin
[15Aug2026 23:32:56.064] [main/DEBUG] [mixin/]: Renaming synthetic method lambda$waystones$isWaystone$0(Lnet/minecraft/resources/ResourceLocation;)V to md61d6a6$lambda$waystones$isWaystone$0$1 in waystones.mixins.json:SinglePoolElementMixin
[15Aug2026 23:32:56.066] [main/DEBUG] [mixin/]: Mixing structures.SinglePoolElementAccessor from moogs_structures-common.mixins.json into net.minecraft.world.level.levelgen.structure.pools.SinglePoolElement
[15Aug2026 23:32:56.078] [main/DEBUG] [mixin/]: Mixing structures.ListPoolElementAccessor from moogs_structures-common.mixins.json into net.minecraft.world.level.levelgen.structure.pools.ListPoolElement
[15Aug2026 23:32:56.197] [main/DEBUG] [net.minecraftforge.common.ForgeI18n/CORE]: Loading I18N data entries: 6430
[15Aug2026 23:32:56.213] [main/DEBUG] [net.minecraftforge.fml.ModWorkManager/LOADING]: Using 4 threads for parallel mod-loading
[15Aug2026 23:32:56.217] [main/DEBUG] [net.minecraftforge.fml.javafmlmod.FMLJavaModLanguageProvider/LOADING]: Loading FMLModContainer from classloader cpw.mods.modlauncher.TransformingClassLoader@3f9b7fe1 - got cpw.mods.cl.ModuleClassLoader@20095ab4
[15Aug2026 23:32:56.217] [main/DEBUG] [net.minecraftforge.fml.javafmlmod.FMLModContainer/LOADING]: Creating FMLModContainer instance for me.jellysquid.mods.lithium.common.LithiumMod
[15Aug2026 23:32:56.218] [main/DEBUG] [net.minecraftforge.fml.javafmlmod.FMLJavaModLanguageProvider/LOADING]: Loading FMLModContainer from classloader cpw.mods.modlauncher.TransformingClassLoader@3f9b7fe1 - got cpw.mods.cl.ModuleClassLoader@20095ab4
[15Aug2026 23:32:56.218] [main/DEBUG] [net.minecraftforge.fml.javafmlmod.FMLModContainer/LOADING]: Creating FMLModContainer instance for net.blay09.mods.kuma.forge.ForgeKumaAPI
[15Aug2026 23:32:56.219] [main/DEBUG] [net.minecraftforge.fml.lowcodemod.LowCodeModLanguageProvider.LowCodeModTarget/LOADING]: Loading LowCodeModContainer from classloader cpw.mods.modlauncher.TransformingClassLoader@3f9b7fe1 - got cpw.mods.cl.ModuleClassLoader@20095ab4
[15Aug2026 23:32:56.219] [main/DEBUG] [net.minecraftforge.fml.lowcodemod.LowCodeModContainer/LOADING]: Creating LowCodeModContainer for mr_epic_structuresvillages
[15Aug2026 23:32:56.219] [main/DEBUG] [net.minecraftforge.fml.javafmlmod.FMLJavaModLanguageProvider/LOADING]: Loading FMLModContainer from classloader cpw.mods.modlauncher.TransformingClassLoader@3f9b7fe1 - got cpw.mods.cl.ModuleClassLoader@20095ab4
[15Aug2026 23:32:56.219] [main/DEBUG] [net.minecraftforge.fml.javafmlmod.FMLModContainer/LOADING]: Creating FMLModContainer instance for software.bernie.example.GeckoLibMod
[15Aug2026 23:32:56.220] [main/DEBUG] [net.minecraftforge.fml.javafmlmod.FMLJavaModLanguageProvider/LOADING]: Loading FMLModContainer from classloader cpw.mods.modlauncher.TransformingClassLoader@3f9b7fe1 - got cpw.mods.cl.ModuleClassLoader@20095ab4
[15Aug2026 23:32:56.220] [main/DEBUG] [net.minecraftforge.fml.javafmlmod.FMLModContainer/LOADING]: Creating FMLModContainer instance for dev.kosmx.playerAnim.forge.ForgeModInterface
[15Aug2026 23:32:56.220] [main/DEBUG] [net.minecraftforge.fml.javafmlmod.FMLJavaModLanguageProvider/LOADING]: Loading FMLModContainer from classloader cpw.mods.modlauncher.TransformingClassLoader@3f9b7fe1 - got cpw.mods.cl.ModuleClassLoader@20095ab4
[15Aug2026 23:32:56.220] [main/DEBUG] [net.minecraftforge.fml.javafmlmod.FMLModContainer/LOADING]: Creating FMLModContainer instance for mezz.jei.forge.JustEnoughItems
[15Aug2026 23:32:56.220] [main/DEBUG] [net.minecraftforge.fml.javafmlmod.FMLJavaModLanguageProvider/LOADING]: Loading FMLModContainer from classloader cpw.mods.modlauncher.TransformingClassLoader@3f9b7fe1 - got cpw.mods.cl.ModuleClassLoader@20095ab4
[15Aug2026 23:32:56.220] [main/DEBUG] [net.minecraftforge.fml.javafmlmod.FMLModContainer/LOADING]: Creating FMLModContainer instance for dev.tr7zw.firstperson.FirstPersonBootstrap
[15Aug2026 23:32:56.221] [main/DEBUG] [net.minecraftforge.fml.javafmlmod.FMLJavaModLanguageProvider/LOADING]: Loading FMLModContainer from classloader cpw.mods.modlauncher.TransformingClassLoader@3f9b7fe1 - got cpw.mods.cl.ModuleClassLoader@20095ab4
[15Aug2026 23:32:56.221] [main/DEBUG] [net.minecraftforge.fml.javafmlmod.FMLModContainer/LOADING]: Creating FMLModContainer instance for fuzs.visualworkbench.VisualWorkbenchForge
[15Aug2026 23:32:56.221] [main/DEBUG] [net.minecraftforge.fml.javafmlmod.FMLJavaModLanguageProvider/LOADING]: Loading FMLModContainer from classloader cpw.mods.modlauncher.TransformingClassLoader@3f9b7fe1 - got cpw.mods.cl.ModuleClassLoader@20095ab4
[15Aug2026 23:32:56.221] [main/DEBUG] [net.minecraftforge.fml.javafmlmod.FMLModContainer/LOADING]: Creating FMLModContainer instance for xaero.lib.XaeroLibForge
[15Aug2026 23:32:56.222] [main/DEBUG] [net.minecraftforge.fml.javafmlmod.FMLJavaModLanguageProvider/LOADING]: Loading FMLModContainer from classloader cpw.mods.modlauncher.TransformingClassLoader@3f9b7fe1 - got cpw.mods.cl.ModuleClassLoader@20095ab4
[15Aug2026 23:32:56.222] [main/DEBUG] [net.minecraftforge.fml.javafmlmod.FMLModContainer/LOADING]: Creating FMLModContainer instance for milkucha.trmt.TRMTForge
[15Aug2026 23:32:56.222] [main/DEBUG] [net.minecraftforge.fml.javafmlmod.FMLJavaModLanguageProvider/LOADING]: Loading FMLModContainer from classloader cpw.mods.modlauncher.TransformingClassLoader@3f9b7fe1 - got cpw.mods.cl.ModuleClassLoader@20095ab4
[15Aug2026 23:32:56.222] [main/DEBUG] [net.minecraftforge.fml.javafmlmod.FMLModContainer/LOADING]: Creating FMLModContainer instance for dev.tr7zw.trender.gui.impl.client.LibGuiBootstrap
[15Aug2026 23:32:56.223] [main/DEBUG] [net.minecraftforge.fml.javafmlmod.FMLJavaModLanguageProvider/LOADING]: Loading FMLModContainer from classloader cpw.mods.modlauncher.TransformingClassLoader@3f9b7fe1 - got cpw.mods.cl.ModuleClassLoader@20095ab4
[15Aug2026 23:32:56.223] [main/DEBUG] [net.minecraftforge.fml.javafmlmod.FMLModContainer/LOADING]: Creating FMLModContainer instance for net.blay09.mods.waystones.ForgeWaystones
[15Aug2026 23:32:56.223] [main/DEBUG] [net.minecraftforge.fml.lowcodemod.LowCodeModLanguageProvider.LowCodeModTarget/LOADING]: Loading LowCodeModContainer from classloader cpw.mods.modlauncher.TransformingClassLoader@3f9b7fe1 - got cpw.mods.cl.ModuleClassLoader@20095ab4
[15Aug2026 23:32:56.223] [main/DEBUG] [net.minecraftforge.fml.lowcodemod.LowCodeModContainer/LOADING]: Creating LowCodeModContainer for structory
[15Aug2026 23:32:56.223] [main/DEBUG] [net.minecraftforge.fml.javafmlmod.FMLJavaModLanguageProvider/LOADING]: Loading FMLModContainer from classloader cpw.mods.modlauncher.TransformingClassLoader@3f9b7fe1 - got cpw.mods.cl.ModuleClassLoader@20095ab4
[15Aug2026 23:32:56.223] [main/DEBUG] [net.minecraftforge.fml.javafmlmod.FMLModContainer/LOADING]: Creating FMLModContainer instance for com.blamejared.clumps.Clumps
[15Aug2026 23:32:56.223] [main/DEBUG] [net.minecraftforge.fml.javafmlmod.FMLJavaModLanguageProvider/LOADING]: Loading FMLModContainer from classloader cpw.mods.modlauncher.TransformingClassLoader@3f9b7fe1 - got cpw.mods.cl.ModuleClassLoader@20095ab4
[15Aug2026 23:32:56.223] [main/DEBUG] [net.minecraftforge.fml.javafmlmod.FMLModContainer/LOADING]: Creating FMLModContainer instance for xaero.map.WorldMapForge
[15Aug2026 23:32:56.224] [main/DEBUG] [net.minecraftforge.fml.javafmlmod.FMLJavaModLanguageProvider/LOADING]: Loading FMLModContainer from classloader cpw.mods.modlauncher.TransformingClassLoader@3f9b7fe1 - got cpw.mods.cl.ModuleClassLoader@20095ab4
[15Aug2026 23:32:56.224] [main/DEBUG] [net.minecraftforge.fml.javafmlmod.FMLModContainer/LOADING]: Creating FMLModContainer instance for org.embeddedt.modernfix.forge.init.ModernFixForge
[15Aug2026 23:32:56.225] [main/DEBUG] [net.minecraftforge.fml.javafmlmod.FMLJavaModLanguageProvider/LOADING]: Loading FMLModContainer from classloader cpw.mods.modlauncher.TransformingClassLoader@3f9b7fe1 - got cpw.mods.cl.ModuleClassLoader@20095ab4
[15Aug2026 23:32:56.225] [main/DEBUG] [net.minecraftforge.fml.javafmlmod.FMLModContainer/LOADING]: Creating FMLModContainer instance for com.github.alexthe666.citadel.Citadel
[15Aug2026 23:32:56.226] [main/DEBUG] [net.minecraftforge.fml.javafmlmod.FMLJavaModLanguageProvider/LOADING]: Loading FMLModContainer from classloader cpw.mods.modlauncher.TransformingClassLoader@3f9b7fe1 - got cpw.mods.cl.ModuleClassLoader@20095ab4
[15Aug2026 23:32:56.226] [main/DEBUG] [net.minecraftforge.fml.javafmlmod.FMLModContainer/LOADING]: Creating FMLModContainer instance for com.github.alexthe666.alexsmobs.AlexsMobs
[15Aug2026 23:32:56.227] [main/DEBUG] [net.minecraftforge.fml.javafmlmod.FMLJavaModLanguageProvider/LOADING]: Loading FMLModContainer from classloader cpw.mods.modlauncher.TransformingClassLoader@3f9b7fe1 - got cpw.mods.cl.ModuleClassLoader@20095ab4
[15Aug2026 23:32:56.227] [main/DEBUG] [net.minecraftforge.fml.javafmlmod.FMLModContainer/LOADING]: Creating FMLModContainer instance for com.tiviacz.travelersbackpack.TravelersBackpack
[15Aug2026 23:32:56.228] [main/DEBUG] [net.minecraftforge.fml.lowcodemod.LowCodeModLanguageProvider.LowCodeModTarget/LOADING]: Loading LowCodeModContainer from classloader cpw.mods.modlauncher.TransformingClassLoader@3f9b7fe1 - got cpw.mods.cl.ModuleClassLoader@20095ab4
[15Aug2026 23:32:56.228] [main/DEBUG] [net.minecraftforge.fml.lowcodemod.LowCodeModContainer/LOADING]: Creating LowCodeModContainer for mr_epicterrain
[15Aug2026 23:32:56.228] [main/DEBUG] [net.minecraftforge.fml.javafmlmod.FMLJavaModLanguageProvider/LOADING]: Loading FMLModContainer from classloader cpw.mods.modlauncher.TransformingClassLoader@3f9b7fe1 - got cpw.mods.cl.ModuleClassLoader@20095ab4
[15Aug2026 23:32:56.228] [main/DEBUG] [net.minecraftforge.fml.javafmlmod.FMLModContainer/LOADING]: Creating FMLModContainer instance for it.hurts.sskirillss.relics.Relics
[15Aug2026 23:32:56.229] [main/DEBUG] [net.minecraftforge.fml.javafmlmod.FMLJavaModLanguageProvider/LOADING]: Loading FMLModContainer from classloader cpw.mods.modlauncher.TransformingClassLoader@3f9b7fe1 - got cpw.mods.cl.ModuleClassLoader@20095ab4
[15Aug2026 23:32:56.229] [main/DEBUG] [net.minecraftforge.fml.javafmlmod.FMLModContainer/LOADING]: Creating FMLModContainer instance for com.mcwdoors.kikoz.MacawsDoors
[15Aug2026 23:32:56.229] [main/DEBUG] [net.minecraftforge.fml.javafmlmod.FMLJavaModLanguageProvider/LOADING]: Loading FMLModContainer from classloader cpw.mods.modlauncher.TransformingClassLoader@3f9b7fe1 - got cpw.mods.cl.ModuleClassLoader@20095ab4
[15Aug2026 23:32:56.229] [main/DEBUG] [net.minecraftforge.fml.javafmlmod.FMLModContainer/LOADING]: Creating FMLModContainer instance for com.github.alexthe666.iceandfire.IceAndFire
[15Aug2026 23:32:56.230] [main/DEBUG] [net.minecraftforge.fml.javafmlmod.FMLJavaModLanguageProvider/LOADING]: Loading FMLModContainer from classloader cpw.mods.modlauncher.TransformingClassLoader@3f9b7fe1 - got cpw.mods.cl.ModuleClassLoader@20095ab4
[15Aug2026 23:32:56.230] [main/DEBUG] [net.minecraftforge.fml.javafmlmod.FMLModContainer/LOADING]: Creating FMLModContainer instance for net.blay09.mods.balm.forge.ForgeBalm
[15Aug2026 23:32:56.231] [main/DEBUG] [net.minecraftforge.fml.javafmlmod.FMLJavaModLanguageProvider/LOADING]: Loading FMLModContainer from classloader cpw.mods.modlauncher.TransformingClassLoader@3f9b7fe1 - got cpw.mods.cl.ModuleClassLoader@20095ab4
[15Aug2026 23:32:56.231] [main/DEBUG] [net.minecraftforge.fml.javafmlmod.FMLModContainer/LOADING]: Creating FMLModContainer instance for tschipp.carryon.CarryOnForge
[15Aug2026 23:32:56.231] [main/DEBUG] [net.minecraftforge.fml.javafmlmod.FMLJavaModLanguageProvider/LOADING]: Loading FMLModContainer from classloader cpw.mods.modlauncher.TransformingClassLoader@3f9b7fe1 - got cpw.mods.cl.ModuleClassLoader@20095ab4
[15Aug2026 23:32:56.231] [main/DEBUG] [net.minecraftforge.fml.javafmlmod.FMLModContainer/LOADING]: Creating FMLModContainer instance for org.infernalstudios.shieldexp.ShieldExpansionMod
[15Aug2026 23:32:56.231] [main/DEBUG] [net.minecraftforge.fml.javafmlmod.FMLJavaModLanguageProvider/LOADING]: Loading FMLModContainer from classloader cpw.mods.modlauncher.TransformingClassLoader@3f9b7fe1 - got cpw.mods.cl.ModuleClassLoader@20095ab4
[15Aug2026 23:32:56.231] [main/DEBUG] [net.minecraftforge.fml.javafmlmod.FMLModContainer/LOADING]: Creating FMLModContainer instance for fuzs.puzzlesaccessapi.forge.PuzzlesAccessApiForge
[15Aug2026 23:32:56.232] [main/DEBUG] [net.minecraftforge.fml.javafmlmod.FMLJavaModLanguageProvider/LOADING]: Loading FMLModContainer from classloader cpw.mods.modlauncher.TransformingClassLoader@3f9b7fe1 - got cpw.mods.cl.ModuleClassLoader@20095ab4
[15Aug2026 23:32:56.232] [main/DEBUG] [net.minecraftforge.fml.javafmlmod.FMLModContainer/LOADING]: Creating FMLModContainer instance for me.shedaniel.clothconfig.ClothConfigForge
[15Aug2026 23:32:56.232] [main/DEBUG] [net.minecraftforge.fml.javafmlmod.FMLJavaModLanguageProvider/LOADING]: Loading FMLModContainer from classloader cpw.mods.modlauncher.TransformingClassLoader@3f9b7fe1 - got cpw.mods.cl.ModuleClassLoader@20095ab4
[15Aug2026 23:32:56.232] [main/DEBUG] [net.minecraftforge.fml.javafmlmod.FMLModContainer/LOADING]: Creating FMLModContainer instance for net.minecraftforge.common.ForgeMod
[15Aug2026 23:32:56.234] [main/DEBUG] [net.minecraftforge.fml.javafmlmod.FMLJavaModLanguageProvider/LOADING]: Loading FMLModContainer from classloader cpw.mods.modlauncher.TransformingClassLoader@3f9b7fe1 - got cpw.mods.cl.ModuleClassLoader@20095ab4
[15Aug2026 23:32:56.234] [main/DEBUG] [net.minecraftforge.fml.javafmlmod.FMLModContainer/LOADING]: Creating FMLModContainer instance for com.lupicus.vm.Main
[15Aug2026 23:32:56.234] [main/DEBUG] [net.minecraftforge.fml.javafmlmod.FMLJavaModLanguageProvider/LOADING]: Loading FMLModContainer from classloader cpw.mods.modlauncher.TransformingClassLoader@3f9b7fe1 - got cpw.mods.cl.ModuleClassLoader@20095ab4
[15Aug2026 23:32:56.234] [main/DEBUG] [net.minecraftforge.fml.javafmlmod.FMLModContainer/LOADING]: Creating FMLModContainer instance for org.tlauncher.forge.ForgeMod
[15Aug2026 23:32:56.235] [main/DEBUG] [net.minecraftforge.fml.javafmlmod.FMLJavaModLanguageProvider/LOADING]: Loading FMLModContainer from classloader cpw.mods.modlauncher.TransformingClassLoader@3f9b7fe1 - got cpw.mods.cl.ModuleClassLoader@20095ab4
[15Aug2026 23:32:56.235] [main/DEBUG] [net.minecraftforge.fml.javafmlmod.FMLModContainer/LOADING]: Creating FMLModContainer instance for toni.sodiumdynamiclights.SodiumDynamicLights
[15Aug2026 23:32:56.236] [main/DEBUG] [net.minecraftforge.fml.lowcodemod.LowCodeModLanguageProvider.LowCodeModTarget/LOADING]: Loading LowCodeModContainer from classloader cpw.mods.modlauncher.TransformingClassLoader@3f9b7fe1 - got cpw.mods.cl.ModuleClassLoader@20095ab4
[15Aug2026 23:32:56.236] [main/DEBUG] [net.minecraftforge.fml.lowcodemod.LowCodeModContainer/LOADING]: Creating LowCodeModContainer for geophilic
[15Aug2026 23:32:56.236] [main/DEBUG] [net.minecraftforge.fml.javafmlmod.FMLJavaModLanguageProvider/LOADING]: Loading FMLModContainer from classloader cpw.mods.modlauncher.TransformingClassLoader@3f9b7fe1 - got cpw.mods.cl.ModuleClassLoader@20095ab4
[15Aug2026 23:32:56.236] [main/DEBUG] [net.minecraftforge.fml.javafmlmod.FMLModContainer/LOADING]: Creating FMLModContainer instance for de.maxhenkel.corpse.Main
[15Aug2026 23:32:56.237] [main/DEBUG] [net.minecraftforge.fml.javafmlmod.FMLJavaModLanguageProvider/LOADING]: Loading FMLModContainer from classloader cpw.mods.modlauncher.TransformingClassLoader@3f9b7fe1 - got cpw.mods.cl.ModuleClassLoader@20095ab4
[15Aug2026 23:32:56.237] [main/DEBUG] [net.minecraftforge.fml.javafmlmod.FMLModContainer/LOADING]: Creating FMLModContainer instance for com.nyfaria.nyfsspiders.NyfsSpiders
[15Aug2026 23:32:56.237] [main/DEBUG] [net.minecraftforge.fml.javafmlmod.FMLJavaModLanguageProvider/LOADING]: Loading FMLModContainer from classloader cpw.mods.modlauncher.TransformingClassLoader@3f9b7fe1 - got cpw.mods.cl.ModuleClassLoader@20095ab4
[15Aug2026 23:32:56.237] [main/DEBUG] [net.minecraftforge.fml.javafmlmod.FMLModContainer/LOADING]: Creating FMLModContainer instance for net.aurelj.dungeons_arise.DungeonsAriseMain
[15Aug2026 23:32:56.238] [main/DEBUG] [net.minecraftforge.fml.javafmlmod.FMLJavaModLanguageProvider/LOADING]: Loading FMLModContainer from classloader cpw.mods.modlauncher.TransformingClassLoader@3f9b7fe1 - got cpw.mods.cl.ModuleClassLoader@20095ab4
[15Aug2026 23:32:56.238] [main/DEBUG] [net.minecraftforge.fml.javafmlmod.FMLModContainer/LOADING]: Creating FMLModContainer instance for net.mcreator.grueremake.GrueRemakeMod
[15Aug2026 23:32:56.239] [main/DEBUG] [net.minecraftforge.fml.javafmlmod.FMLJavaModLanguageProvider/LOADING]: Loading FMLModContainer from classloader cpw.mods.modlauncher.TransformingClassLoader@3f9b7fe1 - got cpw.mods.cl.ModuleClassLoader@20095ab4
[15Aug2026 23:32:56.239] [main/DEBUG] [net.minecraftforge.fml.javafmlmod.FMLModContainer/LOADING]: Creating FMLModContainer instance for de.maxhenkel.voicechat.ForgeVoiceChatAPIDummyMod
[15Aug2026 23:32:56.239] [main/DEBUG] [net.minecraftforge.fml.javafmlmod.FMLJavaModLanguageProvider/LOADING]: Loading FMLModContainer from classloader cpw.mods.modlauncher.TransformingClassLoader@3f9b7fe1 - got cpw.mods.cl.ModuleClassLoader@20095ab4
[15Aug2026 23:32:56.239] [main/DEBUG] [net.minecraftforge.fml.javafmlmod.FMLModContainer/LOADING]: Creating FMLModContainer instance for de.maxhenkel.voicechat.ForgeVoicechatMod
[15Aug2026 23:32:56.240] [main/DEBUG] [net.minecraftforge.fml.javafmlmod.FMLJavaModLanguageProvider/LOADING]: Loading FMLModContainer from classloader cpw.mods.modlauncher.TransformingClassLoader@3f9b7fe1 - got cpw.mods.cl.ModuleClassLoader@20095ab4
[15Aug2026 23:32:56.240] [main/DEBUG] [net.minecraftforge.fml.javafmlmod.FMLModContainer/LOADING]: Creating FMLModContainer instance for com.sonicether.soundphysics.ForgeSoundPhysicsMod
[15Aug2026 23:32:56.241] [main/DEBUG] [net.minecraftforge.fml.javafmlmod.FMLJavaModLanguageProvider/LOADING]: Loading FMLModContainer from classloader cpw.mods.modlauncher.TransformingClassLoader@3f9b7fe1 - got cpw.mods.cl.ModuleClassLoader@20095ab4
[15Aug2026 23:32:56.241] [main/DEBUG] [net.minecraftforge.fml.javafmlmod.FMLModContainer/LOADING]: Creating FMLModContainer instance for team.creative.ambientsounds.AmbientSounds
[15Aug2026 23:32:56.242] [main/DEBUG] [net.minecraftforge.fml.javafmlmod.FMLJavaModLanguageProvider/LOADING]: Loading FMLModContainer from classloader cpw.mods.modlauncher.TransformingClassLoader@3f9b7fe1 - got cpw.mods.cl.ModuleClassLoader@20095ab4
[15Aug2026 23:32:56.242] [main/DEBUG] [net.minecraftforge.fml.javafmlmod.FMLModContainer/LOADING]: Creating FMLModContainer instance for net.fabricmc.fabric.impl.base.event.FabricApiBaseMod
[15Aug2026 23:32:56.242] [main/DEBUG] [net.minecraftforge.fml.javafmlmod.FMLJavaModLanguageProvider/LOADING]: Loading FMLModContainer from classloader cpw.mods.modlauncher.TransformingClassLoader@3f9b7fe1 - got cpw.mods.cl.ModuleClassLoader@20095ab4
[15Aug2026 23:32:56.242] [main/DEBUG] [net.minecraftforge.fml.javafmlmod.FMLModContainer/LOADING]: Creating FMLModContainer instance for net.bettercombat.forge.BetterCombatForge
[15Aug2026 23:32:56.243] [main/DEBUG] [net.minecraftforge.fml.javafmlmod.FMLJavaModLanguageProvider/LOADING]: Loading FMLModContainer from classloader cpw.mods.modlauncher.TransformingClassLoader@3f9b7fe1 - got cpw.mods.cl.ModuleClassLoader@20095ab4
[15Aug2026 23:32:56.243] [main/DEBUG] [net.minecraftforge.fml.javafmlmod.FMLModContainer/LOADING]: Creating FMLModContainer instance for wolforce.simpleshops.SimpleShops
[15Aug2026 23:32:56.243] [main/DEBUG] [net.minecraftforge.fml.javafmlmod.FMLJavaModLanguageProvider/LOADING]: Loading FMLModContainer from classloader cpw.mods.modlauncher.TransformingClassLoader@3f9b7fe1 - got cpw.mods.cl.ModuleClassLoader@20095ab4
[15Aug2026 23:32:56.243] [main/DEBUG] [net.minecraftforge.fml.javafmlmod.FMLModContainer/LOADING]: Creating FMLModContainer instance for com.modrinth.Cw8IlnGM.ModrinthWrapper
[15Aug2026 23:32:56.243] [main/DEBUG] [net.minecraftforge.fml.javafmlmod.FMLJavaModLanguageProvider/LOADING]: Loading FMLModContainer from classloader cpw.mods.modlauncher.TransformingClassLoader@3f9b7fe1 - got cpw.mods.cl.ModuleClassLoader@20095ab4
[15Aug2026 23:32:56.244] [main/DEBUG] [net.minecraftforge.fml.javafmlmod.FMLModContainer/LOADING]: Creating FMLModContainer instance for team.creative.creativecore.CreativeCore
[15Aug2026 23:32:56.244] [main/DEBUG] [net.minecraftforge.fml.javafmlmod.FMLJavaModLanguageProvider/LOADING]: Loading FMLModContainer from classloader cpw.mods.modlauncher.TransformingClassLoader@3f9b7fe1 - got cpw.mods.cl.ModuleClassLoader@20095ab4
[15Aug2026 23:32:56.244] [main/DEBUG] [net.minecraftforge.fml.javafmlmod.FMLModContainer/LOADING]: Creating FMLModContainer instance for com.nyfaria.awcapi.AdvancedWallClimberAPI
[15Aug2026 23:32:56.245] [main/DEBUG] [net.minecraftforge.fml.javafmlmod.FMLJavaModLanguageProvider/LOADING]: Loading FMLModContainer from classloader cpw.mods.modlauncher.TransformingClassLoader@3f9b7fe1 - got cpw.mods.cl.ModuleClassLoader@20095ab4
[15Aug2026 23:32:56.245] [main/DEBUG] [net.minecraftforge.fml.javafmlmod.FMLModContainer/LOADING]: Creating FMLModContainer instance for com.mcwtrpdoors.kikoz.MacawsTrapdoors
[15Aug2026 23:32:56.245] [main/DEBUG] [net.minecraftforge.fml.lowcodemod.LowCodeModLanguageProvider.LowCodeModTarget/LOADING]: Loading LowCodeModContainer from classloader cpw.mods.modlauncher.TransformingClassLoader@3f9b7fe1 - got cpw.mods.cl.ModuleClassLoader@20095ab4
[15Aug2026 23:32:56.245] [main/DEBUG] [net.minecraftforge.fml.lowcodemod.LowCodeModContainer/LOADING]: Creating LowCodeModContainer for epic_knights_x_better_combat
[15Aug2026 23:32:56.245] [main/DEBUG] [net.minecraftforge.fml.javafmlmod.FMLJavaModLanguageProvider/LOADING]: Loading FMLModContainer from classloader cpw.mods.modlauncher.TransformingClassLoader@3f9b7fe1 - got cpw.mods.cl.ModuleClassLoader@20095ab4
[15Aug2026 23:32:56.245] [main/DEBUG] [net.minecraftforge.fml.javafmlmod.FMLModContainer/LOADING]: Creating FMLModContainer instance for dev.tr7zw.notenoughanimations.NEABootstrap
[15Aug2026 23:32:56.246] [main/DEBUG] [net.minecraftforge.fml.javafmlmod.FMLJavaModLanguageProvider/LOADING]: Loading FMLModContainer from classloader cpw.mods.modlauncher.TransformingClassLoader@3f9b7fe1 - got cpw.mods.cl.ModuleClassLoader@20095ab4
[15Aug2026 23:32:56.246] [main/DEBUG] [net.minecraftforge.fml.javafmlmod.FMLModContainer/LOADING]: Creating FMLModContainer instance for top.theillusivec4.curios.Curios
[15Aug2026 23:32:56.246] [main/DEBUG] [net.minecraftforge.fml.javafmlmod.FMLJavaModLanguageProvider/LOADING]: Loading FMLModContainer from classloader cpw.mods.modlauncher.TransformingClassLoader@3f9b7fe1 - got cpw.mods.cl.ModuleClassLoader@20095ab4
[15Aug2026 23:32:56.246] [main/DEBUG] [net.minecraftforge.fml.javafmlmod.FMLModContainer/LOADING]: Creating FMLModContainer instance for com.natamus.collective.CollectiveForge
[15Aug2026 23:32:56.247] [main/DEBUG] [net.minecraftforge.fml.javafmlmod.FMLJavaModLanguageProvider/LOADING]: Loading FMLModContainer from classloader cpw.mods.modlauncher.TransformingClassLoader@3f9b7fe1 - got cpw.mods.cl.ModuleClassLoader@20095ab4
[15Aug2026 23:32:56.247] [main/DEBUG] [net.minecraftforge.fml.javafmlmod.FMLModContainer/LOADING]: Creating FMLModContainer instance for com.jaquadro.minecraft.storagedrawers.StorageDrawers
[15Aug2026 23:32:56.247] [main/DEBUG] [net.minecraftforge.fml.javafmlmod.FMLJavaModLanguageProvider/LOADING]: Loading FMLModContainer from classloader cpw.mods.modlauncher.TransformingClassLoader@3f9b7fe1 - got cpw.mods.cl.ModuleClassLoader@20095ab4
[15Aug2026 23:32:56.248] [main/DEBUG] [net.minecraftforge.fml.javafmlmod.FMLModContainer/LOADING]: Creating FMLModContainer instance for com.alrex.parcool.ParCool
[15Aug2026 23:32:56.248] [main/DEBUG] [net.minecraftforge.fml.javafmlmod.FMLJavaModLanguageProvider/LOADING]: Loading FMLModContainer from classloader cpw.mods.modlauncher.TransformingClassLoader@3f9b7fe1 - got cpw.mods.cl.ModuleClassLoader@20095ab4
[15Aug2026 23:32:56.248] [main/DEBUG] [net.minecraftforge.fml.javafmlmod.FMLModContainer/LOADING]: Creating FMLModContainer instance for tictim.paraglider.forge.ForgeParagliderMod
[15Aug2026 23:32:56.249] [main/DEBUG] [net.minecraftforge.fml.javafmlmod.FMLJavaModLanguageProvider/LOADING]: Loading FMLModContainer from classloader cpw.mods.modlauncher.TransformingClassLoader@3f9b7fe1 - got cpw.mods.cl.ModuleClassLoader@20095ab4
[15Aug2026 23:32:56.249] [main/DEBUG] [net.minecraftforge.fml.javafmlmod.FMLModContainer/LOADING]: Creating FMLModContainer instance for net.raphimc.immediatelyfast.forge.ImmediatelyFastForge
[15Aug2026 23:32:56.250] [main/DEBUG] [net.minecraftforge.fml.lowcodemod.LowCodeModLanguageProvider.LowCodeModTarget/LOADING]: Loading LowCodeModContainer from classloader cpw.mods.modlauncher.TransformingClassLoader@3f9b7fe1 - got cpw.mods.cl.ModuleClassLoader@20095ab4
[15Aug2026 23:32:56.250] [main/DEBUG] [net.minecraftforge.fml.lowcodemod.LowCodeModContainer/LOADING]: Creating LowCodeModContainer for mvs
[15Aug2026 23:32:56.250] [main/DEBUG] [net.minecraftforge.fml.javafmlmod.FMLJavaModLanguageProvider/LOADING]: Loading FMLModContainer from classloader cpw.mods.modlauncher.TransformingClassLoader@3f9b7fe1 - got cpw.mods.cl.ModuleClassLoader@20095ab4
[15Aug2026 23:32:56.250] [main/DEBUG] [net.minecraftforge.fml.javafmlmod.FMLModContainer/LOADING]: Creating FMLModContainer instance for dev.architectury.forge.ArchitecturyForge
[15Aug2026 23:32:56.250] [main/DEBUG] [net.minecraftforge.fml.javafmlmod.FMLJavaModLanguageProvider/LOADING]: Loading FMLModContainer from classloader cpw.mods.modlauncher.TransformingClassLoader@3f9b7fe1 - got cpw.mods.cl.ModuleClassLoader@20095ab4
[15Aug2026 23:32:56.250] [main/DEBUG] [net.minecraftforge.fml.javafmlmod.FMLModContainer/LOADING]: Creating FMLModContainer instance for it.hurts.octostudios.octolib.forge.OctoLibForge
[15Aug2026 23:32:56.250] [main/DEBUG] [net.minecraftforge.fml.javafmlmod.FMLJavaModLanguageProvider/LOADING]: Loading FMLModContainer from classloader cpw.mods.modlauncher.TransformingClassLoader@3f9b7fe1 - got cpw.mods.cl.ModuleClassLoader@20095ab4
[15Aug2026 23:32:56.251] [main/DEBUG] [net.minecraftforge.fml.javafmlmod.FMLModContainer/LOADING]: Creating FMLModContainer instance for com.magistuarmory.forge.EpicKnightsForge
[15Aug2026 23:32:56.251] [main/DEBUG] [net.minecraftforge.fml.javafmlmod.FMLJavaModLanguageProvider/LOADING]: Loading FMLModContainer from classloader cpw.mods.modlauncher.TransformingClassLoader@3f9b7fe1 - got cpw.mods.cl.ModuleClassLoader@20095ab4
[15Aug2026 23:32:56.251] [main/DEBUG] [net.minecraftforge.fml.javafmlmod.FMLModContainer/LOADING]: Creating FMLModContainer instance for com.magistuarmory.iceandfire.EpicKnightsIceAndFireForge
[15Aug2026 23:32:56.251] [main/DEBUG] [net.minecraftforge.fml.javafmlmod.FMLJavaModLanguageProvider/LOADING]: Loading FMLModContainer from classloader cpw.mods.modlauncher.TransformingClassLoader@3f9b7fe1 - got cpw.mods.cl.ModuleClassLoader@20095ab4
[15Aug2026 23:32:56.252] [main/DEBUG] [net.minecraftforge.fml.javafmlmod.FMLModContainer/LOADING]: Creating FMLModContainer instance for squeek.appleskin.AppleSkin
[15Aug2026 23:32:56.252] [main/DEBUG] [net.minecraftforge.fml.javafmlmod.FMLJavaModLanguageProvider/LOADING]: Loading FMLModContainer from classloader cpw.mods.modlauncher.TransformingClassLoader@3f9b7fe1 - got cpw.mods.cl.ModuleClassLoader@20095ab4
[15Aug2026 23:32:56.252] [main/DEBUG] [net.minecraftforge.fml.javafmlmod.FMLModContainer/LOADING]: Creating FMLModContainer instance for malte0811.ferritecore.ModMainForge
[15Aug2026 23:32:56.252] [main/DEBUG] [net.minecraftforge.fml.javafmlmod.FMLJavaModLanguageProvider/LOADING]: Loading FMLModContainer from classloader cpw.mods.modlauncher.TransformingClassLoader@3f9b7fe1 - got cpw.mods.cl.ModuleClassLoader@20095ab4
[15Aug2026 23:32:56.252] [main/DEBUG] [net.minecraftforge.fml.javafmlmod.FMLModContainer/LOADING]: Creating FMLModContainer instance for bl4ckscor3.mod.globalxp.GlobalXP
[15Aug2026 23:32:56.253] [main/DEBUG] [net.minecraftforge.fml.javafmlmod.FMLJavaModLanguageProvider/LOADING]: Loading FMLModContainer from classloader cpw.mods.modlauncher.TransformingClassLoader@3f9b7fe1 - got cpw.mods.cl.ModuleClassLoader@20095ab4
[15Aug2026 23:32:56.253] [main/DEBUG] [net.minecraftforge.fml.javafmlmod.FMLModContainer/LOADING]: Creating FMLModContainer instance for dev.tr7zw.transition.TRansitionBootstrap
[15Aug2026 23:32:56.253] [main/DEBUG] [net.minecraftforge.fml.javafmlmod.FMLJavaModLanguageProvider/LOADING]: Loading FMLModContainer from classloader cpw.mods.modlauncher.TransformingClassLoader@3f9b7fe1 - got cpw.mods.cl.ModuleClassLoader@20095ab4
[15Aug2026 23:32:56.253] [main/DEBUG] [net.minecraftforge.fml.javafmlmod.FMLModContainer/LOADING]: Creating FMLModContainer instance for team.creative.itemphysic.ItemPhysic
[15Aug2026 23:32:56.254] [main/DEBUG] [net.minecraftforge.fml.javafmlmod.FMLJavaModLanguageProvider/LOADING]: Loading FMLModContainer from classloader cpw.mods.modlauncher.TransformingClassLoader@3f9b7fe1 - got cpw.mods.cl.ModuleClassLoader@20095ab4
[15Aug2026 23:32:56.254] [main/DEBUG] [net.minecraftforge.fml.javafmlmod.FMLModContainer/LOADING]: Creating FMLModContainer instance for fuzs.puzzleslib.impl.PuzzlesLibForge
[15Aug2026 23:32:56.254] [main/DEBUG] [net.minecraftforge.fml.javafmlmod.FMLJavaModLanguageProvider/LOADING]: Loading FMLModContainer from classloader cpw.mods.modlauncher.TransformingClassLoader@3f9b7fe1 - got cpw.mods.cl.ModuleClassLoader@20095ab4
[15Aug2026 23:32:56.254] [main/DEBUG] [net.minecraftforge.fml.javafmlmod.FMLModContainer/LOADING]: Creating FMLModContainer instance for com.finndog.moogs_structures.forge.MoogsStructuresForge
[15Aug2026 23:32:56.255] [main/DEBUG] [net.minecraftforge.fml.javafmlmod.FMLJavaModLanguageProvider/LOADING]: Loading FMLModContainer from classloader cpw.mods.modlauncher.TransformingClassLoader@3f9b7fe1 - got cpw.mods.cl.ModuleClassLoader@20095ab4
[15Aug2026 23:32:56.255] [main/DEBUG] [net.minecraftforge.fml.javafmlmod.FMLModContainer/LOADING]: Creating FMLModContainer instance for healingbed.HealingbedMod
[15Aug2026 23:32:56.255] [main/DEBUG] [net.minecraftforge.fml.javafmlmod.FMLJavaModLanguageProvider/LOADING]: Loading FMLModContainer from classloader cpw.mods.modlauncher.TransformingClassLoader@3f9b7fe1 - got cpw.mods.cl.ModuleClassLoader@20095ab4
[15Aug2026 23:32:56.255] [main/DEBUG] [net.minecraftforge.fml.javafmlmod.FMLModContainer/LOADING]: Creating FMLModContainer instance for team.creative.playerrevive.PlayerRevive
[15Aug2026 23:32:56.256] [main/DEBUG] [net.minecraftforge.fml.javafmlmod.FMLJavaModLanguageProvider/LOADING]: Loading FMLModContainer from classloader cpw.mods.modlauncher.TransformingClassLoader@3f9b7fe1 - got cpw.mods.cl.ModuleClassLoader@20095ab4
[15Aug2026 23:32:56.256] [main/DEBUG] [net.minecraftforge.fml.javafmlmod.FMLModContainer/LOADING]: Creating FMLModContainer instance for com.natamus.healingcampfire.ModForge
[15Aug2026 23:32:56.257] [main/DEBUG] [net.minecraftforge.fml.javafmlmod.FMLJavaModLanguageProvider/LOADING]: Loading FMLModContainer from classloader cpw.mods.modlauncher.TransformingClassLoader@3f9b7fe1 - got cpw.mods.cl.ModuleClassLoader@20095ab4
[15Aug2026 23:32:56.257] [main/DEBUG] [net.minecraftforge.fml.javafmlmod.FMLModContainer/LOADING]: Creating FMLModContainer instance for net.mcreator.iheardittooremastered.IHeardItTooRemasteredMod
[15Aug2026 23:32:56.347] [modloading-worker-0/DEBUG] [net.minecraftforge.fml.javafmlmod.AutomaticEventSubscriber/LOADING]: Attempting to inject @EventBusSubscriber classes into the eventbus for radium
[15Aug2026 23:32:56.352] [modloading-worker-0/DEBUG] [net.minecraftforge.fml.javafmlmod.AutomaticEventSubscriber/LOADING]: Attempting to inject @EventBusSubscriber classes into the eventbus for kuma_api
[15Aug2026 23:32:56.355] [modloading-worker-0/DEBUG] [net.minecraftforge.fml.javafmlmod.AutomaticEventSubscriber/LOADING]: Attempting to inject @EventBusSubscriber classes into the eventbus for playeranimator
[15Aug2026 23:32:56.357] [modloading-worker-0/DEBUG] [net.minecraftforge.fml.javafmlmod.AutomaticEventSubscriber/LOADING]: Attempting to inject @EventBusSubscriber classes into the eventbus for firstperson
[15Aug2026 23:32:56.357] [modloading-worker-0/DEBUG] [net.minecraftforge.fml.javafmlmod.AutomaticEventSubscriber/LOADING]: Attempting to inject @EventBusSubscriber classes into the eventbus for visualworkbench
[15Aug2026 23:32:56.366] [modloading-worker-0/DEBUG] [net.minecraftforge.fml.javafmlmod.AutomaticEventSubscriber/LOADING]: Auto-subscribing fuzs.visualworkbench.VisualWorkbenchForge to MOD
[15Aug2026 23:32:56.370] [modloading-worker-0/DEBUG] [xaero.lib.XaeroLib/]: Loaded xaero.lib.platform.services.PlatformHelperForge@6f56a3aa for service interface xaero.lib.platform.services.IPlatformHelper
[15Aug2026 23:32:56.380] [modloading-worker-0/DEBUG] [net.minecraftforge.fml.config.ConfigTracker/CONFIG]: Config file jei-server.toml for jei tracking
[15Aug2026 23:32:56.383] [modloading-worker-0/DEBUG] [net.minecraftforge.fml.javafmlmod.AutomaticEventSubscriber/LOADING]: Attempting to inject @EventBusSubscriber classes into the eventbus for geckolib
[15Aug2026 23:32:56.384] [modloading-worker-0/DEBUG] [net.minecraftforge.fml.javafmlmod.AutomaticEventSubscriber/LOADING]: Auto-subscribing software.bernie.example.GeckoLibMod to FORGE
[15Aug2026 23:32:56.384] [modloading-worker-0/DEBUG] [net.minecraftforge.fml.javafmlmod.AutomaticEventSubscriber/LOADING]: Auto-subscribing software.bernie.example.CommonListener to MOD
[15Aug2026 23:32:56.384] [modloading-worker-0/DEBUG] [net.minecraftforge.fml.javafmlmod.AutomaticEventSubscriber/LOADING]: Attempting to inject @EventBusSubscriber classes into the eventbus for jei
[15Aug2026 23:32:56.391] [modloading-worker-0/DEBUG] [net.minecraftforge.fml.javafmlmod.AutomaticEventSubscriber/LOADING]: Attempting to inject @EventBusSubscriber classes into the eventbus for trender
[15Aug2026 23:32:56.396] [modloading-worker-0/INFO] [Puzzles Lib/]: Constructing common components for visualworkbench:main
[15Aug2026 23:32:56.401] [modloading-worker-0/INFO] [milkucha.trmt.TRMTConfig/]: [TRMT] Config loaded from /workspaces/server/servidor_minecraft/config/trmt.json
[15Aug2026 23:32:56.402] [modloading-worker-0/DEBUG] [mixin/]: Mixing perf.forge_registry_lambda.RegistryObjectMixin from modernfix-modernfix.mixins.json into net.minecraftforge.registries.RegistryObject
[15Aug2026 23:32:56.418] [modloading-worker-0/DEBUG] [net.minecraftforge.fml.javafmlmod.AutomaticEventSubscriber/LOADING]: Attempting to inject @EventBusSubscriber classes into the eventbus for trmt
[15Aug2026 23:32:56.419] [modloading-worker-0/DEBUG] [net.minecraftforge.fml.javafmlmod.AutomaticEventSubscriber/LOADING]: Auto-subscribing milkucha.trmt.TRMTForgeEvents to FORGE
[15Aug2026 23:32:56.422] [modloading-worker-0/DEBUG] [mixin/]: Mixing ReloadableServerResourcesMixin from balm.mixins.json into net.minecraft.server.ReloadableServerResources
[15Aug2026 23:32:56.423] [modloading-worker-0/DEBUG] [mixin/]: Renaming synthetic method lambda$loadResources$0(Lnet/minecraft/server/ReloadableServerResources;)V to md61d6a6$lambda$loadResources$0$0 in balm.mixins.json:ReloadableServerResourcesMixin
[15Aug2026 23:32:56.433] [modloading-worker-0/INFO] [xaero.lib.XaeroLib/]: Registering common data for channel xaerolib:main!
[15Aug2026 23:32:56.437] [modloading-worker-0/DEBUG] [net.minecraftforge.fml.javafmlmod.AutomaticEventSubscriber/LOADING]: Attempting to inject @EventBusSubscriber classes into the eventbus for clumps
[15Aug2026 23:32:56.442] [modloading-worker-0/INFO] [xaero.lib.XaeroLib/]: Loading primary common config for channel xaerolib:main!
[15Aug2026 23:32:56.448] [modloading-worker-0/INFO] [xaero.lib.XaeroLib/]: Loading server config profiles for channel xaerolib:main!
[15Aug2026 23:32:56.450] [modloading-worker-0/DEBUG] [xaero.map.WorldMap/]: Loaded xaero.map.platform.services.ForgePlatformHelper@5eb1ba4c for service interface xaero.map.platform.services.IPlatformHelper
[15Aug2026 23:32:56.453] [modloading-worker-0/INFO] [xaero.map.WorldMap/]: Registering common data for channel xaeroworldmap:main!
[15Aug2026 23:32:56.477] [modloading-worker-0/DEBUG] [net.minecraftforge.fml.javafmlmod.AutomaticEventSubscriber/LOADING]: Attempting to inject @EventBusSubscriber classes into the eventbus for xaerolib
[15Aug2026 23:32:56.482] [modloading-worker-0/INFO] [xaero.map.WorldMap/]: Loading primary common config for channel xaeroworldmap:main!
[15Aug2026 23:32:56.486] [modloading-worker-0/DEBUG] [net.minecraftforge.fml.config.ConfigTracker/CONFIG]: Config file modernfix-common.toml for modernfix tracking
[15Aug2026 23:32:56.483] [modloading-worker-0/INFO] [xaero.map.WorldMap/]: Loading server config profiles for channel xaeroworldmap:main!
[15Aug2026 23:32:56.502] [modloading-worker-0/DEBUG] [ModernFix/]: Removed 1298 unneeded annotations from file radium-mc1.20.1-0.12.4+git.26c9d8e.jar
[15Aug2026 23:32:56.505] [modloading-worker-0/DEBUG] [net.minecraftforge.fml.javafmlmod.AutomaticEventSubscriber/LOADING]: Attempting to inject @EventBusSubscriber classes into the eventbus for xaeroworldmap
[15Aug2026 23:32:56.506] [modloading-worker-0/DEBUG] [net.minecraftforge.fml.config.ConfigTracker/CONFIG]: Config file citadel-common.toml for citadel tracking
[15Aug2026 23:32:56.510] [modloading-worker-0/DEBUG] [net.minecraftforge.fml.javafmlmod.AutomaticEventSubscriber/LOADING]: Attempting to inject @EventBusSubscriber classes into the eventbus for citadel
[15Aug2026 23:32:56.510] [modloading-worker-0/DEBUG] [net.minecraftforge.fml.javafmlmod.AutomaticEventSubscriber/LOADING]: Auto-subscribing com.github.alexthe666.citadel.ServerProxy to MOD
[15Aug2026 23:32:56.517] [modloading-worker-0/DEBUG] [ModernFix/]: Removed 2 unneeded annotations from file kuma-api-forge-20.1.12+1.20.1.jar
[15Aug2026 23:32:56.518] [modloading-worker-0/DEBUG] [ModernFix/]: Removed 194 unneeded annotations from file geckolib-forge-1.20.1-4.8.4.jar
[15Aug2026 23:32:56.521] [modloading-worker-0/DEBUG] [ModernFix/]: Removed 178 unneeded annotations from file player-animation-lib-forge-1.0.2-rc1+1.20.jar
[15Aug2026 23:32:56.537] [modloading-worker-0/DEBUG] [ModernFix/]: Removed 331 unneeded annotations from file jei-1.20.1-forge-15.21.0.148.jar
[15Aug2026 23:32:56.551] [modloading-worker-0/DEBUG] [ModernFix/]: Removed 78 unneeded annotations from file firstperson-forge-2.7.2-mc1.20.1.jar
[15Aug2026 23:32:56.552] [modloading-worker-0/DEBUG] [ModernFix/]: Removed 12 unneeded annotations from file VisualWorkbench-v8.0.1-1.20.1-Forge.jar
[15Aug2026 23:32:56.552] [modloading-worker-0/DEBUG] [ModernFix/]: Removed 15 unneeded annotations from file xaerolib-forge-1.20.1-1.0.45.jar
[15Aug2026 23:32:56.554] [modloading-worker-0/DEBUG] [ModernFix/]: Removed 50 unneeded annotations from file trmt-0.5.1b-1.20.1-forge.jar
[15Aug2026 23:32:56.555] [modloading-worker-0/DEBUG] [ModernFix/]: Removed 92 unneeded annotations from file TRender-1.0.15-1.20.1-forge-SNAPSHOT.jar
[15Aug2026 23:32:56.556] [modloading-worker-0/DEBUG] [ModernFix/]: Removed 54 unneeded annotations from file waystones-forge-1.20.1-14.1.20.jar
[15Aug2026 23:32:56.557] [modloading-worker-0/DEBUG] [ModernFix/]: Removed 32 unneeded annotations from file Clumps-forge-1.20.1-12.0.0.4.jar
[15Aug2026 23:32:56.558] [modloading-worker-0/DEBUG] [ModernFix/]: Removed 49 unneeded annotations from file xaeroworldmap-forge-1.20.1-1.40.4.jar
[15Aug2026 23:32:56.563] [modloading-worker-0/DEBUG] [ModernFix/]: Removed 1139 unneeded annotations from file modernfix-forge-5.27.66+mc1.20.1.jar
[15Aug2026 23:32:56.566] [modloading-worker-0/DEBUG] [ModernFix/]: Removed 188 unneeded annotations from file citadel-2.6.3-1.20.1.jar
[15Aug2026 23:32:56.573] [modloading-worker-0/DEBUG] [ModernFix/]: Removed 448 unneeded annotations from file alexsmobs-1.22.9.jar
[15Aug2026 23:32:56.573] [modloading-worker-0/DEBUG] [net.minecraftforge.fml.config.ConfigTracker/CONFIG]: Config file travelersbackpack-server.toml for travelersbackpack tracking
[15Aug2026 23:32:56.574] [modloading-worker-0/INFO] [STDOUT/]: [com.tiviacz.travelersbackpack.TravelersBackpack:readOldCommonConfig:180]: curiosIntegration not found in the [common.backpackSettings] section.
[15Aug2026 23:32:56.575] [modloading-worker-0/DEBUG] [net.minecraftforge.fml.config.ConfigTracker/CONFIG]: Config file travelersbackpack-common.toml for travelersbackpack tracking
[15Aug2026 23:32:56.576] [modloading-worker-0/DEBUG] [net.minecraftforge.fml.config.ConfigTracker/CONFIG]: Config file travelersbackpack-client.toml for travelersbackpack tracking
[15Aug2026 23:32:56.582] [modloading-worker-0/DEBUG] [ModernFix/]: Removed 89 unneeded annotations from file travelersbackpack-forge-1.20.1-9.1.56.jar
[15Aug2026 23:32:56.584] [modloading-worker-0/DEBUG] [ModernFix/]: Removed 161 unneeded annotations from file relics-1.20.1-0.8.0.7.jar
[15Aug2026 23:32:56.588] [modloading-worker-0/DEBUG] [ModernFix/]: Removed 6 unneeded annotations from file mcw-doors-1.1.2-mc1.20.1forge.jar
[15Aug2026 23:32:56.589] [modloading-worker-0/DEBUG] [ModernFix/]: Removed 632 unneeded annotations from file iceandfire-2.1.13-1.20.1-beta-5.jar
[15Aug2026 23:32:56.597] [modloading-worker-0/DEBUG] [ModernFix/]: Removed 81 unneeded annotations from file balm-forge-1.20.1-7.3.41-all.jar
[15Aug2026 23:32:56.596] [modloading-worker-0/INFO] [net.blay09.mods.balm.forge.config.ForgeBalmConfig/]: Registering config for waystones:common (COMMON) with 46 properties.
[15Aug2026 23:32:56.599] [modloading-worker-0/DEBUG] [net.minecraftforge.fml.config.ConfigTracker/CONFIG]: Config file waystones-common.toml for waystones tracking
[15Aug2026 23:32:56.600] [modloading-worker-0/DEBUG] [ModernFix/]: Removed 44 unneeded annotations from file carryon-forge-1.20.1-2.1.2.7.jar
[15Aug2026 23:32:56.601] [modloading-worker-0/DEBUG] [ModernFix/]: Removed 18 unneeded annotations from file shieldexp-forge-1.20.1-1.3.7.jar
[15Aug2026 23:32:56.601] [modloading-worker-0/DEBUG] [ModernFix/]: Removed 5 unneeded annotations from file puzzlesaccessapi-forge-20.1.1.jar
[15Aug2026 23:32:56.606] [modloading-worker-0/DEBUG] [ModernFix/]: Removed 388 unneeded annotations from file cloth-config-11.1.136-forge.jar
[15Aug2026 23:32:56.613] [modloading-worker-0/DEBUG] [ModernFix/]: Removed 820 unneeded annotations from file forge-1.20.1-47.3.7-universal.jar
[15Aug2026 23:32:56.626] [modloading-worker-0/DEBUG] [ModernFix/]: Removed 3 unneeded annotations from file VendingMachine-1.20-1.0.10.jar
[15Aug2026 23:32:56.626] [modloading-worker-0/DEBUG] [ModernFix/]: Removed 25 unneeded annotations from file tl_skin_cape_forge_1.20_1.20.1-1.32.jar
[15Aug2026 23:32:56.627] [modloading-worker-0/DEBUG] [ModernFix/]: Removed 130 unneeded annotations from file sodiumdynamiclights-forge-1.0.10-1.20.1.jar
[15Aug2026 23:32:56.627] [modloading-worker-0/DEBUG] [ModernFix/]: Removed 50 unneeded annotations from file corpse-forge-1.20.1-1.0.23.jar
[15Aug2026 23:32:56.628] [modloading-worker-0/DEBUG] [ModernFix/]: Removed 32 unneeded annotations from file nyfsspiders-Forge-1.20.1-3.0.1.jar
[15Aug2026 23:32:56.641] [modloading-worker-0/DEBUG] [ModernFix/]: Removed 2774 unneeded annotations from file server-1.20.1-20230612.114412-srg.jar
[15Aug2026 23:32:56.699] [modloading-worker-0/DEBUG] [ModernFix/]: Removed 294 unneeded annotations from file voicechat-forge-1.20.1-2.6.18.jar
[15Aug2026 23:32:56.771] [modloading-worker-0/DEBUG] [ModernFix/]: Removed 145 unneeded annotations from file sound-physics-remastered-forge-1.20.1-1.5.1.jar
[15Aug2026 23:32:56.772] [modloading-worker-0/DEBUG] [ModernFix/]: Removed 11 unneeded annotations from file AmbientSounds_FORGE_v6.3.7_mc1.20.1.jar
[15Aug2026 23:32:56.773] [modloading-worker-0/DEBUG] [ModernFix/]: Removed 6 unneeded annotations from file fabric-api-base-0.4.31+ef105b4977.jar
[15Aug2026 23:32:56.774] [modloading-worker-0/DEBUG] [ModernFix/]: Removed 101 unneeded annotations from file bettercombat-forge-1.9.0+1.20.1.jar
[15Aug2026 23:32:56.775] [modloading-worker-0/DEBUG] [ModernFix/]: Removed 2 unneeded annotations from file simpleshops-1.2.2.jar
[15Aug2026 23:32:56.777] [modloading-worker-0/DEBUG] [ModernFix/]: Removed 258 unneeded annotations from file CreativeCore_FORGE_v2.12.39_mc1.20.1.jar
[15Aug2026 23:32:56.783] [modloading-worker-0/DEBUG] [net.minecraftforge.fml.javafmlmod.AutomaticEventSubscriber/LOADING]: Attempting to inject @EventBusSubscriber classes into the eventbus for waystones
[15Aug2026 23:32:56.785] [modloading-worker-0/DEBUG] [ModernFix/]: Removed 21 unneeded annotations from file awcapi-neoforge-1.20.1-1.0.2.jar
[15Aug2026 23:32:56.789] [modloading-worker-0/DEBUG] [ModernFix/]: Removed 3 unneeded annotations from file mcw-trapdoors-1.1.5-mc1.20.1forge.jar
[15Aug2026 23:32:56.789] [modloading-worker-0/DEBUG] [ModernFix/]: Removed 37 unneeded annotations from file notenoughanimations-forge-1.12.4-mc1.20.1.jar
[15Aug2026 23:32:56.791] [modloading-worker-0/DEBUG] [ModernFix/]: Removed 289 unneeded annotations from file curios-forge-5.14.1+1.20.1.jar
[15Aug2026 23:32:56.793] [modloading-worker-0/DEBUG] [ModernFix/]: Removed 353 unneeded annotations from file collective-1.20.1-8.39.jar
[15Aug2026 23:32:56.795] [modloading-worker-0/DEBUG] [ModernFix/]: Removed 170 unneeded annotations from file StorageDrawers-forge-1.20.1-12.14.3.jar
[15Aug2026 23:32:56.798] [modloading-worker-0/DEBUG] [ModernFix/]: Removed 276 unneeded annotations from file ParCool-1.20.1-3.4.3.3.jar
[15Aug2026 23:32:56.800] [modloading-worker-0/DEBUG] [ModernFix/]: Removed 597 unneeded annotations from file Paraglider-forge-20.1.3.jar
[15Aug2026 23:32:56.801] [modloading-worker-0/DEBUG] [ModernFix/]: Removed 272 unneeded annotations from file ImmediatelyFast-Forge-1.5.5+1.20.4.jar
[15Aug2026 23:32:56.804] [modloading-worker-0/DEBUG] [ModernFix/]: Removed 281 unneeded annotations from file architectury-9.2.14-forge.jar
[15Aug2026 23:32:56.806] [modloading-worker-0/DEBUG] [ModernFix/]: Removed 4 unneeded annotations from file OctoLib-FORGE-0.4.2+1.20.1.jar
[15Aug2026 23:32:56.808] [modloading-worker-0/DEBUG] [ModernFix/]: Removed 89 unneeded annotations from file epic-knights-1.20.1-forge-10.11.jar
[15Aug2026 23:32:56.810] [modloading-worker-0/DEBUG] [ModernFix/]: Removed 3 unneeded annotations from file appleskin-forge-mc1.20.1-2.5.1.jar
[15Aug2026 23:32:56.810] [modloading-worker-0/DEBUG] [ModernFix/]: Removed 134 unneeded annotations from file ferritecore-6.0.1-forge.jar
[15Aug2026 23:32:56.815] [modloading-worker-0/DEBUG] [ModernFix/]: Removed 3763 unneeded annotations from file TRansition-1.0.21-1.20.1-forge-SNAPSHOT.jar
[15Aug2026 23:32:56.825] [modloading-worker-0/DEBUG] [ModernFix/]: Removed 51 unneeded annotations from file ItemPhysic_FORGE_v1.8.13_mc1.20.1.jar
[15Aug2026 23:32:56.828] [modloading-worker-0/DEBUG] [ModernFix/]: Removed 212 unneeded annotations from file PuzzlesLib-v8.1.33-1.20.1-Forge.jar
[15Aug2026 23:32:56.832] [modloading-worker-0/DEBUG] [ModernFix/]: Removed 72 unneeded annotations from file moogs_structures-1.20-1.20.4-3.0.0-forge.jar
[15Aug2026 23:32:56.833] [modloading-worker-0/DEBUG] [ModernFix/]: Removed 26 unneeded annotations from file PlayerRevive_FORGE_v2.0.31_mc1.20.1.jar
[15Aug2026 23:32:56.839] [modloading-worker-0/DEBUG] [net.minecraftforge.fml.javafmlmod.AutomaticEventSubscriber/LOADING]: Attempting to inject @EventBusSubscriber classes into the eventbus for modernfix
[15Aug2026 23:32:56.874] [modloading-worker-0/DEBUG] [net.minecraftforge.fml.config.ConfigTracker/CONFIG]: Config file alexsmobs.toml for alexsmobs tracking
[15Aug2026 23:32:56.902] [modloading-worker-0/DEBUG] [net.minecraftforge.fml.javafmlmod.AutomaticEventSubscriber/LOADING]: Attempting to inject @EventBusSubscriber classes into the eventbus for relics
[15Aug2026 23:32:56.902] [modloading-worker-0/DEBUG] [net.minecraftforge.fml.javafmlmod.AutomaticEventSubscriber/LOADING]: Auto-subscribing it.hurts.sskirillss.relics.network.NetworkHandler to MOD
[15Aug2026 23:32:56.903] [modloading-worker-0/DEBUG] [net.minecraftforge.fml.javafmlmod.AutomaticEventSubscriber/LOADING]: Auto-subscribing it.hurts.sskirillss.relics.items.relics.ring.ChorusInhibitorItem$Events to FORGE
[15Aug2026 23:32:56.904] [modloading-worker-0/DEBUG] [net.minecraftforge.fml.javafmlmod.AutomaticEventSubscriber/LOADING]: Auto-subscribing it.hurts.sskirillss.relics.items.relics.ring.BastionRingItem$Events to FORGE
[15Aug2026 23:32:56.907] [modloading-worker-0/DEBUG] [net.minecraftforge.fml.javafmlmod.AutomaticEventSubscriber/LOADING]: Auto-subscribing it.hurts.sskirillss.relics.items.relics.necklace.ReflectionNecklaceItem$ReflectionNecklaceServerEvents to FORGE
[15Aug2026 23:32:56.908] [modloading-worker-0/DEBUG] [net.minecraftforge.fml.javafmlmod.AutomaticEventSubscriber/LOADING]: Auto-subscribing it.hurts.sskirillss.relics.items.relics.necklace.HolyLocketItem$Events to FORGE
[15Aug2026 23:32:56.910] [modloading-worker-0/DEBUG] [net.minecraftforge.fml.javafmlmod.AutomaticEventSubscriber/LOADING]: Attempting to inject @EventBusSubscriber classes into the eventbus for alexsmobs
[15Aug2026 23:32:56.910] [modloading-worker-0/DEBUG] [net.minecraftforge.fml.javafmlmod.AutomaticEventSubscriber/LOADING]: Auto-subscribing com.github.alexthe666.alexsmobs.world.AMWorldRegistry to MOD
[15Aug2026 23:32:56.911] [modloading-worker-0/DEBUG] [net.minecraftforge.fml.javafmlmod.AutomaticEventSubscriber/LOADING]: Auto-subscribing it.hurts.sskirillss.relics.items.relics.hands.WoolMittenItem$Events to FORGE
[15Aug2026 23:32:56.913] [modloading-worker-0/DEBUG] [net.minecraftforge.fml.javafmlmod.AutomaticEventSubscriber/LOADING]: Auto-subscribing it.hurts.sskirillss.relics.items.relics.hands.RageGloveItem$Events to FORGE
[15Aug2026 23:32:56.914] [modloading-worker-0/DEBUG] [net.minecraftforge.fml.javafmlmod.AutomaticEventSubscriber/LOADING]: Auto-subscribing com.github.alexthe666.alexsmobs.tileentity.AMTileEntityRegistry to MOD
[15Aug2026 23:32:56.914] [modloading-worker-0/DEBUG] [net.minecraftforge.fml.javafmlmod.AutomaticEventSubscriber/LOADING]: Auto-subscribing com.github.alexthe666.alexsmobs.event.ServerEvents to FORGE
[15Aug2026 23:32:56.915] [modloading-worker-0/DEBUG] [net.minecraftforge.fml.javafmlmod.AutomaticEventSubscriber/LOADING]: Auto-subscribing it.hurts.sskirillss.relics.items.relics.feet.RollerSkatesItem$Events to FORGE
[15Aug2026 23:32:56.917] [modloading-worker-0/DEBUG] [net.minecraftforge.fml.javafmlmod.AutomaticEventSubscriber/LOADING]: Auto-subscribing com.github.alexthe666.alexsmobs.entity.AMEntityRegistry to MOD
[15Aug2026 23:32:56.918] [modloading-worker-0/DEBUG] [net.minecraftforge.fml.javafmlmod.AutomaticEventSubscriber/LOADING]: Auto-subscribing com.github.alexthe666.alexsmobs.CommonProxy to MOD
[15Aug2026 23:32:56.919] [modloading-worker-0/DEBUG] [net.minecraftforge.fml.javafmlmod.AutomaticEventSubscriber/LOADING]: Auto-subscribing com.github.alexthe666.alexsmobs.AlexsMobs to FORGE
[15Aug2026 23:32:56.919] [modloading-worker-0/DEBUG] [net.minecraftforge.fml.javafmlmod.AutomaticEventSubscriber/LOADING]: Auto-subscribing it.hurts.sskirillss.relics.items.relics.feet.MagmaWalkerItem to FORGE
[15Aug2026 23:32:56.936] [modloading-worker-0/DEBUG] [net.minecraftforge.fml.config.ConfigTracker/CONFIG]: Config file iceandfire-client.toml for iceandfire tracking
[15Aug2026 23:32:56.936] [modloading-worker-0/DEBUG] [net.minecraftforge.fml.config.ConfigTracker/CONFIG]: Config file iceandfire-common.toml for iceandfire tracking
[15Aug2026 23:32:56.936] [modloading-worker-0/DEBUG] [net.minecraftforge.fml.javafmlmod.AutomaticEventSubscriber/LOADING]: Auto-subscribing it.hurts.sskirillss.relics.items.relics.feet.IceBreakerItem$Events to FORGE
[15Aug2026 23:32:56.937] [modloading-worker-0/DEBUG] [net.minecraftforge.fml.javafmlmod.AutomaticEventSubscriber/LOADING]: Auto-subscribing it.hurts.sskirillss.relics.items.relics.feet.AquaWalkerItem to FORGE
[15Aug2026 23:32:56.937] [modloading-worker-0/DEBUG] [net.minecraftforge.fml.javafmlmod.AutomaticEventSubscriber/LOADING]: Auto-subscribing it.hurts.sskirillss.relics.items.relics.feet.AmphibianBootItem$Events to FORGE
[15Aug2026 23:32:56.943] [modloading-worker-0/DEBUG] [net.minecraftforge.fml.javafmlmod.AutomaticEventSubscriber/LOADING]: Auto-subscribing it.hurts.sskirillss.relics.items.relics.charm.SporeSackItem$Events to FORGE
[15Aug2026 23:32:56.943] [modloading-worker-0/DEBUG] [net.minecraftforge.fml.javafmlmod.AutomaticEventSubscriber/LOADING]: Auto-subscribing it.hurts.sskirillss.relics.items.relics.belt.LeatherBeltItem to FORGE
[15Aug2026 23:32:56.944] [modloading-worker-0/DEBUG] [net.minecraftforge.fml.javafmlmod.AutomaticEventSubscriber/LOADING]: Auto-subscribing it.hurts.sskirillss.relics.items.relics.belt.HunterBeltItem$HunterBeltEvents to FORGE
[15Aug2026 23:32:56.945] [modloading-worker-0/DEBUG] [net.minecraftforge.fml.javafmlmod.AutomaticEventSubscriber/LOADING]: Auto-subscribing it.hurts.sskirillss.relics.items.relics.belt.DrownedBeltItem$Events to FORGE
[15Aug2026 23:32:56.950] [modloading-worker-0/DEBUG] [net.minecraftforge.fml.javafmlmod.AutomaticEventSubscriber/LOADING]: Attempting to inject @EventBusSubscriber classes into the eventbus for mcwdoors
[15Aug2026 23:32:56.950] [modloading-worker-0/DEBUG] [net.minecraftforge.fml.javafmlmod.AutomaticEventSubscriber/LOADING]: Auto-subscribing com.mcwdoors.kikoz.MacawsDoors to MOD
[15Aug2026 23:32:56.952] [modloading-worker-0/DEBUG] [net.minecraftforge.fml.javafmlmod.AutomaticEventSubscriber/LOADING]: Auto-subscribing it.hurts.sskirillss.relics.items.relics.back.MidnightRobeItem$ServerEvents to FORGE
[15Aug2026 23:32:56.953] [modloading-worker-0/DEBUG] [net.minecraftforge.fml.javafmlmod.AutomaticEventSubscriber/LOADING]: Auto-subscribing it.hurts.sskirillss.relics.items.relics.back.ElytraBoosterItem to FORGE
[15Aug2026 23:32:56.954] [modloading-worker-0/DEBUG] [net.minecraftforge.fml.javafmlmod.AutomaticEventSubscriber/LOADING]: Auto-subscribing it.hurts.sskirillss.relics.items.relics.back.ArrowQuiverItem$Events to FORGE
[15Aug2026 23:32:56.958] [modloading-worker-0/DEBUG] [mixin/]: Mixing perf.forge_cap_retrieval.AttachCapabilitiesEventMixin from modernfix-modernfix.mixins.json into net.minecraftforge.event.AttachCapabilitiesEvent
[15Aug2026 23:32:56.968] [modloading-worker-0/DEBUG] [net.minecraftforge.fml.javafmlmod.AutomaticEventSubscriber/LOADING]: Auto-subscribing it.hurts.sskirillss.relics.items.relics.SpatialSignItem$Events to FORGE
[15Aug2026 23:32:56.968] [modloading-worker-0/DEBUG] [net.minecraftforge.fml.javafmlmod.AutomaticEventSubscriber/LOADING]: Auto-subscribing it.hurts.sskirillss.relics.items.relics.MagicMirrorItem$ServerEvents to FORGE
[15Aug2026 23:32:56.969] [modloading-worker-0/DEBUG] [net.minecraftforge.fml.javafmlmod.AutomaticEventSubscriber/LOADING]: Auto-subscribing it.hurts.sskirillss.relics.items.relics.InfinityHamItem$Events to FORGE
[15Aug2026 23:32:56.977] [modloading-worker-0/DEBUG] [net.minecraftforge.fml.javafmlmod.AutomaticEventSubscriber/LOADING]: Auto-subscribing it.hurts.sskirillss.relics.init.CommandRegistry to FORGE
[15Aug2026 23:32:56.978] [modloading-worker-0/DEBUG] [net.minecraftforge.fml.javafmlmod.AutomaticEventSubscriber/LOADING]: Auto-subscribing it.hurts.sskirillss.relics.init.CapabilityRegistry to FORGE
[15Aug2026 23:32:56.980] [modloading-worker-0/DEBUG] [net.minecraftforge.fml.javafmlmod.AutomaticEventSubscriber/LOADING]: Attempting to inject @EventBusSubscriber classes into the eventbus for balm
[15Aug2026 23:32:56.982] [modloading-worker-0/DEBUG] [net.minecraftforge.fml.javafmlmod.AutomaticEventSubscriber/LOADING]: Auto-subscribing it.hurts.sskirillss.relics.entities.ArrowRainEntity$Events to FORGE
[15Aug2026 23:32:56.982] [modloading-worker-0/DEBUG] [net.minecraftforge.fml.javafmlmod.AutomaticEventSubscriber/LOADING]: Auto-subscribing it.hurts.sskirillss.relics.effects.BleedingEffect$Events to FORGE
[15Aug2026 23:32:56.983] [modloading-worker-0/DEBUG] [net.minecraftforge.fml.javafmlmod.AutomaticEventSubscriber/LOADING]: Auto-subscribing it.hurts.sskirillss.relics.effects.AntiHealEffect$Events to FORGE
[15Aug2026 23:32:56.983] [modloading-worker-0/DEBUG] [net.minecraftforge.fml.javafmlmod.AutomaticEventSubscriber/LOADING]: Auto-subscribing it.hurts.sskirillss.relics.capability.handlers.SyncHandler to FORGE
[15Aug2026 23:32:56.993] [modloading-worker-0/DEBUG] [Carry On/]: Loaded tschipp.carryon.platform.ForgePlatformHelper@7c239fc for service interface tschipp.carryon.platform.services.IPlatformHelper
[15Aug2026 23:32:56.994] [modloading-worker-0/DEBUG] [Carry On/]: Loaded tschipp.carryon.platform.ForgeGamestagesHelper@1bd83052 for service interface tschipp.carryon.platform.services.IGamestagePlatformHelper
[15Aug2026 23:32:56.995] [modloading-worker-0/DEBUG] [Shield Expansion/]: Loaded org.infernalstudios.shieldexp.platform.ForgePlatformHelper@129f3d63 for service interface org.infernalstudios.shieldexp.platform.services.IPlatformHelper
[15Aug2026 23:32:56.998] [modloading-worker-0/DEBUG] [Shield Expansion/]: Loaded org.infernalstudios.shieldexp.platform.ForgeRegistryHelper@10c65e27 for service interface org.infernalstudios.shieldexp.platform.services.IRegistryHelper
[15Aug2026 23:32:56.999] [modloading-worker-0/DEBUG] [net.minecraftforge.fml.config.ConfigTracker/CONFIG]: Config file carryon-client.toml for carryon tracking
[15Aug2026 23:32:56.999] [modloading-worker-0/DEBUG] [net.minecraftforge.fml.config.ConfigTracker/CONFIG]: Config file carryon-common.toml for carryon tracking
[15Aug2026 23:32:56.999] [modloading-worker-0/DEBUG] [net.minecraftforge.fml.javafmlmod.AutomaticEventSubscriber/LOADING]: Attempting to inject @EventBusSubscriber classes into the eventbus for carryon
[15Aug2026 23:32:56.999] [modloading-worker-0/DEBUG] [net.minecraftforge.fml.javafmlmod.AutomaticEventSubscriber/LOADING]: Auto-subscribing tschipp.carryon.CarryOnForge to MOD
[15Aug2026 23:32:56.999] [modloading-worker-0/DEBUG] [net.minecraftforge.fml.javafmlmod.AutomaticEventSubscriber/LOADING]: Auto-subscribing tschipp.carryon.events.CommonEvents to FORGE
[15Aug2026 23:32:57.003] [modloading-worker-0/DEBUG] [Shield Expansion/]: Loaded org.infernalstudios.shieldexp.platform.ForgeNetworkHelper@1c828a20 for service interface org.infernalstudios.shieldexp.platform.services.INetworkHelper
[15Aug2026 23:32:57.008] [modloading-worker-0/DEBUG] [mixin/]: Mixing MixinPlayerList from xaerolib.mixins.json into net.minecraft.server.players.PlayerList
[15Aug2026 23:32:57.008] [modloading-worker-0/DEBUG] [mixin/]: Mixing MixinPlayerList from xaeroworldmap.mixins.json into net.minecraft.server.players.PlayerList
[15Aug2026 23:32:57.009] [modloading-worker-0/DEBUG] [mixin/]: Mixing perf.smart_ingredient_sync.PlayerListMixin from modernfix-modernfix.mixins.json into net.minecraft.server.players.PlayerList
[15Aug2026 23:32:57.010] [modloading-worker-0/DEBUG] [mixin/]: Mixing PlayerListMixin from balm.mixins.json into net.minecraft.server.players.PlayerList
[15Aug2026 23:32:57.023] [modloading-worker-0/DEBUG] [net.minecraftforge.fml.javafmlmod.AutomaticEventSubscriber/LOADING]: Auto-subscribing tschipp.carryon.events.ModBusEvents to MOD
[15Aug2026 23:32:57.025] [modloading-worker-0/DEBUG] [net.minecraftforge.fml.javafmlmod.AutomaticEventSubscriber/LOADING]: Attempting to inject @EventBusSubscriber classes into the eventbus for puzzlesaccessapi
[15Aug2026 23:32:57.026] [modloading-worker-0/DEBUG] [net.minecraftforge.fml.javafmlmod.AutomaticEventSubscriber/LOADING]: Attempting to inject @EventBusSubscriber classes into the eventbus for cloth_config
[15Aug2026 23:32:57.026] [modloading-worker-0/DEBUG] [net.minecraftforge.versions.forge.ForgeVersion/CORE]: Forge Version package package net.minecraftforge.versions.forge, Forge, version 47.3 from cpw.mods.modlauncher.TransformingClassLoader@3f9b7fe1
[15Aug2026 23:32:57.027] [modloading-worker-0/DEBUG] [net.minecraftforge.versions.forge.ForgeVersion/CORE]: Found Forge version 47.3.7
[15Aug2026 23:32:57.027] [modloading-worker-0/DEBUG] [net.minecraftforge.versions.forge.ForgeVersion/CORE]: Found Forge spec 47.3
[15Aug2026 23:32:57.027] [modloading-worker-0/DEBUG] [net.minecraftforge.versions.forge.ForgeVersion/CORE]: Found Forge group net.minecraftforge
[15Aug2026 23:32:57.027] [modloading-worker-0/DEBUG] [net.minecraftforge.versions.mcp.MCPVersion/CORE]: MCP Version package package net.minecraftforge.versions.mcp, Minecraft, version 1.20.1 from cpw.mods.modlauncher.TransformingClassLoader@3f9b7fe1
[15Aug2026 23:32:57.027] [modloading-worker-0/DEBUG] [net.minecraftforge.versions.mcp.MCPVersion/CORE]: Found MC version information 1.20.1
[15Aug2026 23:32:57.028] [modloading-worker-0/DEBUG] [net.minecraftforge.versions.mcp.MCPVersion/CORE]: Found MCP version information 20230612.114412
[15Aug2026 23:32:57.028] [modloading-worker-0/INFO] [net.minecraftforge.common.ForgeMod/FORGEMOD]: Forge mod loading, version 47.3.7, for MC 1.20.1 with MCP 20230612.114412
[15Aug2026 23:32:57.028] [modloading-worker-0/INFO] [net.minecraftforge.common.MinecraftForge/FORGE]: MinecraftForge v47.3.7 Initialized
[15Aug2026 23:32:57.055] [modloading-worker-0/DEBUG] [net.minecraftforge.fml.javafmlmod.AutomaticEventSubscriber/LOADING]: Attempting to inject @EventBusSubscriber classes into the eventbus for shieldexp
[15Aug2026 23:32:57.055] [modloading-worker-0/DEBUG] [net.minecraftforge.fml.javafmlmod.AutomaticEventSubscriber/LOADING]: Auto-subscribing org.infernalstudios.shieldexp.forge.events.ForgeShieldEvents to FORGE
[15Aug2026 23:32:57.069] [modloading-worker-0/DEBUG] [net.minecraftforge.fml.config.ConfigTracker/CONFIG]: Config file vm-common.toml for vm tracking
[15Aug2026 23:32:57.070] [modloading-worker-0/DEBUG] [net.minecraftforge.fml.javafmlmod.AutomaticEventSubscriber/LOADING]: Attempting to inject @EventBusSubscriber classes into the eventbus for vm
[15Aug2026 23:32:57.070] [modloading-worker-0/DEBUG] [net.minecraftforge.fml.javafmlmod.AutomaticEventSubscriber/LOADING]: Auto-subscribing com.lupicus.vm.config.MyConfig to MOD
[15Aug2026 23:32:57.070] [modloading-worker-0/DEBUG] [net.minecraftforge.fml.javafmlmod.AutomaticEventSubscriber/LOADING]: Auto-subscribing com.lupicus.vm.Main$ModEvents to MOD
[15Aug2026 23:32:57.071] [modloading-worker-0/DEBUG] [net.minecraftforge.fml.javafmlmod.AutomaticEventSubscriber/LOADING]: Auto-subscribing com.lupicus.vm.Main$ForgeEvents to FORGE
[15Aug2026 23:32:57.073] [modloading-worker-0/DEBUG] [net.minecraftforge.fml.javafmlmod.AutomaticEventSubscriber/LOADING]: Attempting to inject @EventBusSubscriber classes into the eventbus for tlskincape
[15Aug2026 23:32:57.076] [modloading-worker-0/DEBUG] [net.minecraftforge.fml.config.ConfigTracker/CONFIG]: Config file sodiumdynamiclights-client.toml for sodiumdynamiclights tracking
[15Aug2026 23:32:57.076] [modloading-worker-0/DEBUG] [net.minecraftforge.fml.javafmlmod.AutomaticEventSubscriber/LOADING]: Attempting to inject @EventBusSubscriber classes into the eventbus for sodiumdynamiclights
[15Aug2026 23:32:57.080] [modloading-worker-0/DEBUG] [net.minecraftforge.fml.config.ConfigTracker/CONFIG]: Config file corpse-server.toml for corpse tracking
[15Aug2026 23:32:57.088] [modloading-worker-0/DEBUG] [net.minecraftforge.fml.javafmlmod.AutomaticEventSubscriber/LOADING]: Attempting to inject @EventBusSubscriber classes into the eventbus for corpse
[15Aug2026 23:32:57.088] [modloading-worker-0/DEBUG] [net.minecraftforge.fml.javafmlmod.AutomaticEventSubscriber/LOADING]: Auto-subscribing de.maxhenkel.corpse.Main to FORGE
[15Aug2026 23:32:57.089] [modloading-worker-0/DEBUG] [net.minecraftforge.fml.config.ConfigTracker/CONFIG]: Config file nyfsspiders.toml for nyfsspiders tracking
[15Aug2026 23:32:57.089] [modloading-worker-0/DEBUG] [net.minecraftforge.fml.javafmlmod.AutomaticEventSubscriber/LOADING]: Attempting to inject @EventBusSubscriber classes into the eventbus for nyfsspiders
[15Aug2026 23:32:57.089] [modloading-worker-0/DEBUG] [net.minecraftforge.fml.javafmlmod.AutomaticEventSubscriber/LOADING]: Auto-subscribing com.nyfaria.nyfsspiders.NyfsSpiders to MOD
[15Aug2026 23:32:57.090] [modloading-worker-0/DEBUG] [net.minecraftforge.fml.javafmlmod.AutomaticEventSubscriber/LOADING]: Attempting to inject @EventBusSubscriber classes into the eventbus for dungeons_arise
[15Aug2026 23:32:57.100] [modloading-worker-0/DEBUG] [net.minecraftforge.common.ForgeMod/FORGEMOD]: Loading Network data for FML net version: FML3
[15Aug2026 23:32:57.101] [modloading-worker-0/DEBUG] [net.minecraftforge.fml.javafmlmod.AutomaticEventSubscriber/LOADING]: Attempting to inject @EventBusSubscriber classes into the eventbus for grue_remake
[15Aug2026 23:32:57.102] [modloading-worker-0/DEBUG] [net.minecraftforge.fml.javafmlmod.AutomaticEventSubscriber/LOADING]: Auto-subscribing net.mcreator.grueremake.procedures.GetLightLevelProcedure to FORGE
[15Aug2026 23:32:57.106] [modloading-worker-0/DEBUG] [net.minecraftforge.fml.javafmlmod.AutomaticEventSubscriber/LOADING]: Auto-subscribing net.mcreator.grueremake.network.GrueRemakeModVariables to MOD
[15Aug2026 23:32:57.108] [modloading-worker-0/DEBUG] [net.minecraftforge.fml.javafmlmod.AutomaticEventSubscriber/LOADING]: Auto-subscribing net.mcreator.grueremake.network.GrueRemakeModVariables$PlayerVariablesProvider to FORGE
[15Aug2026 23:32:57.110] [modloading-worker-0/DEBUG] [net.minecraftforge.fml.javafmlmod.AutomaticEventSubscriber/LOADING]: Auto-subscribing net.mcreator.grueremake.network.GrueRemakeModVariables$EventBusVariableHandlers to FORGE
[15Aug2026 23:32:57.114] [modloading-worker-0/DEBUG] [net.minecraftforge.fml.javafmlmod.AutomaticEventSubscriber/LOADING]: Auto-subscribing net.mcreator.grueremake.init.GrueRemakeModTabs to MOD
[15Aug2026 23:32:57.114] [modloading-worker-0/DEBUG] [net.minecraftforge.fml.javafmlmod.AutomaticEventSubscriber/LOADING]: Auto-subscribing net.mcreator.grueremake.init.GrueRemakeModEntities to MOD
[15Aug2026 23:32:57.115] [modloading-worker-0/DEBUG] [net.minecraftforge.fml.javafmlmod.AutomaticEventSubscriber/LOADING]: Auto-subscribing net.mcreator.grueremake.init.EntityAnimationFactory to FORGE
[15Aug2026 23:32:57.116] [modloading-worker-0/DEBUG] [net.minecraftforge.fml.javafmlmod.AutomaticEventSubscriber/LOADING]: Attempting to inject @EventBusSubscriber classes into the eventbus for voicechat_api
[15Aug2026 23:32:57.122] [modloading-worker-0/DEBUG] [net.minecraftforge.fml.config.ConfigTracker/CONFIG]: Config file forge-client.toml for forge tracking
[15Aug2026 23:32:57.122] [modloading-worker-0/DEBUG] [net.minecraftforge.fml.config.ConfigTracker/CONFIG]: Config file forge-server.toml for forge tracking
[15Aug2026 23:32:57.122] [modloading-worker-0/DEBUG] [net.minecraftforge.fml.ModLoadingContext/]: Attempted to register an empty config for type COMMON on mod forge
[15Aug2026 23:32:57.128] [modloading-worker-0/DEBUG] [mixin/]: Mixing MixinLevelEvent from architectury.mixins.json into net.minecraftforge.event.level.LevelEvent
[15Aug2026 23:32:57.132] [modloading-worker-0/DEBUG] [net.minecraftforge.fml.javafmlmod.AutomaticEventSubscriber/LOADING]: Attempting to inject @EventBusSubscriber classes into the eventbus for voicechat
[15Aug2026 23:32:57.135] [modloading-worker-0/DEBUG] [net.minecraftforge.fml.javafmlmod.AutomaticEventSubscriber/LOADING]: Attempting to inject @EventBusSubscriber classes into the eventbus for forge
[15Aug2026 23:32:57.135] [modloading-worker-0/DEBUG] [net.minecraftforge.fml.javafmlmod.AutomaticEventSubscriber/LOADING]: Auto-subscribing net.minecraftforge.common.ForgeSpawnEggItem$CommonHandler to MOD
[15Aug2026 23:32:57.137] [modloading-worker-0/DEBUG] [net.minecraftforge.fml.javafmlmod.AutomaticEventSubscriber/LOADING]: Attempting to inject @EventBusSubscriber classes into the eventbus for sound_physics_remastered
[15Aug2026 23:32:57.202] [modloading-worker-0/DEBUG] [net.minecraftforge.fml.javafmlmod.AutomaticEventSubscriber/LOADING]: Attempting to inject @EventBusSubscriber classes into the eventbus for fabric_api_base
[15Aug2026 23:32:57.374] [modloading-worker-0/DEBUG] [creativecore/]: Created network creativecore:main
[15Aug2026 23:32:57.377] [modloading-worker-0/DEBUG] [net.minecraftforge.fml.javafmlmod.AutomaticEventSubscriber/LOADING]: Attempting to inject @EventBusSubscriber classes into the eventbus for ambientsounds
[15Aug2026 23:32:57.383] [modloading-worker-0/DEBUG] [net.minecraftforge.fml.javafmlmod.AutomaticEventSubscriber/LOADING]: Attempting to inject @EventBusSubscriber classes into the eventbus for simpleshops
[15Aug2026 23:32:57.383] [modloading-worker-0/DEBUG] [net.minecraftforge.fml.javafmlmod.AutomaticEventSubscriber/LOADING]: Auto-subscribing wolforce.simpleshops.Registry to MOD
[15Aug2026 23:32:57.384] [modloading-worker-0/DEBUG] [net.minecraftforge.fml.javafmlmod.AutomaticEventSubscriber/LOADING]: Attempting to inject @EventBusSubscriber classes into the eventbus for mr_serversleep
[15Aug2026 23:32:57.392] [modloading-worker-0/DEBUG] [net.minecraftforge.fml.javafmlmod.AutomaticEventSubscriber/LOADING]: Attempting to inject @EventBusSubscriber classes into the eventbus for creativecore
[15Aug2026 23:32:57.393] [modloading-worker-0/INFO] [Advanced Wall Climber API/]: Advanced Wall Climber API initialized!
[15Aug2026 23:32:57.394] [modloading-worker-0/DEBUG] [net.minecraftforge.fml.javafmlmod.AutomaticEventSubscriber/LOADING]: Attempting to inject @EventBusSubscriber classes into the eventbus for awcapi
[15Aug2026 23:32:57.491] [modloading-worker-0/DEBUG] [io.netty.buffer.AbstractByteBuf/]: -Dio.netty.buffer.checkAccessible: true
[15Aug2026 23:32:57.494] [modloading-worker-0/DEBUG] [io.netty.buffer.AbstractByteBuf/]: -Dio.netty.buffer.checkBounds: true
[15Aug2026 23:32:57.495] [modloading-worker-0/DEBUG] [io.netty.util.ResourceLeakDetectorFactory/]: Loaded default ResourceLeakDetector: io.netty.util.ResourceLeakDetector@70c90ce1
[15Aug2026 23:32:57.497] [modloading-worker-0/DEBUG] [net.minecraftforge.fml.javafmlmod.AutomaticEventSubscriber/LOADING]: Attempting to inject @EventBusSubscriber classes into the eventbus for mcwtrpdoors
[15Aug2026 23:32:57.498] [modloading-worker-0/DEBUG] [net.minecraftforge.fml.javafmlmod.AutomaticEventSubscriber/LOADING]: Auto-subscribing com.mcwtrpdoors.kikoz.MacawsTrapdoors to MOD
[15Aug2026 23:32:57.499] [modloading-worker-0/DEBUG] [net.minecraftforge.fml.javafmlmod.AutomaticEventSubscriber/LOADING]: Attempting to inject @EventBusSubscriber classes into the eventbus for notenoughanimations
[15Aug2026 23:32:57.505] [modloading-worker-0/DEBUG] [net.minecraftforge.fml.config.ConfigTracker/CONFIG]: Config file curios-client.toml for curios tracking
[15Aug2026 23:32:57.510] [modloading-worker-0/DEBUG] [net.minecraftforge.fml.config.ConfigTracker/CONFIG]: Config file curios-common.toml for curios tracking
[15Aug2026 23:32:57.510] [modloading-worker-0/DEBUG] [net.minecraftforge.fml.config.ConfigTracker/CONFIG]: Config file curios-server.toml for curios tracking
[15Aug2026 23:32:57.510] [modloading-worker-0/DEBUG] [net.minecraftforge.fml.javafmlmod.AutomaticEventSubscriber/LOADING]: Attempting to inject @EventBusSubscriber classes into the eventbus for curios
[15Aug2026 23:32:57.515] [modloading-worker-0/INFO] [Collective/]: Loading Collective version 8.39.
[15Aug2026 23:32:57.519] [modloading-worker-0/DEBUG] [net.minecraftforge.fml.javafmlmod.AutomaticEventSubscriber/LOADING]: Attempting to inject @EventBusSubscriber classes into the eventbus for bettercombat
[15Aug2026 23:32:57.522] [modloading-worker-0/DEBUG] [net.minecraftforge.fml.javafmlmod.AutomaticEventSubscriber/LOADING]: Auto-subscribing net.bettercombat.forge.events.ForgeModEvents to MOD
[15Aug2026 23:32:57.523] [modloading-worker-0/DEBUG] [net.minecraftforge.fml.javafmlmod.AutomaticEventSubscriber/LOADING]: Auto-subscribing net.bettercombat.forge.events.ForgeEvents to FORGE
[15Aug2026 23:32:57.583] [modloading-worker-0/DEBUG] [net.minecraftforge.fml.config.ConfigTracker/CONFIG]: Config file storagedrawers-common.v2.toml for storagedrawers tracking
[15Aug2026 23:32:57.583] [modloading-worker-0/DEBUG] [net.minecraftforge.fml.config.ConfigTracker/CONFIG]: Config file storagedrawers-client.toml for storagedrawers tracking
[15Aug2026 23:32:57.592] [modloading-worker-0/DEBUG] [net.minecraftforge.fml.javafmlmod.AutomaticEventSubscriber/LOADING]: Attempting to inject @EventBusSubscriber classes into the eventbus for iceandfire
[15Aug2026 23:32:57.593] [modloading-worker-0/DEBUG] [net.minecraftforge.fml.javafmlmod.AutomaticEventSubscriber/LOADING]: Auto-subscribing com.github.alexthe666.iceandfire.recipe.IafRecipeRegistry to MOD
[15Aug2026 23:32:57.593] [modloading-worker-0/DEBUG] [net.minecraftforge.fml.javafmlmod.AutomaticEventSubscriber/LOADING]: Auto-subscribing com.github.alexthe666.iceandfire.misc.IafSoundRegistry to MOD
[15Aug2026 23:32:57.593] [modloading-worker-0/DEBUG] [net.minecraftforge.fml.javafmlmod.AutomaticEventSubscriber/LOADING]: Auto-subscribing com.github.alexthe666.iceandfire.misc.IafDamageRegistry to MOD
[15Aug2026 23:32:57.594] [modloading-worker-0/DEBUG] [net.minecraftforge.fml.javafmlmod.AutomaticEventSubscriber/LOADING]: Auto-subscribing com.github.alexthe666.iceandfire.item.IafItemRegistry to MOD
[15Aug2026 23:32:57.595] [modloading-worker-0/DEBUG] [net.minecraftforge.fml.javafmlmod.AutomaticEventSubscriber/LOADING]: Auto-subscribing com.github.alexthe666.iceandfire.event.ServerEvents to FORGE
[15Aug2026 23:32:57.609] [modloading-worker-0/DEBUG] [net.minecraftforge.fml.javafmlmod.AutomaticEventSubscriber/LOADING]: Auto-subscribing com.github.alexthe666.iceandfire.entity.props.CapabilityHandler to FORGE
[15Aug2026 23:32:57.615] [modloading-worker-0/DEBUG] [net.minecraftforge.fml.javafmlmod.AutomaticEventSubscriber/LOADING]: Auto-subscribing com.github.alexthe666.iceandfire.entity.IafVillagerRegistry to MOD
[15Aug2026 23:32:57.618] [modloading-worker-0/DEBUG] [net.minecraftforge.fml.javafmlmod.AutomaticEventSubscriber/LOADING]: Auto-subscribing com.github.alexthe666.iceandfire.entity.IafEntityRegistry to MOD
[15Aug2026 23:32:57.619] [modloading-worker-0/DEBUG] [net.minecraftforge.fml.javafmlmod.AutomaticEventSubscriber/LOADING]: Auto-subscribing com.github.alexthe666.iceandfire.datagen.DataGenerators to MOD
[15Aug2026 23:32:57.630] [modloading-worker-0/DEBUG] [mixin/]: Mixing TagsProviderForgeMixin from puzzleslib.forge.mixins.json into net.minecraft.data.tags.TagsProvider
[15Aug2026 23:32:57.639] [modloading-worker-0/DEBUG] [net.minecraftforge.fml.javafmlmod.AutomaticEventSubscriber/LOADING]: Auto-subscribing com.github.alexthe666.iceandfire.block.IafBlockRegistry to MOD
[15Aug2026 23:32:57.640] [modloading-worker-0/DEBUG] [net.minecraftforge.fml.javafmlmod.AutomaticEventSubscriber/LOADING]: Auto-subscribing com.github.alexthe666.iceandfire.IceAndFire to FORGE
[15Aug2026 23:32:57.640] [modloading-worker-0/DEBUG] [net.minecraftforge.fml.javafmlmod.AutomaticEventSubscriber/LOADING]: Auto-subscribing com.github.alexthe666.iceandfire.CommonProxy to MOD
[15Aug2026 23:32:57.655] [modloading-worker-0/DEBUG] [net.minecraftforge.fml.javafmlmod.AutomaticEventSubscriber/LOADING]: Attempting to inject @EventBusSubscriber classes into the eventbus for travelersbackpack
[15Aug2026 23:32:57.659] [modloading-worker-0/DEBUG] [net.minecraftforge.fml.javafmlmod.AutomaticEventSubscriber/LOADING]: Auto-subscribing com.tiviacz.travelersbackpack.handlers.NeoForgeEventHandler to FORGE
[15Aug2026 23:32:57.661] [modloading-worker-0/DEBUG] [net.minecraftforge.fml.javafmlmod.AutomaticEventSubscriber/LOADING]: Attempting to inject @EventBusSubscriber classes into the eventbus for collective
[15Aug2026 23:32:57.662] [modloading-worker-0/DEBUG] [net.minecraftforge.fml.javafmlmod.AutomaticEventSubscriber/LOADING]: Auto-subscribing com.natamus.collective.forge.events.RegisterCollectiveForgeEvents to FORGE
[15Aug2026 23:32:57.692] [modloading-worker-0/DEBUG] [net.minecraftforge.fml.javafmlmod.AutomaticEventSubscriber/LOADING]: Auto-subscribing com.tiviacz.travelersbackpack.handlers.ModEventHandler to MOD
[15Aug2026 23:32:57.697] [modloading-worker-0/DEBUG] [Paraglider/]: Loaded plugin class com.alrex.parcool.extern.paraglider.ParCoolPlugin associated with mod parcool
[15Aug2026 23:32:57.700] [modloading-worker-0/DEBUG] [net.minecraftforge.fml.javafmlmod.AutomaticEventSubscriber/LOADING]: Attempting to inject @EventBusSubscriber classes into the eventbus for immediatelyfast
[15Aug2026 23:32:57.701] [modloading-worker-0/DEBUG] [Paraglider/]: Loaded plugin class tictim.paraglider.plugin.ParagliderDefaultPlugin associated with mod paraglider
[15Aug2026 23:32:57.702] [modloading-worker-0/DEBUG] [Paraglider/]: Loaded 2 plugins total
[15Aug2026 23:32:57.736] [modloading-worker-0/DEBUG] [net.minecraftforge.fml.javafmlmod.AutomaticEventSubscriber/LOADING]: Attempting to inject @EventBusSubscriber classes into the eventbus for storagedrawers
[15Aug2026 23:32:57.736] [modloading-worker-0/DEBUG] [net.minecraftforge.fml.javafmlmod.AutomaticEventSubscriber/LOADING]: Auto-subscribing com.jaquadro.minecraft.storagedrawers.integration.IntegrationEvents to MOD
[15Aug2026 23:32:57.737] [modloading-worker-0/DEBUG] [net.minecraftforge.fml.javafmlmod.AutomaticEventSubscriber/LOADING]: Auto-subscribing com.jaquadro.minecraft.storagedrawers.core.CommonEventBusSubscriber to FORGE
[15Aug2026 23:32:57.748] [modloading-worker-0/DEBUG] [net.minecraftforge.fml.javafmlmod.AutomaticEventSubscriber/LOADING]: Attempting to inject @EventBusSubscriber classes into the eventbus for octolib
[15Aug2026 23:32:57.753] [modloading-worker-0/DEBUG] [mixin/]: Mixing LootTableMixin from balm.mixins.json into net.minecraft.world.level.storage.loot.LootTable
[15Aug2026 23:32:57.754] [modloading-worker-0/DEBUG] [mixin/]: Mixing accessor.LootTableForgeAccessor from puzzleslib.forge.mixins.json into net.minecraft.world.level.storage.loot.LootTable
[15Aug2026 23:32:57.773] [modloading-worker-0/DEBUG] [net.minecraftforge.fml.config.ConfigTracker/CONFIG]: Config file parcool-server.toml for parcool tracking
[15Aug2026 23:32:57.780] [modloading-worker-0/DEBUG] [net.minecraftforge.fml.javafmlmod.AutomaticEventSubscriber/LOADING]: Attempting to inject @EventBusSubscriber classes into the eventbus for architectury
[15Aug2026 23:32:57.780] [modloading-worker-0/DEBUG] [net.minecraftforge.fml.javafmlmod.AutomaticEventSubscriber/LOADING]: Auto-subscribing dev.architectury.registry.level.entity.trade.forge.TradeRegistryImpl to FORGE
[15Aug2026 23:32:57.781] [modloading-worker-0/DEBUG] [net.minecraftforge.fml.javafmlmod.AutomaticEventSubscriber/LOADING]: Auto-subscribing dev.architectury.registry.forge.ReloadListenerRegistryImpl to FORGE
[15Aug2026 23:32:57.782] [modloading-worker-0/DEBUG] [net.minecraftforge.fml.javafmlmod.AutomaticEventSubscriber/LOADING]: Auto-subscribing dev.architectury.networking.forge.NetworkManagerImpl to FORGE
[15Aug2026 23:32:57.797] [modloading-worker-0/INFO] [dev.architectury.networking.forge.NetworkManagerImpl/]: Registering C2S receiver with id architectury:sync_ids
[15Aug2026 23:32:57.821] [modloading-worker-0/DEBUG] [net.minecraftforge.fml.config.ConfigTracker/CONFIG]: Config file parcool-client.toml for parcool tracking
[15Aug2026 23:32:57.823] [modloading-worker-0/DEBUG] [net.minecraftforge.fml.javafmlmod.AutomaticEventSubscriber/LOADING]: Attempting to inject @EventBusSubscriber classes into the eventbus for parcool
[15Aug2026 23:32:57.821] [modloading-worker-0/INFO] [STDOUT/]: [com.magistuarmory.iceandfire.EpicKnightsIceAndFire:init:28]: Hello from Epic Knights Ice and Fire init!
[15Aug2026 23:32:57.826] [modloading-worker-0/DEBUG] [net.minecraftforge.fml.config.ConfigTracker/CONFIG]: Config file appleskin-client.toml for appleskin tracking
[15Aug2026 23:32:57.834] [modloading-worker-0/DEBUG] [net.minecraftforge.fml.config.ConfigTracker/CONFIG]: Config file paraglider-player-states.toml for paraglider tracking
[15Aug2026 23:32:57.836] [modloading-worker-0/DEBUG] [net.minecraftforge.fml.javafmlmod.AutomaticEventSubscriber/LOADING]: Attempting to inject @EventBusSubscriber classes into the eventbus for appleskin
[15Aug2026 23:32:57.836] [modloading-worker-0/DEBUG] [net.minecraftforge.fml.javafmlmod.AutomaticEventSubscriber/LOADING]: Attempting to inject @EventBusSubscriber classes into the eventbus for ferritecore
[15Aug2026 23:32:57.845] [modloading-worker-0/DEBUG] [net.minecraftforge.fml.config.ConfigTracker/CONFIG]: Config file globalxp-client.toml for globalxp tracking
[15Aug2026 23:32:57.845] [modloading-worker-0/DEBUG] [net.minecraftforge.fml.config.ConfigTracker/CONFIG]: Config file globalxp-server.toml for globalxp tracking
[15Aug2026 23:32:57.845] [modloading-worker-0/DEBUG] [net.minecraftforge.fml.javafmlmod.AutomaticEventSubscriber/LOADING]: Attempting to inject @EventBusSubscriber classes into the eventbus for globalxp
[15Aug2026 23:32:57.846] [modloading-worker-0/DEBUG] [net.minecraftforge.fml.javafmlmod.AutomaticEventSubscriber/LOADING]: Auto-subscribing bl4ckscor3.mod.globalxp.GlobalXP to MOD
[15Aug2026 23:32:57.847] [modloading-worker-0/DEBUG] [net.minecraftforge.fml.javafmlmod.AutomaticEventSubscriber/LOADING]: Attempting to inject @EventBusSubscriber classes into the eventbus for transition
[15Aug2026 23:32:57.849] [modloading-worker-0/DEBUG] [itemphysic/]: Created network itemphysic:main
[15Aug2026 23:32:57.849] [modloading-worker-0/DEBUG] [net.minecraftforge.fml.javafmlmod.AutomaticEventSubscriber/LOADING]: Attempting to inject @EventBusSubscriber classes into the eventbus for itemphysic
[15Aug2026 23:32:57.850] [modloading-worker-0/DEBUG] [net.minecraftforge.fml.javafmlmod.AutomaticEventSubscriber/LOADING]: Attempting to inject @EventBusSubscriber classes into the eventbus for puzzleslib
[15Aug2026 23:32:57.850] [modloading-worker-0/DEBUG] [net.minecraftforge.fml.javafmlmod.AutomaticEventSubscriber/LOADING]: Auto-subscribing fuzs.puzzleslib.impl.PuzzlesLibForge to MOD
[15Aug2026 23:32:57.877] [modloading-worker-0/DEBUG] [net.minecraftforge.fml.config.ConfigTracker/CONFIG]: Config file paraglider-common.toml for paraglider tracking
[15Aug2026 23:32:57.882] [modloading-worker-0/INFO] [Puzzles Lib/]: Constructing common components for puzzleslib:main
[15Aug2026 23:32:57.911] [modloading-worker-0/DEBUG] [net.minecraftforge.fml.config.ConfigTracker/CONFIG]: Config file paraglider-server.toml for paraglider tracking
[15Aug2026 23:32:57.912] [modloading-worker-0/DEBUG] [net.minecraftforge.fml.javafmlmod.AutomaticEventSubscriber/LOADING]: Attempting to inject @EventBusSubscriber classes into the eventbus for paraglider
[15Aug2026 23:32:57.913] [modloading-worker-0/DEBUG] [net.minecraftforge.fml.javafmlmod.AutomaticEventSubscriber/LOADING]: Auto-subscribing tictim.paraglider.forge.contents.ForgeBargainTypeRegistry to MOD
[15Aug2026 23:32:57.915] [modloading-worker-0/DEBUG] [net.minecraftforge.fml.javafmlmod.AutomaticEventSubscriber/LOADING]: Auto-subscribing tictim.paraglider.forge.event.ParagliderEventHandler to FORGE
[15Aug2026 23:32:57.921] [modloading-worker-0/DEBUG] [net.minecraftforge.fml.javafmlmod.AutomaticEventSubscriber/LOADING]: Auto-subscribing tictim.paraglider.forge.event.WindEventHandler to FORGE
[15Aug2026 23:32:57.923] [modloading-worker-0/DEBUG] [net.minecraftforge.fml.javafmlmod.AutomaticEventSubscriber/LOADING]: Attempting to inject @EventBusSubscriber classes into the eventbus for moogs_structures
[15Aug2026 23:32:57.929] [modloading-worker-0/DEBUG] [net.minecraftforge.fml.javafmlmod.AutomaticEventSubscriber/LOADING]: Attempting to inject @EventBusSubscriber classes into the eventbus for healingbed
[15Aug2026 23:32:57.929] [modloading-worker-0/DEBUG] [net.minecraftforge.fml.javafmlmod.AutomaticEventSubscriber/LOADING]: Auto-subscribing healingbed.procedures.HealbedProcedure to FORGE
[15Aug2026 23:32:57.931] [modloading-worker-0/DEBUG] [playerrevive/]: Created network playerrevive:main
[15Aug2026 23:32:57.932] [modloading-worker-0/DEBUG] [net.minecraftforge.fml.javafmlmod.AutomaticEventSubscriber/LOADING]: Attempting to inject @EventBusSubscriber classes into the eventbus for playerrevive
[15Aug2026 23:32:57.943] [modloading-worker-0/DEBUG] [net.minecraftforge.fml.javafmlmod.AutomaticEventSubscriber/LOADING]: Attempting to inject @EventBusSubscriber classes into the eventbus for healingcampfire
[15Aug2026 23:32:57.974] [modloading-worker-0/DEBUG] [net.minecraftforge.fml.javafmlmod.AutomaticEventSubscriber/LOADING]: Attempting to inject @EventBusSubscriber classes into the eventbus for i_heard_it_too_remastered
[15Aug2026 23:32:57.975] [modloading-worker-0/DEBUG] [net.minecraftforge.fml.javafmlmod.AutomaticEventSubscriber/LOADING]: Auto-subscribing net.mcreator.iheardittooremastered.procedures.StalkerRunOnEntityTickUpdateProcedure to FORGE
[15Aug2026 23:32:57.982] [modloading-worker-0/DEBUG] [net.minecraftforge.fml.javafmlmod.AutomaticEventSubscriber/LOADING]: Auto-subscribing net.mcreator.iheardittooremastered.procedures.SpawningPLRTICKUPDProcedure to FORGE
[15Aug2026 23:32:57.987] [modloading-worker-0/DEBUG] [net.minecraftforge.fml.javafmlmod.AutomaticEventSubscriber/LOADING]: Auto-subscribing net.mcreator.iheardittooremastered.procedures.PhoneRightClickProcedure to FORGE
[15Aug2026 23:32:57.988] [modloading-worker-0/DEBUG] [net.minecraftforge.fml.javafmlmod.AutomaticEventSubscriber/LOADING]: Auto-subscribing net.mcreator.iheardittooremastered.procedures.PLRTICKUPDProcedure to FORGE
[15Aug2026 23:32:57.989] [modloading-worker-0/DEBUG] [net.minecraftforge.fml.javafmlmod.AutomaticEventSubscriber/LOADING]: Auto-subscribing net.mcreator.iheardittooremastered.procedures.PLRLEAVESProcedure to FORGE
[15Aug2026 23:32:57.992] [modloading-worker-0/DEBUG] [net.minecraftforge.fml.javafmlmod.AutomaticEventSubscriber/LOADING]: Auto-subscribing net.mcreator.iheardittooremastered.procedures.MaternalWraithWatchOnEntityTickUpdateProcedure to FORGE
[15Aug2026 23:32:57.995] [modloading-worker-0/DEBUG] [net.minecraftforge.fml.javafmlmod.AutomaticEventSubscriber/LOADING]: Auto-subscribing net.mcreator.iheardittooremastered.procedures.MaternalWraithRoofOnEntityTickUpdateProcedure to FORGE
[15Aug2026 23:32:57.996] [modloading-worker-0/DEBUG] [net.minecraftforge.fml.javafmlmod.AutomaticEventSubscriber/LOADING]: Auto-subscribing net.mcreator.iheardittooremastered.procedures.MaternalWraithBehindOnEntityTickUpdateProcedure$EntityTickEventHook to FORGE
[15Aug2026 23:32:58.001] [modloading-worker-0/DEBUG] [net.minecraftforge.fml.javafmlmod.AutomaticEventSubscriber/LOADING]: Auto-subscribing net.mcreator.iheardittooremastered.procedures.MakarovWeaponFireProcedure to FORGE
[15Aug2026 23:32:58.003] [modloading-worker-0/DEBUG] [net.minecraftforge.fml.javafmlmod.AutomaticEventSubscriber/LOADING]: Auto-subscribing net.mcreator.iheardittooremastered.procedures.MakarovAdminCommands to FORGE
[15Aug2026 23:32:58.007] [modloading-worker-0/DEBUG] [net.minecraftforge.fml.javafmlmod.AutomaticEventSubscriber/LOADING]: Auto-subscribing net.mcreator.iheardittooremastered.procedures.GiveLoreBookOnPlayerJoinProcedure to FORGE
[15Aug2026 23:32:58.008] [modloading-worker-0/DEBUG] [net.minecraftforge.fml.javafmlmod.AutomaticEventSubscriber/LOADING]: Auto-subscribing net.mcreator.iheardittooremastered.procedures.ChicaOnEntityTickUpdateProcedure to FORGE
[15Aug2026 23:32:58.010] [modloading-worker-0/DEBUG] [net.minecraftforge.fml.javafmlmod.AutomaticEventSubscriber/LOADING]: Auto-subscribing net.mcreator.iheardittooremastered.init.IHeardItTooRemasteredModTabs to MOD
[15Aug2026 23:32:58.011] [modloading-worker-0/DEBUG] [net.minecraftforge.fml.javafmlmod.AutomaticEventSubscriber/LOADING]: Auto-subscribing net.mcreator.iheardittooremastered.init.IHeardItTooRemasteredModEntities to MOD
[15Aug2026 23:32:58.011] [modloading-worker-0/DEBUG] [net.minecraftforge.fml.javafmlmod.AutomaticEventSubscriber/LOADING]: Auto-subscribing net.mcreator.iheardittooremastered.init.IHeardItTooRemasteredModConfigs to MOD
[15Aug2026 23:32:58.012] [modloading-worker-0/DEBUG] [net.minecraftforge.fml.javafmlmod.AutomaticEventSubscriber/LOADING]: Auto-subscribing net.mcreator.iheardittooremastered.init.EntityAnimationFactory to FORGE
[15Aug2026 23:32:58.013] [modloading-worker-0/DEBUG] [net.minecraftforge.fml.javafmlmod.AutomaticEventSubscriber/LOADING]: Auto-subscribing net.mcreator.iheardittooremastered.command.SpawnsCommand to FORGE
[15Aug2026 23:32:58.016] [modloading-worker-0/DEBUG] [net.minecraftforge.fml.javafmlmod.AutomaticEventSubscriber/LOADING]: Auto-subscribing net.mcreator.iheardittooremastered.StoryPhoneAdminCommands to FORGE
[15Aug2026 23:32:58.019] [modloading-worker-0/DEBUG] [net.minecraftforge.fml.javafmlmod.AutomaticEventSubscriber/LOADING]: Auto-subscribing net.mcreator.iheardittooremastered.SpawnerAdminCommands to FORGE
[15Aug2026 23:32:58.020] [modloading-worker-0/DEBUG] [net.minecraftforge.fml.javafmlmod.AutomaticEventSubscriber/LOADING]: Auto-subscribing net.mcreator.iheardittooremastered.MaternalWraithSpawnHandler to FORGE
[15Aug2026 23:32:58.022] [modloading-worker-0/DEBUG] [net.minecraftforge.fml.javafmlmod.AutomaticEventSubscriber/LOADING]: Auto-subscribing net.mcreator.iheardittooremastered.Ihitdevmode to FORGE
[15Aug2026 23:32:58.049] [modloading-worker-0/INFO] [dev.architectury.networking.forge.NetworkManagerImpl/]: Registering C2S receiver with id magistuarmory:packet_long_reach_attack
[15Aug2026 23:32:58.050] [modloading-worker-0/INFO] [dev.architectury.networking.forge.NetworkManagerImpl/]: Registering C2S receiver with id magistuarmory:packet_lance_collision
[15Aug2026 23:32:58.069] [modloading-worker-0/INFO] [STDOUT/]: [com.magistuarmory.item.armor.ArmorType:<init>:64]: magistuarmory:minicrown
[15Aug2026 23:32:58.070] [modloading-worker-0/INFO] [STDOUT/]: [com.magistuarmory.item.armor.ArmorType:<init>:64]: magistuarmory:crown
[15Aug2026 23:32:58.071] [modloading-worker-0/INFO] [STDOUT/]: [com.magistuarmory.item.armor.ArmorType:<init>:64]: magistuarmory:flowercrown
[15Aug2026 23:32:58.071] [modloading-worker-0/INFO] [STDOUT/]: [com.magistuarmory.item.armor.ArmorType:<init>:64]: minecraft:default
[15Aug2026 23:32:58.071] [modloading-worker-0/INFO] [STDOUT/]: [com.magistuarmory.item.armor.ArmorType:<init>:64]: magistuarmory:armet
[15Aug2026 23:32:58.072] [modloading-worker-0/INFO] [STDOUT/]: [com.magistuarmory.item.armor.ArmorType:<init>:64]: magistuarmory:stechhelm
[15Aug2026 23:32:58.072] [modloading-worker-0/INFO] [STDOUT/]: [com.magistuarmory.item.armor.ArmorType:<init>:64]: minecraft:default
[15Aug2026 23:32:58.073] [modloading-worker-0/INFO] [STDOUT/]: [com.magistuarmory.item.armor.ArmorType:<init>:64]: magistuarmory:sallet
[15Aug2026 23:32:58.074] [modloading-worker-0/INFO] [STDOUT/]: [com.magistuarmory.item.armor.ArmorType:<init>:64]: minecraft:default
[15Aug2026 23:32:58.074] [modloading-worker-0/INFO] [STDOUT/]: [com.magistuarmory.item.armor.ArmorType:<init>:64]: magistuarmory:maximilian_helmet
[15Aug2026 23:32:58.074] [modloading-worker-0/INFO] [STDOUT/]: [com.magistuarmory.item.armor.ArmorType:<init>:64]: minecraft:default
[15Aug2026 23:32:58.074] [modloading-worker-0/INFO] [STDOUT/]: [com.magistuarmory.item.armor.ArmorType:<init>:64]: minecraft:default
[15Aug2026 23:32:58.075] [modloading-worker-0/INFO] [STDOUT/]: [com.magistuarmory.item.armor.ArmorType:<init>:64]: magistuarmory:kettlehat
[15Aug2026 23:32:58.075] [modloading-worker-0/INFO] [STDOUT/]: [com.magistuarmory.item.armor.ArmorType:<init>:64]: minecraft:default
[15Aug2026 23:32:58.077] [modloading-worker-0/INFO] [STDOUT/]: [com.magistuarmory.item.armor.ArmorType:<init>:64]: magistuarmory:barbute
[15Aug2026 23:32:58.078] [modloading-worker-0/INFO] [STDOUT/]: [com.magistuarmory.item.armor.ArmorType:<init>:64]: minecraft:default
[15Aug2026 23:32:58.078] [modloading-worker-0/INFO] [STDOUT/]: [com.magistuarmory.item.armor.ArmorType:<init>:64]: magistuarmory:crusader
[15Aug2026 23:32:58.078] [modloading-worker-0/INFO] [STDOUT/]: [com.magistuarmory.item.armor.ArmorType:<init>:64]: minecraft:default
[15Aug2026 23:32:58.078] [modloading-worker-0/INFO] [STDOUT/]: [com.magistuarmory.item.armor.ArmorType:<init>:64]: minecraft:default
[15Aug2026 23:32:58.078] [modloading-worker-0/INFO] [STDOUT/]: [com.magistuarmory.item.armor.ArmorType:<init>:64]: minecraft:default
[15Aug2026 23:32:58.079] [modloading-worker-0/INFO] [STDOUT/]: [com.magistuarmory.item.armor.ArmorType:<init>:64]: magistuarmory:armet
[15Aug2026 23:32:58.079] [modloading-worker-0/INFO] [STDOUT/]: [com.magistuarmory.item.armor.ArmorType:<init>:64]: minecraft:default
[15Aug2026 23:32:58.080] [modloading-worker-0/INFO] [STDOUT/]: [com.magistuarmory.item.armor.ArmorType:<init>:64]: magistuarmory:conic_helmet
[15Aug2026 23:32:58.080] [modloading-worker-0/INFO] [STDOUT/]: [com.magistuarmory.item.armor.ArmorType:<init>:64]: magistuarmory:conic_helmet
[15Aug2026 23:32:58.080] [modloading-worker-0/INFO] [STDOUT/]: [com.magistuarmory.item.armor.ArmorType:<init>:64]: magistuarmory:barbute
[15Aug2026 23:32:58.082] [modloading-worker-0/INFO] [STDOUT/]: [com.magistuarmory.item.armor.ArmorType:<init>:64]: minecraft:default
[15Aug2026 23:32:58.083] [modloading-worker-0/INFO] [STDOUT/]: [com.magistuarmory.item.armor.ArmorType:<init>:64]: minecraft:default
[15Aug2026 23:32:58.083] [modloading-worker-0/INFO] [STDOUT/]: [com.magistuarmory.item.armor.ArmorType:<init>:64]: magistuarmory:kettlehat
[15Aug2026 23:32:58.083] [modloading-worker-0/INFO] [STDOUT/]: [com.magistuarmory.item.armor.ArmorType:<init>:64]: magistuarmory:conic_helmet
[15Aug2026 23:32:58.083] [modloading-worker-0/INFO] [STDOUT/]: [com.magistuarmory.item.armor.ArmorType:<init>:64]: magistuarmory:crusader
[15Aug2026 23:32:58.083] [modloading-worker-0/INFO] [STDOUT/]: [com.magistuarmory.item.armor.ArmorType:<init>:64]: minecraft:default
[15Aug2026 23:32:58.083] [modloading-worker-0/INFO] [STDOUT/]: [com.magistuarmory.item.armor.ArmorType:<init>:64]: magistuarmory:bascinet
[15Aug2026 23:32:58.084] [modloading-worker-0/INFO] [STDOUT/]: [com.magistuarmory.item.armor.ArmorType:<init>:64]: minecraft:default
[15Aug2026 23:32:58.084] [modloading-worker-0/INFO] [STDOUT/]: [com.magistuarmory.item.armor.ArmorType:<init>:64]: magistuarmory:wingedhussarchestplate
[15Aug2026 23:32:58.084] [modloading-worker-0/INFO] [STDOUT/]: [com.magistuarmory.item.armor.ArmorType:<init>:64]: minecraft:default
[15Aug2026 23:32:58.085] [modloading-worker-0/INFO] [STDOUT/]: [com.magistuarmory.item.armor.ArmorType:<init>:64]: minecraft:default
[15Aug2026 23:32:58.085] [modloading-worker-0/INFO] [STDOUT/]: [com.magistuarmory.item.armor.ArmorType:<init>:64]: magistuarmory:grand_bascinet
[15Aug2026 23:32:58.085] [modloading-worker-0/INFO] [STDOUT/]: [com.magistuarmory.item.armor.ArmorType:<init>:64]: minecraft:default
[15Aug2026 23:32:58.092] [modloading-worker-0/DEBUG] [mixin/]: Mixing MixinLootDataManager from architectury.mixins.json into net.minecraft.world.level.storage.loot.LootDataManager
[15Aug2026 23:32:58.093] [modloading-worker-0/DEBUG] [mixin/]: Mixing LootDataManagerForgeMixin from puzzleslib.forge.mixins.json into net.minecraft.world.level.storage.loot.LootDataManager
[15Aug2026 23:32:58.143] [modloading-worker-0/DEBUG] [net.minecraftforge.fml.javafmlmod.AutomaticEventSubscriber/LOADING]: Attempting to inject @EventBusSubscriber classes into the eventbus for epic_knights_ice_and_fire
[15Aug2026 23:32:58.148] [modloading-worker-0/DEBUG] [net.minecraftforge.fml.javafmlmod.AutomaticEventSubscriber/LOADING]: Attempting to inject @EventBusSubscriber classes into the eventbus for magistuarmory
[15Aug2026 23:32:58.149] [main/DEBUG] [net.minecraftforge.fml.DeferredWorkQueue/LOADING]: Dispatching synchronous work for work queue CONSTRUCT: 1 jobs
[15Aug2026 23:32:58.150] [main/DEBUG] [net.minecraftforge.fml.config.ConfigTracker/CONFIG]: Config file ConfigureHorrorMod.toml for i_heard_it_too_remastered tracking
[15Aug2026 23:32:58.151] [main/DEBUG] [net.minecraftforge.fml.DeferredWorkQueue/LOADING]: Synchronous work queue completed in 1.193 ms
[15Aug2026 23:32:58.764] [main/DEBUG] [net.minecraftforge.common.capabilities.CapabilityManager/CAPABILITIES]: Attempting to automatically register: Lcom/tiviacz/travelersbackpack/capability/ITravelersBackpack;
[15Aug2026 23:32:58.764] [main/DEBUG] [net.minecraftforge.common.capabilities.CapabilityManager/CAPABILITIES]: Attempting to automatically register: Lnet/minecraftforge/energy/IEnergyStorage;
[15Aug2026 23:32:58.764] [main/DEBUG] [net.minecraftforge.common.capabilities.CapabilityManager/CAPABILITIES]: Attempting to automatically register: Lnet/minecraftforge/fluids/capability/IFluidHandler;
[15Aug2026 23:32:58.764] [main/DEBUG] [net.minecraftforge.common.capabilities.CapabilityManager/CAPABILITIES]: Attempting to automatically register: Lnet/minecraftforge/fluids/capability/IFluidHandlerItem;
[15Aug2026 23:32:58.764] [main/DEBUG] [net.minecraftforge.common.capabilities.CapabilityManager/CAPABILITIES]: Attempting to automatically register: Lnet/minecraftforge/items/IItemHandler;
[15Aug2026 23:32:59.815] [main/DEBUG] [mixin/]: Mixing perf.faster_ingredients.ForgeHooksMixin from modernfix-modernfix.mixins.json into net.minecraftforge.common.ForgeHooks
[15Aug2026 23:32:59.831] [main/DEBUG] [mixin/]: Mixing perf.attribute_supplier_dedup.AttributeSupplierMixin from modernfix-modernfix.mixins.json into net.minecraft.world.entity.ai.attributes.AttributeSupplier
[15Aug2026 23:32:59.849] [main/DEBUG] [mixin/]: Mixing perf.attribute_supplier_dedup.AttributeSupplierBuilderMixin from modernfix-modernfix.mixins.json into net.minecraft.world.entity.ai.attributes.AttributeSupplier$Builder
[15Aug2026 23:32:59.849] [main/DEBUG] [mixin/]: Renaming synthetic method lambda$deduplicateInstances$0(Lnet/minecraft/world/entity/ai/attributes/Attribute;Lnet/minecraft/world/entity/ai/attributes/AttributeInstance;)Lnet/minecraft/world/entity/ai/attributes/AttributeInstance; to md61d6a6$lambda$deduplicateInstances$0$0 in modernfix-modernfix.mixins.json:perf.attribute_supplier_dedup.AttributeSupplierBuilderMixin
[15Aug2026 23:32:59.861] [main/DEBUG] [io.netty.util.internal.InternalThreadLocalMap/]: -Dio.netty.threadLocalMap.stringBuilder.initialSize: 1024
[15Aug2026 23:32:59.861] [main/DEBUG] [io.netty.util.internal.InternalThreadLocalMap/]: -Dio.netty.threadLocalMap.stringBuilder.maxSize: 4096
[15Aug2026 23:32:59.862] [main/DEBUG] [io.netty.util.internal.ThreadLocalRandom/]: -Dio.netty.initialSeedUniquifier: 0x97dcfd3ff37e1f63
[15Aug2026 23:32:59.866] [main/DEBUG] [net.minecraftforge.coremod.transformer.CoreModBaseTransformer/COREMOD]: Transforming net/minecraft/world/entity/raid/Raid
[15Aug2026 23:32:59.879] [main/DEBUG] [mixin/]: Mixing ai.raid.RaidMixin from lithium.mixins.json into net.minecraft.world.entity.raid.Raid
[15Aug2026 23:32:59.880] [main/DEBUG] [mixin/]: lithium.mixins.json:ai.raid.RaidMixin: Class version 61 required is higher than the class version supported by the current version of Mixin (JAVA_16 supports class version 60)
[15Aug2026 23:32:59.881] [main/DEBUG] [mixin/]: Mixing MixinRaid from paraglider.mixins.json into net.minecraft.world.entity.raid.Raid
[15Aug2026 23:32:59.959] [main/DEBUG] [ModernFix/]: Removed 3818 redundant object holders
[15Aug2026 23:33:00.162] [main/DEBUG] [net.minecraftforge.fml.config.ConfigTracker/CONFIG]: Loading configs type COMMON
[15Aug2026 23:33:00.163] [main/DEBUG] [net.minecraftforge.fml.config.ConfigFileTypeHandler/CONFIG]: Built TOML config for /workspaces/server/servidor_minecraft/config/modernfix-common.toml
[15Aug2026 23:33:00.163] [main/DEBUG] [net.minecraftforge.fml.config.ConfigFileTypeHandler/CONFIG]: Loaded TOML config file /workspaces/server/servidor_minecraft/config/modernfix-common.toml
[15Aug2026 23:33:00.168] [main/DEBUG] [net.minecraftforge.fml.config.ConfigFileTypeHandler/CONFIG]: Watching TOML config file /workspaces/server/servidor_minecraft/config/modernfix-common.toml for changes
[15Aug2026 23:33:00.170] [main/DEBUG] [net.minecraftforge.fml.config.ConfigFileTypeHandler/CONFIG]: Built TOML config for /workspaces/server/servidor_minecraft/config/citadel-common.toml
[15Aug2026 23:33:00.170] [main/DEBUG] [net.minecraftforge.fml.config.ConfigFileTypeHandler/CONFIG]: Loaded TOML config file /workspaces/server/servidor_minecraft/config/citadel-common.toml
[15Aug2026 23:33:00.170] [main/DEBUG] [net.minecraftforge.fml.config.ConfigFileTypeHandler/CONFIG]: Watching TOML config file /workspaces/server/servidor_minecraft/config/citadel-common.toml for changes
[15Aug2026 23:33:00.171] [main/DEBUG] [net.minecraftforge.fml.config.ConfigFileTypeHandler/CONFIG]: Built TOML config for /workspaces/server/servidor_minecraft/config/travelersbackpack-common.toml
[15Aug2026 23:33:00.171] [main/DEBUG] [net.minecraftforge.fml.config.ConfigFileTypeHandler/CONFIG]: Loaded TOML config file /workspaces/server/servidor_minecraft/config/travelersbackpack-common.toml
[15Aug2026 23:33:00.172] [main/DEBUG] [net.minecraftforge.fml.config.ConfigFileTypeHandler/CONFIG]: Watching TOML config file /workspaces/server/servidor_minecraft/config/travelersbackpack-common.toml for changes
[15Aug2026 23:33:00.172] [main/DEBUG] [net.minecraftforge.fml.config.ConfigFileTypeHandler/CONFIG]: Built TOML config for /workspaces/server/servidor_minecraft/config/waystones-common.toml
[15Aug2026 23:33:00.174] [main/DEBUG] [net.minecraftforge.fml.config.ConfigFileTypeHandler/CONFIG]: Loaded TOML config file /workspaces/server/servidor_minecraft/config/waystones-common.toml
[15Aug2026 23:33:00.174] [main/DEBUG] [net.minecraftforge.fml.config.ConfigFileTypeHandler/CONFIG]: Watching TOML config file /workspaces/server/servidor_minecraft/config/waystones-common.toml for changes
[15Aug2026 23:33:00.180] [main/DEBUG] [net.minecraftforge.fml.config.ConfigFileTypeHandler/CONFIG]: Built TOML config for /workspaces/server/servidor_minecraft/config/alexsmobs.toml
[15Aug2026 23:33:00.184] [main/DEBUG] [net.minecraftforge.fml.config.ConfigFileTypeHandler/CONFIG]: Loaded TOML config file /workspaces/server/servidor_minecraft/config/alexsmobs.toml
[15Aug2026 23:33:00.184] [main/DEBUG] [net.minecraftforge.fml.config.ConfigFileTypeHandler/CONFIG]: Watching TOML config file /workspaces/server/servidor_minecraft/config/alexsmobs.toml for changes
[15Aug2026 23:33:00.275] [main/DEBUG] [net.minecraftforge.fml.config.ConfigFileTypeHandler/CONFIG]: Built TOML config for /workspaces/server/servidor_minecraft/config/iceandfire-common.toml
[15Aug2026 23:33:00.277] [main/DEBUG] [net.minecraftforge.fml.config.ConfigFileTypeHandler/CONFIG]: Loaded TOML config file /workspaces/server/servidor_minecraft/config/iceandfire-common.toml
[15Aug2026 23:33:00.277] [main/DEBUG] [net.minecraftforge.fml.config.ConfigFileTypeHandler/CONFIG]: Watching TOML config file /workspaces/server/servidor_minecraft/config/iceandfire-common.toml for changes
[15Aug2026 23:33:00.333] [main/DEBUG] [net.minecraftforge.fml.config.ConfigFileTypeHandler/CONFIG]: Built TOML config for /workspaces/server/servidor_minecraft/config/carryon-common.toml
[15Aug2026 23:33:00.334] [main/DEBUG] [net.minecraftforge.fml.config.ConfigFileTypeHandler/CONFIG]: Loaded TOML config file /workspaces/server/servidor_minecraft/config/carryon-common.toml
[15Aug2026 23:33:00.334] [main/DEBUG] [net.minecraftforge.fml.config.ConfigFileTypeHandler/CONFIG]: Watching TOML config file /workspaces/server/servidor_minecraft/config/carryon-common.toml for changes
[15Aug2026 23:33:00.388] [main/DEBUG] [net.minecraftforge.fml.config.ConfigFileTypeHandler/CONFIG]: Built TOML config for /workspaces/server/servidor_minecraft/config/vm-common.toml
[15Aug2026 23:33:00.389] [main/DEBUG] [net.minecraftforge.fml.config.ConfigFileTypeHandler/CONFIG]: Loaded TOML config file /workspaces/server/servidor_minecraft/config/vm-common.toml
[15Aug2026 23:33:00.389] [main/DEBUG] [net.minecraftforge.fml.config.ConfigFileTypeHandler/CONFIG]: Watching TOML config file /workspaces/server/servidor_minecraft/config/vm-common.toml for changes
[15Aug2026 23:33:00.392] [main/WARN] [com.lupicus.vm.config.MyConfig/]: Unknown entry in ExcludeMods: botania
[15Aug2026 23:33:00.392] [main/WARN] [com.lupicus.vm.config.MyConfig/]: Unknown entry in ExcludeMods: draconicevolution
[15Aug2026 23:33:00.393] [main/WARN] [com.lupicus.vm.config.MyConfig/]: Unknown entry in ExcludeMods: avaritia
[15Aug2026 23:33:00.394] [main/DEBUG] [net.minecraftforge.fml.config.ConfigFileTypeHandler/CONFIG]: Built TOML config for /workspaces/server/servidor_minecraft/config/nyfsspiders.toml
[15Aug2026 23:33:00.394] [main/DEBUG] [net.minecraftforge.fml.config.ConfigFileTypeHandler/CONFIG]: Loaded TOML config file /workspaces/server/servidor_minecraft/config/nyfsspiders.toml
[15Aug2026 23:33:00.394] [main/DEBUG] [net.minecraftforge.fml.config.ConfigFileTypeHandler/CONFIG]: Watching TOML config file /workspaces/server/servidor_minecraft/config/nyfsspiders.toml for changes
[15Aug2026 23:33:00.395] [main/DEBUG] [net.minecraftforge.fml.config.ConfigFileTypeHandler/CONFIG]: Built TOML config for /workspaces/server/servidor_minecraft/config/curios-common.toml
[15Aug2026 23:33:00.395] [main/DEBUG] [net.minecraftforge.fml.config.ConfigFileTypeHandler/CONFIG]: Loaded TOML config file /workspaces/server/servidor_minecraft/config/curios-common.toml
[15Aug2026 23:33:00.395] [main/DEBUG] [net.minecraftforge.fml.config.ConfigFileTypeHandler/CONFIG]: Watching TOML config file /workspaces/server/servidor_minecraft/config/curios-common.toml for changes
[15Aug2026 23:33:00.396] [main/DEBUG] [net.minecraftforge.fml.config.ConfigFileTypeHandler/CONFIG]: Built TOML config for /workspaces/server/servidor_minecraft/config/storagedrawers-common.v2.toml
[15Aug2026 23:33:00.397] [main/DEBUG] [net.minecraftforge.fml.config.ConfigFileTypeHandler/CONFIG]: Loaded TOML config file /workspaces/server/servidor_minecraft/config/storagedrawers-common.v2.toml
[15Aug2026 23:33:00.397] [main/DEBUG] [net.minecraftforge.fml.config.ConfigFileTypeHandler/CONFIG]: Watching TOML config file /workspaces/server/servidor_minecraft/config/storagedrawers-common.v2.toml for changes
[15Aug2026 23:33:00.399] [main/DEBUG] [net.minecraftforge.fml.config.ConfigFileTypeHandler/CONFIG]: Built TOML config for /workspaces/server/servidor_minecraft/config/paraglider-player-states.toml
[15Aug2026 23:33:00.400] [main/DEBUG] [net.minecraftforge.fml.config.ConfigFileTypeHandler/CONFIG]: Loaded TOML config file /workspaces/server/servidor_minecraft/config/paraglider-player-states.toml
[15Aug2026 23:33:00.400] [main/DEBUG] [net.minecraftforge.fml.config.ConfigFileTypeHandler/CONFIG]: Watching TOML config file /workspaces/server/servidor_minecraft/config/paraglider-player-states.toml for changes
[15Aug2026 23:33:00.401] [main/DEBUG] [net.minecraftforge.fml.config.ConfigFileTypeHandler/CONFIG]: Built TOML config for /workspaces/server/servidor_minecraft/config/paraglider-common.toml
[15Aug2026 23:33:00.402] [main/DEBUG] [net.minecraftforge.fml.config.ConfigFileTypeHandler/CONFIG]: Loaded TOML config file /workspaces/server/servidor_minecraft/config/paraglider-common.toml
[15Aug2026 23:33:00.402] [main/DEBUG] [net.minecraftforge.fml.config.ConfigFileTypeHandler/CONFIG]: Watching TOML config file /workspaces/server/servidor_minecraft/config/paraglider-common.toml for changes
[15Aug2026 23:33:00.402] [main/DEBUG] [net.minecraftforge.fml.config.ConfigFileTypeHandler/CONFIG]: Built TOML config for /workspaces/server/servidor_minecraft/config/ConfigureHorrorMod.toml
[15Aug2026 23:33:00.403] [main/DEBUG] [net.minecraftforge.fml.config.ConfigFileTypeHandler/CONFIG]: Loaded TOML config file /workspaces/server/servidor_minecraft/config/ConfigureHorrorMod.toml
[15Aug2026 23:33:00.404] [main/DEBUG] [net.minecraftforge.fml.config.ConfigFileTypeHandler/CONFIG]: Watching TOML config file /workspaces/server/servidor_minecraft/config/ConfigureHorrorMod.toml for changes
[15Aug2026 23:33:00.556] [modloading-worker-0/INFO] [xaero.lib.XaeroLib/]: Loading XaeroLib common 1/2!
[15Aug2026 23:33:00.567] [modloading-worker-0/DEBUG] [ModernFix/]: Cleared 3235 object holder stacktrace references
[15Aug2026 23:33:00.586] [Forge Version Check/INFO] [net.minecraftforge.fml.VersionChecker/]: [radium] Starting version check at https://api.modrinth.com/updates/radium/forge_updates.json
[15Aug2026 23:33:00.598] [modloading-worker-0/INFO] [voicechat/]: [voicechat] Compatibility version 20
[15Aug2026 23:33:00.648] [modloading-worker-0/DEBUG] [mixin/]: Mixing MixinSlotAttribute from curios.mixins.json into top.theillusivec4.curios.api.SlotAttribute
[15Aug2026 23:33:00.650] [modloading-worker-0/DEBUG] [mixin/]: Mixing MixinCuriosApi from curios.mixins.json into top.theillusivec4.curios.api.CuriosApi
[15Aug2026 23:33:00.669] [modloading-worker-0/INFO] [voicechat/]: [voicechat] Loading plugins
[15Aug2026 23:33:00.675] [modloading-worker-0/INFO] [voicechat/]: [voicechat] Loaded 1 plugin(s)
[15Aug2026 23:33:00.675] [modloading-worker-0/INFO] [voicechat/]: [voicechat] Initializing plugins
[15Aug2026 23:33:00.686] [modloading-worker-0/DEBUG] [Collective/]: Registering packet collective:collective_installed_packet : class com.natamus.collective_common_forge.networking.packets.CollectiveInstalledPacket on the: SERVER
[15Aug2026 23:33:00.686] [modloading-worker-0/DEBUG] [Collective/]: Registering packet collective:entity_data_sync : class com.natamus.collective_common_forge.networking.packets.EntityDataSyncPacket on the: SERVER
[15Aug2026 23:33:00.686] [modloading-worker-0/INFO] [Sound Physics - General/]: Initializing Simple Voice Chat integration
[15Aug2026 23:33:00.687] [modloading-worker-0/INFO] [voicechat/]: [voicechat] Initialized 1 plugin(s)
[15Aug2026 23:33:00.695] [modloading-worker-0/INFO] [voicechat/]: [voicechat] Registering events for 'sound_physics_remastered'
[15Aug2026 23:33:00.696] [modloading-worker-0/INFO] [com.jaquadro.minecraft.storagedrawers.ModServices/]: New compacting rule 4 clay_ball = 1 clay
[15Aug2026 23:33:00.697] [modloading-worker-0/INFO] [com.jaquadro.minecraft.storagedrawers.ModServices/]: New compacting rule 4 snowball = 1 snow_block
[15Aug2026 23:33:00.699] [modloading-worker-0/INFO] [com.jaquadro.minecraft.storagedrawers.ModServices/]: New compacting rule 4 glowstone_dust = 1 glowstone
[15Aug2026 23:33:00.700] [modloading-worker-0/INFO] [com.jaquadro.minecraft.storagedrawers.ModServices/]: New compacting rule 4 brick = 1 bricks
[15Aug2026 23:33:00.700] [modloading-worker-0/INFO] [com.jaquadro.minecraft.storagedrawers.ModServices/]: New compacting rule 4 nether_brick = 1 nether_bricks
[15Aug2026 23:33:00.701] [modloading-worker-0/INFO] [com.jaquadro.minecraft.storagedrawers.ModServices/]: New compacting rule 9 nether_wart = 1 nether_wart_block
[15Aug2026 23:33:00.701] [modloading-worker-0/INFO] [com.jaquadro.minecraft.storagedrawers.ModServices/]: New compacting rule 4 quartz = 1 quartz_block
[15Aug2026 23:33:00.701] [modloading-worker-0/INFO] [com.jaquadro.minecraft.storagedrawers.ModServices/]: New compacting rule 9 melon_slice = 1 melon
[15Aug2026 23:33:00.702] [modloading-worker-0/INFO] [com.jaquadro.minecraft.storagedrawers.ModServices/]: New compacting rule 9 bamboo = 1 bamboo_block
[15Aug2026 23:33:00.702] [modloading-worker-0/INFO] [com.jaquadro.minecraft.storagedrawers.ModServices/]: New compacting rule 4 clay_ball = 1 clay
[15Aug2026 23:33:00.707] [modloading-worker-0/INFO] [com.jaquadro.minecraft.storagedrawers.ModServices/]: New denied storage item creative_vending_upgrade
[15Aug2026 23:33:00.713] [modloading-worker-0/INFO] [com.jaquadro.minecraft.storagedrawers.ModServices/]: Adding ore conversions for types: forge:storage_blocks, forge:ingots, forge:nuggets
[15Aug2026 23:33:00.713] [modloading-worker-0/INFO] [com.jaquadro.minecraft.storagedrawers.ModServices/]: Adding ore conversions for materials: aluminum, constantan, steel, uranium, invar, tin, lead, silver, platinum, nickel, osmium, bronze, electrum
[15Aug2026 23:33:00.783] [Forge Version Check/DEBUG] [net.minecraftforge.fml.VersionChecker/]: [radium] Received version check data:
{"homepage":"https://modrinth.com/mod/radium","promos":{"1.20.1-latest":"0.12.4","1.20-latest":"1.20-0.11.2","1.20.1-recommended":"0.12.4"}}
[15Aug2026 23:33:00.784] [Forge Version Check/INFO] [net.minecraftforge.fml.VersionChecker/]: [radium] Found status: AHEAD Current: 0.12.4+git.26c9d8e Target: null
[15Aug2026 23:33:00.784] [Forge Version Check/INFO] [net.minecraftforge.fml.VersionChecker/]: [mr_epic_structuresvillages] Starting version check at https://api.modrinth.com/updates/4OeMBkiG/forge_updates.json
[15Aug2026 23:33:00.850] [Forge Version Check/DEBUG] [net.minecraftforge.fml.VersionChecker/]: [mr_epic_structuresvillages] Received version check data:
{"homepage":"https://modrinth.com/mod/4OeMBkiG","promos":{"1.20.4-recommended":"1.3.3","1.20-recommended":"1.3.3","26.2-recommended":"1.3.3","1.20.1-latest":"1.3.3","1.20.2-latest":"1.3.3","1.21-latest":"1.3.3","1.21.6-recommended":"1.3.3","1.21.4-latest":"1.3.3","1.19-recommended":"1.3.3","1.20-latest":"1.3.3","1.21.9-latest":"1.3.3","1.21.11-recommended":"1.3.3","26.1.2-recommended":"1.3.3","1.20.2-recommended":"1.3.3","1.19.1-latest":"1.3.3","1.21.10-latest":"1.3.3","1.21.11-latest":"1.3.3","1.21.2-latest":"1.3.3","1.19.4-recommended":"1.3.3","1.19-latest":"1.3.3","26.1.1-latest":"1.3.3","1.21.6-latest":"1.3.3","1.21-recommended":"1.3.3","1.19.3-recommended":"1.3.3","1.21.2-recommended":"1.3.3","1.19.2-latest":"1.3.3","1.19.1-recommended":"1.3.3","1.21.1-recommended":"1.3.3","1.21.3-recommended":"1.3.3","1.19.2-recommended":"1.3.3","26.1-recommended":"1.3.3","1.21.8-recommended":"1.3.3","1.21.10-recommended":"1.3.3","1.20.3-latest":"1.3.3","1.21.8-latest":"1.3.3","26.1.1-recommended":"1.3.3","1.20.3-recommended":"1.3.3","1.20.6-recommended":"1.3.3","1.20.5-latest":"1.3.3","1.21.5-latest":"1.3.3","1.21.4-recommended":"1.3.3","26.1-latest":"1.3.3","26.1.2-latest":"1.3.3","1.21.9-recommended":"1.3.3","1.21.7-recommended":"1.3.3","26.2-latest":"1.3.3","1.20.5-recommended":"1.3.3","1.19.4-latest":"1.3.3","1.20.6-latest":"1.3.3","1.20.4-latest":"1.3.3","1.20.1-recommended":"1.3.3","1.19.3-latest":"1.3.3","1.21.1-latest":"1.3.3","1.21.3-latest":"1.3.3","1.21.7-latest":"1.3.3","1.21.5-recommended":"1.3.3"}}
[15Aug2026 23:33:00.850] [Forge Version Check/INFO] [net.minecraftforge.fml.VersionChecker/]: [mr_epic_structuresvillages] Found status: OUTDATED Current: 1.3.0 Target: 1.3.3
[15Aug2026 23:33:00.851] [Forge Version Check/INFO] [net.minecraftforge.fml.VersionChecker/]: [visualworkbench] Starting version check at https://raw.githubusercontent.com/Fuzss/modresources/main/update/visualworkbench.json
[15Aug2026 23:33:00.901] [Forge Version Check/DEBUG] [net.minecraftforge.fml.VersionChecker/]: [visualworkbench] Received version check data:
{
    "homepage": "https://www.curseforge.com/minecraft/mc-mods/visual-workbench",
    "promos": {
        "1.17.1-latest": "2.0.0",
        "1.17.1-recommended": "2.0.0",
        "1.18-latest": "3.1.0",
        "1.18-recommended": "3.1.0",
        "1.18.1-latest": "3.1.0",
        "1.18.1-recommended": "3.1.0",
        "1.18.2-latest": "3.3.0",
        "1.18.2-recommended": "3.3.0",
        "1.19-latest": "4.0.0",
        "1.19-recommended": "4.0.0",
        "1.19.1-latest": "4.2.4",
        "1.19.1-recommended": "4.2.4",
        "1.19.2-latest": "4.2.4",
        "1.19.2-recommended": "4.2.4",
        "1.19.3-latest": "5.0.0",
        "1.19.3-recommended": "5.0.0",
        "1.19.4-latest": "6.0.1",
        "1.19.4-recommended": "6.0.1",
        "1.20-latest": "7.0.0",
        "1.20-recommended": "7.0.0",
        "1.20.1-latest": "8.0.1",
        "1.20.1-recommended": "8.0.1",
        "1.20.4-latest": "20.4.2",
        "1.20.4-recommended": "20.4.2",
        "1.21-latest": "21.0.5",
        "1.21-recommended": "21.0.5",
        "1.21.1-latest": "21.1.1",
        "1.21.1-recommended": "21.1.1",
        "1.21.3-latest": "21.3.0",
        "1.21.3-recommended": "21.3.0",
        "1.21.4-latest": "21.4.1",
        "1.21.4-recommended": "21.4.1",
        "1.21.5-latest": "21.5.0",
        "1.21.5-recommended": "21.5.0",
        "1.21.6-latest": "21.6.0",
        "1.21.6-recommended": "21.6.0",
        "1.21.7-latest": "21.7.0",
        "1.21.7-recommended": "21.7.0",
        "1.21.8-latest": "21.8.1",
        "1.21.8-recommended": "21.8.1",
        "1.21.9-latest": "21.9.0",
        "1.21.9-recommended": "21.9.0",
        "1.21.10-latest": "21.10.0",
        "1.21.10-recommended": "21.10.0"
    }
}
[15Aug2026 23:33:00.902] [Forge Version Check/INFO] [net.minecraftforge.fml.VersionChecker/]: [visualworkbench] Found status: UP_TO_DATE Current: 8.0.1 Target: null
[15Aug2026 23:33:00.902] [Forge Version Check/INFO] [net.minecraftforge.fml.VersionChecker/]: [clumps] Starting version check at https://updates.blamejared.com/get?n=clumps&gv=1.20.1
[15Aug2026 23:33:01.069] [main/DEBUG] [net.minecraftforge.fml.DeferredWorkQueue/LOADING]: Dispatching synchronous work for work queue COMMON_SETUP: 17 jobs
[15Aug2026 23:33:01.073] [main/DEBUG] [ModernFix/]: Removed 0 redundant object holders
[15Aug2026 23:33:01.137] [main/INFO] [com.tiviacz.travelersbackpack.TravelersBackpack/]: Registered the FluidEffect with Unique ID of minecraft:water for Water (Fluid Amount Required: 1000) with the ID 0
[15Aug2026 23:33:01.137] [main/INFO] [com.tiviacz.travelersbackpack.TravelersBackpack/]: Registered the FluidEffect with Unique ID of minecraft:lava for Lava (Fluid Amount Required: 1000) with the ID 1
[15Aug2026 23:33:01.138] [main/INFO] [com.tiviacz.travelersbackpack.TravelersBackpack/]: Registered the FluidEffect with Unique ID of travelersbackpack:potion for Uncraftable Potion (Fluid Amount Required: 250) with the ID 2
[15Aug2026 23:33:01.138] [main/INFO] [com.tiviacz.travelersbackpack.TravelersBackpack/]: Registered the FluidEffect with Unique ID of minecraft:milk for Milk (Fluid Amount Required: 1000) with the ID 3
[15Aug2026 23:33:01.154] [main/DEBUG] [net.minecraftforge.fml.DeferredWorkQueue/LOADING]: Synchronous work queue completed in 85.20 ms
[15Aug2026 23:33:01.250] [Thread-0/INFO] [ModernFix/]: Please use /mfsrc to reload any changed mod config files
[15Aug2026 23:33:01.253] [Forge Version Check/DEBUG] [net.minecraftforge.fml.VersionChecker/]: [clumps] Received version check data:
{"homepage":"https://www.curseforge.com/minecraft/mc-mods/clumps","promos":{"1.20.1-latest":"12.0.0.4"}}
[15Aug2026 23:33:01.253] [Forge Version Check/INFO] [net.minecraftforge.fml.VersionChecker/]: [clumps] Found status: BETA Current: 12.0.0.4 Target: 12.0.0.4
[15Aug2026 23:33:01.253] [Forge Version Check/INFO] [net.minecraftforge.fml.VersionChecker/]: [mr_epicterrain] Starting version check at https://api.modrinth.com/updates/7qSJGSHp/forge_updates.json
[15Aug2026 23:33:01.255] [modloading-worker-0/INFO] [xaero.lib.XaeroLib/]: Loading XaeroLib server 1/2!
[15Aug2026 23:33:01.255] [modloading-worker-0/INFO] [xaero.map.server.WorldMapServer/]: Loading Xaero's World Map - Stage 1/2 (Server)
[15Aug2026 23:33:01.276] [Forge Version Check/DEBUG] [net.minecraftforge.fml.VersionChecker/]: [mr_epicterrain] Received version check data:
{"homepage":"https://modrinth.com/mod/7qSJGSHp","promos":{"1.20.4-latest":"0.3.0+mod","1.21.4-latest":"0.1.4+mod","1.21-latest":"0.1.4+mod","1.20.1-latest":"0.3.0+mod","1.20.2-latest":"0.3.0+mod","1.21.2-latest":"0.1.4+mod","1.20-latest":"0.3.0+mod","1.20.6-latest":"0.1.4+mod","1.21.1-latest":"0.1.4+mod","1.19.2-latest":"0.2.5+mod","1.21.3-latest":"0.1.4+mod","1.20.5-latest":"0.1.4+mod","1.19.3-latest":"0.2.5+mod","1.20.3-latest":"0.3.0+mod","1.19.4-latest":"0.2.5+mod"}}
[15Aug2026 23:33:01.276] [Forge Version Check/INFO] [net.minecraftforge.fml.VersionChecker/]: [mr_epicterrain] Found status: BETA_OUTDATED Current: 0.2.5 Target: 0.3.0+mod
[15Aug2026 23:33:01.276] [Forge Version Check/INFO] [net.minecraftforge.fml.VersionChecker/]: [mcwdoors] Starting version check at https://raw.githubusercontent.com/sketchmacaw/macawsmods/master/doors.json
[15Aug2026 23:33:01.280] [main/DEBUG] [net.minecraftforge.fml.DeferredWorkQueue/LOADING]: Dispatching synchronous work for work queue SIDED_SETUP: 2 jobs
[15Aug2026 23:33:01.280] [main/INFO] [xaero.map.server.WorldMapServer/]: Loading Xaero's World Map - Stage 2/2 (Server)
[15Aug2026 23:33:01.281] [main/INFO] [xaero.lib.XaeroLib/]: Loading XaeroLib common 2/2!
[15Aug2026 23:33:01.281] [main/INFO] [xaero.lib.XaeroLib/]: Loading XaeroLib server 2/2!
[15Aug2026 23:33:01.282] [main/DEBUG] [net.minecraftforge.fml.DeferredWorkQueue/LOADING]: Synchronous work queue completed in 1.274 ms
[15Aug2026 23:33:01.285] [Forge Version Check/DEBUG] [net.minecraftforge.fml.VersionChecker/]: [mcwdoors] Received version check data:
{
  "homepage": "https://www.curseforge.com/minecraft/mc-mods/macaws-doors",
  "promos": {
    "1.21.10-recommended": "1.1.2",
    "1.21.10-latest": "1.1.2",
    "1.21.9-recommended": "1.1.2",
    "1.21.9-latest": "1.1.2",
    "1.21.8-recommended": "1.1.2",
    "1.21.8-latest": "1.1.2",
    "1.21.7-recommended": "1.1.2",
    "1.21.7-latest": "1.1.2",
    "1.21.6-recommended": "1.1.2",
    "1.21.6-latest": "1.1.2",
    "1.21.5-recommended": "1.1.2",
    "1.21.5-latest": "1.1.2",
    "1.21.4-recommended": "1.1.2",
    "1.21.4-latest": "1.1.2",
    "1.21.3-recommended": "1.1.2",
    "1.21.3-latest": "1.1.2",
    "1.21.1-recommended": "1.1.2",
    "1.21.1-latest": "1.1.2",
    "1.21-recommended": "1.1.2",
    "1.21-latest": "1.1.2",
    "1.20.6-recommended": "1.1.2",
    "1.20.6-latest": "1.1.2",
    "1.20.4-recommended": "1.1.2",
    "1.20.4-latest": "1.1.2",
    "1.20.3-recommended": "1.1.2",
    "1.20.3-latest": "1.1.2",
    "1.20.2-recommended": "1.1.2",
    "1.20.2-latest": "1.1.2",
    "1.20.1-recommended": "1.1.2",
    "1.20.1-latest": "1.1.2",
    "1.20-recommended": "1.1.2",
    "1.20-latest": "1.1.2",
    "1.19.4-recommended": "1.1.2",
    "1.19.4-latest": "1.1.2",
    "1.19.3-recommended": "1.1.2",
    "1.19.3-latest": "1.1.2",
    "1.19.2-recommended": "1.1.2",
    "1.19.2-latest": "1.1.2",
    "1.19.1-recommended": "1.1.2",
    "1.19.1-latest": "1.1.2",
    "1.19-recommended": "1.1.2",
    "1.19-latest": "1.1.2",
    "1.18.2-recommended": "1.1.2",
    "1.18.2-latest": "1.1.2",
    "1.18.1-recommended": "1.1.2",
    "1.18.1-latest": "1.1.2",
    "1.17.1-recommended": "1.1.2",
    "1.17.1-latest": "1.1.2",
    "1.16.5-recommended": "1.1.2",
    "1.16.5-latest": "1.1.2",
    "1.15.2-latest": "1.0.3",
    "1.15.1-latest": "1.0.3",
    "1.14.4-latest": "1.0.3",
    "1.12.2-latest": "1.0.3",
    "1.15.2-recommended": "1.0.3",
    "1.15.1-recommended": "1.0.3",
    "1.14.4-recommended": "1.0.3",
    "1.12.2-recommended": "1.0.3"
  }
}
[15Aug2026 23:33:01.286] [Forge Version Check/INFO] [net.minecraftforge.fml.VersionChecker/]: [mcwdoors] Found status: UP_TO_DATE Current: 1.1.2 Target: null
[15Aug2026 23:33:01.286] [Forge Version Check/INFO] [net.minecraftforge.fml.VersionChecker/]: [puzzlesaccessapi] Starting version check at https://raw.githubusercontent.com/Fuzss/modresources/main/update/puzzlesaccessapi.json
[15Aug2026 23:33:01.296] [Forge Version Check/DEBUG] [net.minecraftforge.fml.VersionChecker/]: [puzzlesaccessapi] Received version check data:
{
    "homepage": "https://github.com/Fuzss/puzzlesaccessapi",
    "promos": {}
}
[15Aug2026 23:33:01.297] [Forge Version Check/INFO] [net.minecraftforge.fml.VersionChecker/]: [puzzlesaccessapi] Found status: BETA Current: 20.1.1 Target: null
[15Aug2026 23:33:01.297] [Forge Version Check/INFO] [net.minecraftforge.fml.VersionChecker/]: [forge] Starting version check at https://files.minecraftforge.net/net/minecraftforge/forge/promotions_slim.json
[15Aug2026 23:33:01.384] [Forge Version Check/DEBUG] [net.minecraftforge.fml.VersionChecker/]: [forge] Received version check data:
{
  "homepage": "https://files.minecraftforge.net/net/minecraftforge/forge/",
  "promos": {
    "1.1-latest": "1.3.4.29",
    "1.2.3-latest": "1.4.1.64",
    "1.2.4-latest": "2.0.0.68",
    "1.2.5-latest": "3.4.9.171",
    "1.3.2-latest": "4.3.5.318",
    "1.4.0-latest": "5.0.0.326",
    "1.4.1-latest": "6.0.0.329",
    "1.4.2-latest": "6.0.1.355",
    "1.4.3-latest": "6.2.1.358",
    "1.4.4-latest": "6.3.0.378",
    "1.4.5-latest": "6.4.2.448",
    "1.4.6-latest": "6.5.0.489",
    "1.4.7-latest": "6.6.2.534",
    "1.5-latest": "7.7.0.598",
    "1.5.1-latest": "7.7.2.682",
    "1.5.2-latest": "7.8.1.738",
    "1.5.2-recommended": "7.8.1.738",
    "1.6.1-latest": "8.9.0.775",
    "1.6.2-latest": "9.10.1.871",
    "1.6.2-recommended": "9.10.1.871",
    "1.6.3-latest": "9.11.0.878",
    "1.6.4-latest": "9.11.1.1345",
    "1.6.4-recommended": "9.11.1.1345",
    "1.7.2-latest": "10.12.2.1161",
    "1.7.2-recommended": "10.12.2.1161",
    "1.7.10-latest": "10.13.4.1614",
    "1.7.10-recommended": "10.13.4.1614",
    "1.8-latest": "11.14.4.1577",
    "1.8-recommended": "11.14.4.1563",
    "1.8.8-latest": "11.15.0.1655",
    "1.8.9-latest": "11.15.1.2318",
    "1.8.9-recommended": "11.15.1.2318",
    "1.9-latest": "12.16.1.1938",
    "1.9-recommended": "12.16.1.1887",
    "1.9.4-latest": "12.17.0.2317",
    "1.9.4-recommended": "12.17.0.2317",
    "1.10-latest": "12.18.0.2000",
    "1.10.2-latest": "12.18.3.2511",
    "1.10.2-recommended": "12.18.3.2511",
    "1.11-latest": "13.19.1.2199",
    "1.11-recommended": "13.19.1.2189",
    "1.11.2-latest": "13.20.1.2588",
    "1.11.2-recommended": "13.20.1.2588",
    "1.12-latest": "14.21.1.2443",
    "1.12-recommended": "14.21.1.2387",
    "1.12.1-latest": "14.22.1.2485",
    "1.12.1-recommended": "14.22.1.2478",
    "1.12.2-latest": "14.23.5.2864",
    "1.12.2-recommended": "14.23.5.2859",
    "1.13.2-latest": "25.0.223",
    "1.14.2-latest": "26.0.63",
    "1.14.3-latest": "27.0.60",
    "1.14.4-latest": "28.2.30",
    "1.14.4-recommended": "28.2.26",
    "1.15-latest": "29.0.4",
    "1.15.1-latest": "30.0.51",
    "1.15.2-latest": "31.2.62",
    "1.15.2-recommended": "31.2.57",
    "1.16.1-latest": "32.0.108",
    "1.16.2-latest": "33.0.61",
    "1.16.3-latest": "34.1.42",
    "1.16.3-recommended": "34.1.0",
    "1.16.4-latest": "35.1.37",
    "1.16.4-recommended": "35.1.4",
    "1.16.5-latest": "36.2.42",
    "1.16.5-recommended": "36.2.34",
    "1.17.1-latest": "37.1.1",
    "1.17.1-recommended": "37.1.1",
    "1.18-latest": "38.0.17",
    "1.18.1-latest": "39.1.2",
    "1.18.1-recommended": "39.1.0",
    "1.18.2-recommended": "40.3.0",
    "1.18.2-latest": "40.3.12",
    "1.19-latest": "41.1.0",
    "1.19-recommended": "41.1.0",
    "1.19.1-latest": "42.0.9",
    "1.19.2-recommended": "43.5.0",
    "1.19.2-latest": "43.5.2",
    "1.19.3-latest": "44.1.23",
    "1.19.3-recommended": "44.1.0",
    "1.19.4-recommended": "45.4.0",
    "1.19.4-latest": "45.4.3",
    "1.20-latest": "46.0.14",
    "1.20.1-recommended": "47.4.10",
    "1.20.1-latest": "47.4.22",
    "1.20.2-latest": "48.1.0",
    "1.20.2-recommended": "48.1.0",
    "1.20.3-latest": "49.0.2",
    "1.20.4-latest": "49.2.8",
    "1.20.4-recommended": "49.2.0",
    "1.20.6-latest": "50.2.10",
    "1.20.6-recommended": "50.2.0",
    "1.21-latest": "51.0.33",
    "1.21.1-latest": "52.1.16",
    "1.21.1-recommended": "52.1.0",
    "1.21.3-latest": "53.1.12",
    "1.21.3-recommended": "53.1.0",
    "1.21.4-latest": "54.1.18",
    "1.21.4-recommended": "54.1.14",
    "1.21.5-latest": "55.1.13",
    "1.21.5-recommended": "55.1.0",
    "1.21.6-latest": "56.0.9",
    "1.21.7-latest": "57.0.3",
    "1.21.8-latest": "58.1.22",
    "1.21.8-recommended": "58.1.0",
    "1.21.9-latest": "59.0.5",
    "1.21.10-latest": "60.1.15",
    "1.21.10-recommended": "60.1.0",
    "1.21.11-latest": "61.2.1",
    "1.21.11-recommended": "61.2.0",
    "26.1-latest": "62.0.9",
    "26.1.1-latest": "63.0.2",
    "26.1.2-latest": "64.1.1",
    "26.1.2-recommended": "64.1.0",
    "26.2-latest": "65.1.1",
    "26.2-recommended": "65.1.0"
  }
}
[15Aug2026 23:33:01.384] [Forge Version Check/INFO] [net.minecraftforge.fml.VersionChecker/]: [forge] Found status: OUTDATED Current: 47.3.7 Target: 47.4.10
[15Aug2026 23:33:01.385] [Forge Version Check/INFO] [net.minecraftforge.fml.VersionChecker/]: [corpse] Starting version check at https://update.maxhenkel.de/forge/corpse
[15Aug2026 23:33:01.583] [modloading-worker-0/DEBUG] [mixin/]: Mixing collections.mob_spawning.PotentialSpawnsEventMixin from lithium.mixins.json into net.minecraftforge.event.level.LevelEvent$PotentialSpawns
[15Aug2026 23:33:01.583] [modloading-worker-0/DEBUG] [mixin/]: lithium.mixins.json:collections.mob_spawning.PotentialSpawnsEventMixin: Class version 61 required is higher than the class version supported by the current version of Mixin (JAVA_16 supports class version 60)
[15Aug2026 23:33:01.584] [modloading-worker-0/DEBUG] [mixin/]: Mixing perf.potential_spawns_alloc.PotentialSpawnsMixin from modernfix-modernfix.mixins.json into net.minecraftforge.event.level.LevelEvent$PotentialSpawns
[15Aug2026 23:33:01.611] [main/DEBUG] [net.minecraftforge.fml.DeferredWorkQueue/LOADING]: Dispatching synchronous work for work queue COMPLETE: 1 jobs
[15Aug2026 23:33:01.611] [main/DEBUG] [net.minecraftforge.fml.DeferredWorkQueue/LOADING]: Synchronous work queue completed in 61.96 μs
[15Aug2026 23:33:01.837] [main/DEBUG] [mixin/]: Generating mapped inner class net/minecraft/world/level/levelgen/DebugLevelSource$Anonymous$1cdaee3af452424cb7357d7372803e13 (originally org/embeddedt/modernfix/common/mixin/perf/forge_registry_alloc/DebugLevelSourceMixin$1)
[15Aug2026 23:33:01.904] [Forge Version Check/DEBUG] [net.minecraftforge.fml.VersionChecker/]: [corpse] Received version check data:
{"1.20":{"1.20-1.0.3":"Updated to 1.20"},"1.18":{"1.18-1.0.3":"Re added JEI and Jade integration"},"1.19":{"1.19-1.0.8":"Updated Corelib"},"promos":{"1.18.1-latest":"1.18.1-1.0.5","1.15.1-latest":"1.15.1-1.0.1","1.14.4-recommended":"1.14.4-1.0.0","1.14.3-recommended":"1.14.3-1.0.3","1.18.2-latest":"1.18.2-1.0.2","1.20-recommended":"1.20-1.0.3","1.19.3-recommended":"1.19.3-1.0.3","1.19.1-recommended":"1.19.1-1.0.0","1.12.2-latest":"1.12.2-1.0.8","1.19.4-recommended":"1.19.4-1.0.3","1.12.2-recommended":"1.12.2-1.0.8","1.19-latest":"1.19-1.0.8","1.17.1-recommended":"1.17.1-1.0.7","1.19.2-recommended":"1.19.2-1.0.9","1.16.1-recommended":"1.16.1-1.0.12","1.16.2-recommended":"1.16.2-1.0.8","1.18-latest":"1.18-1.0.3","1.16.5-recommended":"1.16.5-1.0.6","1.16.4-recommended":"1.16.4-1.0.6","1.20.1-recommended":"1.20.1-1.0.9","1.16.3-recommended":"1.16.3-1.0.5","1.15.2-latest":"1.15.2-1.0.11","1.14.2-recommended":"1.14.2-1.0.4","1.20.2-recommended":"1.20.2-1.0.9","1.14.4-latest":"1.14.4-1.0.4","1.14.3-latest":"1.14.3-1.0.3","1.20-latest":"1.20-1.0.3","1.18.2-recommended":"1.18.2-1.0.1","1.17.1-latest":"1.17.1-1.0.7","1.13.2-latest":"1.12.2-1.0.5","1.18.1-recommended":"1.18.1-1.0.5","1.20.1-latest":"1.20.1-1.0.23","1.16.3-latest":"1.16.3-1.1.8","1.20.2-latest":"1.20.2-1.0.9","1.16.4-latest":"1.16.4-1.0.6","1.19.2-latest":"1.19.2-1.0.17","1.19.4-latest":"1.19.4-1.0.3","1.19.3-latest":"1.19.3-1.0.3","1.16.5-latest":"1.16.5-1.0.7","1.19-recommended":"1.19-1.0.8","1.16.2-latest":"1.16.2-1.0.8","1.16.1-latest":"1.16.1-1.0.12","1.18-recommended":"1.18-1.0.3","1.14.2-latest":"1.14.2-1.0.4","1.15.2-recommended":"1.15.2-1.0.10","1.19.1-latest":"1.19.1-1.0.0","1.15.1-recommended":"1.15.1-1.0.1"},"1.20.2":{"1.20.2-1.0.9":"Added mod icon\nUpdated corelib"},"1.20.1":{"1.20.1-1.0.9":"","1.20.1-1.0.23":"Improved corpse spawn position"},"1.16.4":{"1.16.4-1.0.6":"Fixed only owner config option not working"},"1.18.2":{"1.18.2-1.0.2":"Updated corpse save format","1.18.2-1.0.1":"Re add JEI integration"},"1.19.1":{"1.19.1-1.0.0":"Updated to 1.19.1"},"1.16.5":{"1.16.5-1.0.7":"Fixed crash","1.16.5-1.0.6":"Fixed freeze with epic fight mod"},"1.19.2":{"1.19.2-1.0.9":"Added mod icon\nUpdated corelib","1.19.2-1.0.17":"Reverted translation"},"1.19.3":{"1.19.3-1.0.3":"Fixed crash with narrator enabled"},"1.19.4":{"1.19.4-1.0.3":"Fixed crash with narrator enabled"},"1.14.2":{"1.14.2-1.0.4":"Fixed a bug crashing the game"},"1.15.1":{"1.15.1-1.0.1":"Fixed corpse accessing bug"},"1.14.3":{"1.14.3-1.0.3":"Fixed a bug crashing the game"},"1.16.1":{"1.16.1-1.0.12":"Fixed crash with HWYLA"},"1.15.2":{"1.15.2-1.0.11":"Fixed exception when opening the death history of large inventories","1.15.2-1.0.10":"Updated polish translation"},"1.14.4":{"1.14.4-1.0.0":"Updated to 1.14.4","1.14.4-1.0.4":"Fixed corpse accessing bug"},"1.16.2":{"1.16.2-1.0.8":"Fixed potential crash with HWYLA"},"1.17.1":{"1.17.1-1.0.7":"Added czech translation"},"1.16.3":{"1.16.3-1.1.8":"Fixed missing corpse GUI buttons","1.16.3-1.0.5":"Fixed player skin models not considered"},"1.18.1":{"1.18.1-1.0.5":"Fixed crash with Tinkers Construct"},"1.12.2":{"1.12.2-1.0.8":"Fixed version number"},"1.13.2":{"1.12.2-1.0.5":"Added portuguese translation"},"homepage":"https://www.curseforge.com/minecraft/mc-mods/corpse"}
[15Aug2026 23:33:01.905] [Forge Version Check/INFO] [net.minecraftforge.fml.VersionChecker/]: [corpse] Found status: AHEAD Current: 1.20.1-1.0.23 Target: null
[15Aug2026 23:33:01.906] [Forge Version Check/INFO] [net.minecraftforge.fml.VersionChecker/]: [voicechat] Starting version check at https://update.maxhenkel.de/forge/voicechat
[15Aug2026 23:33:02.008] [Forge Version Check/DEBUG] [net.minecraftforge.fml.VersionChecker/]: [voicechat] Received version check data:
{"1.21":{"1.21-2.5.20":"Added Vietnamese translation"},"1.20":{"1.20-2.4.9":"Fixed group not getting deleted when disconnecting\nFixed group in LeaveGroupEvent always null\nFixed builtin resource pack format version"},"26.1":{"2.6.14+26.1.1":"Allow 26.1.x"},"1.18":{"1.18-2.1.17":"Updated Forge\nFixed sound physics compatibility","1.18-2.1.22":"Fixed untranslated command feedback"},"1.19":{"1.19-2.4.8":"Added audio senders to the voice chat API"},"1.21.11":{"1.21.11-2.6.22":"Fixed some speakers breaking voice chat audio\nFixed race condition when quickly disconnecting and reconnecting\nFixed voice chat breaking if Minecrafts audio system is not initialized\nFixed potential OpenAL resource leaks\nFixed incorrect OpenAL version detection"},"1.21.10":{"1.21.10-2.6.22":"Fixed some speakers breaking voice chat audio\nFixed race condition when quickly disconnecting and reconnecting\nFixed voice chat breaking if Minecrafts audio system is not initialized\nFixed potential OpenAL resource leaks\nFixed incorrect OpenAL version detection"},"1.21.7":{"1.21.7-2.5.34":"Updated German translation"},"1.21.6":{"1.21.6-2.5.32":"Added \"Default microphone\" and \"Default speaker\" options\nFixed antivirus software detecting the jar as a trojan (This was a false positive)"},"1.21.9":{"1.21.9-2.6.4":"Updated to 1.21.9"},"1.21.8":{"1.21.8-2.6.22":"Fixed some speakers breaking voice chat audio\nFixed race condition when quickly disconnecting and reconnecting\nFixed voice chat breaking if Minecrafts audio system is not initialized\nFixed potential OpenAL resource leaks\nFixed incorrect OpenAL version detection"},"1.20.4":{"1.20.4-2.5.22":"Updated Traditional Chinese translation\nAdded Portuguese translation\nUpdated Ukrainian translation","1.20.4-2.4.32":"Fixed compatibility with Sound Physics Remastered\nUpdated French translation"},"1.21.3":{"1.21.3-2.5.31":"Improved handling of invalid bind addresses\nFixed bind_address being used in LAN worlds\nUpdated Swedish translation"},"promos":{"1.19.3-recommended":"1.19.3-2.4.11","1.20-recommended":"1.20-2.4.9","1.19.1-recommended":"1.19.1-2.4.8","1.19.4-recommended":"1.19.4-2.4.32","1.19.2-recommended":"1.19.2-2.6.22","1.21.11-recommended":"1.21.11-2.6.22","1.21.8-recommended":"1.21.8-2.6.22","1.21-latest":"1.21-2.5.20","1.21.1-recommended":"1.21.1-2.6.22","1.21.4-recommended":"1.21.4-2.6.22","1.20-latest":"1.20-2.4.9","1.21.5-recommended":"1.21.5-2.6.22","26.2-latest":"2.6.22+26.2","1.21.11-latest":"1.21.11-2.6.22","1.20.1-latest":"1.20.1-2.6.22","26.2-recommended":"2.6.22+26.2","1.16.4-latest":"1.16.4-1.1.7","1.19.3-latest":"1.19.3-2.4.11","1.15.2-recommended":"1.15.2-1.0.2","1.19.1-latest":"1.19.1-2.4.8","1.18.1-latest":"1.18.1-2.2.52","1.21.4-latest":"1.21.4-2.6.22","1.21.3-latest":"1.21.3-2.5.31","1.18.2-latest":"1.18.2-2.6.22","1.21.5-latest":"1.21.5-2.6.22","1.21.1-latest":"1.21.1-2.6.22","1.21.6-latest":"1.21.6-2.5.32","26.1.2-latest":"2.6.22+26.1.2","1.12.2-latest":"1.12.2-2.6.22","26.1.1-latest":"2.6.15+26.1.1","1.12.2-recommended":"1.12.2-2.6.22","1.19-latest":"1.19-2.4.8","1.17.1-recommended":"1.17.1-2.4.32","26.1-latest":"2.6.14+26.1.1","1.21.9-latest":"1.21.9-2.6.4","1.18-latest":"1.18-2.1.22","1.21.8-latest":"1.21.8-2.6.22","1.20.4-recommended":"1.20.4-2.4.32","1.21.7-latest":"1.21.7-2.5.34","1.16.5-recommended":"1.16.5-2.6.22","1.16.4-recommended":"1.16.4-1.1.7","1.20.1-recommended":"1.20.1-2.6.22","1.16.3-recommended":"1.16.3-1.0.1","1.15.2-latest":"1.15.2-1.0.2","1.20.2-recommended":"1.20.2-2.4.32","1.18.2-recommended":"1.18.2-2.6.22","1.17.1-latest":"1.17.1-2.5.12","1.21.10-latest":"1.21.10-2.6.22","1.18.1-recommended":"1.18.1-2.2.52","1.16.3-latest":"1.16.3-1.0.1","26.1.2-recommended":"2.6.22+26.1.2","1.20.2-latest":"1.20.2-2.5.12","1.21.10-recommended":"1.21.10-2.6.22","1.19.2-latest":"1.19.2-2.6.22","1.19.4-latest":"1.19.4-2.5.12","1.16.5-latest":"1.16.5-2.6.22","1.19-recommended":"1.19-2.4.8","1.18-recommended":"1.18-2.1.17","1.20.4-latest":"1.20.4-2.5.22","1.20.6-latest":"1.20.6-2.5.22"},"1.20.6":{"1.20.6-2.5.22":"Updated Traditional Chinese translation\nAdded Portuguese translation\nUpdated Ukrainian translation"},"1.21.5":{"1.21.5-2.6.22":"Fixed some speakers breaking voice chat audio\nFixed race condition when quickly disconnecting and reconnecting\nFixed voice chat breaking if Minecrafts audio system is not initialized\nFixed potential OpenAL resource leaks\nFixed incorrect OpenAL version detection"},"1.21.4":{"1.21.4-2.6.22":"Fixed some speakers breaking voice chat audio\nFixed race condition when quickly disconnecting and reconnecting\nFixed voice chat breaking if Minecrafts audio system is not initialized\nFixed potential OpenAL resource leaks\nFixed incorrect OpenAL version detection"},"26.2":{"2.6.22+26.2":"Fixed some speakers breaking voice chat audio\nFixed race condition when quickly disconnecting and reconnecting\nFixed voice chat breaking if Minecrafts audio system is not initialized\nFixed potential OpenAL resource leaks\nFixed incorrect OpenAL version detection"},"1.20.2":{"1.20.2-2.4.32":"Fixed compatibility with Sound Physics Remastered\nUpdated French translation","1.20.2-2.5.12":"Improved cloth config GUI translations"},"1.21.1":{"1.21.1-2.6.22":"Fixed some speakers breaking voice chat audio\nFixed race condition when quickly disconnecting and reconnecting\nFixed voice chat breaking if Minecrafts audio system is not initialized\nFixed potential OpenAL resource leaks\nFixed incorrect OpenAL version detection"},"1.20.1":{"1.20.1-2.6.22":"Fixed some speakers breaking voice chat audio\nFixed race condition when quickly disconnecting and reconnecting\nFixed voice chat breaking if Minecrafts audio system is not initialized\nFixed potential OpenAL resource leaks\nFixed incorrect OpenAL version detection"},"26.1.1":{"2.6.15+26.1.1":"Added Esperanto translation\nFall back to Java microphone implementation when using ALSoft >= 1.25.0"},"26.1.2":{"2.6.22+26.1.2":"Fixed some speakers breaking voice chat audio\nFixed race condition when quickly disconnecting and reconnecting\nFixed voice chat breaking if Minecrafts audio system is not initialized\nFixed potential OpenAL resource leaks\nFixed incorrect OpenAL version detection"},"1.16.4":{"1.16.4-1.1.7":"Fixed ConcurrentModificationException when client times out"},"1.19.1":{"1.19.1-2.4.8":"Added audio senders to the voice chat API"},"1.18.2":{"1.18.2-2.6.22":"Fixed some speakers breaking voice chat audio\nFixed race condition when quickly disconnecting and reconnecting\nFixed voice chat breaking if Minecrafts audio system is not initialized\nFixed potential OpenAL resource leaks\nFixed incorrect OpenAL version detection"},"1.16.5":{"1.16.5-2.6.22":"Fixed some speakers breaking voice chat audio\nFixed race condition when quickly disconnecting and reconnecting\nFixed voice chat breaking if Minecrafts audio system is not initialized\nFixed potential OpenAL resource leaks\nFixed incorrect OpenAL version detection"},"1.19.2":{"1.19.2-2.6.22":"Fixed some speakers breaking voice chat audio\nFixed race condition when quickly disconnecting and reconnecting\nFixed voice chat breaking if Minecrafts audio system is not initialized\nFixed potential OpenAL resource leaks\nFixed incorrect OpenAL version detection"},"1.19.3":{"1.19.3-2.4.11":"Added config accessors to the API"},"1.19.4":{"1.19.4-2.4.32":"Fixed compatibility with Sound Physics Remastered\nUpdated French translation","1.19.4-2.5.12":"Improved cloth config GUI translations"},"1.15.2":{"1.15.2-1.0.2":"Fix crash on servers"},"1.17.1":{"1.17.1-2.4.32":"Fixed compatibility with Sound Physics Remastered\nUpdated French translation","1.17.1-2.5.12":"Improved cloth config GUI translations"},"1.16.3":{"1.16.3-1.0.1":"Fixed voice chat not working on servers with port"},"1.18.1":{"1.18.1-2.2.52":"Improved service loader compatibility\nFixed issues with QuestCraft\nFixed disconnected state being controlled by the client"},"1.12.2":{"1.12.2-2.6.22":"Fixed some speakers breaking voice chat audio\nFixed race condition when quickly disconnecting and reconnecting\nFixed voice chat breaking if Minecrafts audio system is not initialized\nFixed potential OpenAL resource leaks\nFixed incorrect OpenAL version detection"},"homepage":"https://modrepo.de/minecraft/voicechat"}
[15Aug2026 23:33:02.008] [Forge Version Check/INFO] [net.minecraftforge.fml.VersionChecker/]: [voicechat] Found status: OUTDATED Current: 1.20.1-2.6.18 Target: 1.20.1-2.6.22
[15Aug2026 23:33:02.009] [Forge Version Check/INFO] [net.minecraftforge.fml.VersionChecker/]: [sound_physics_remastered] Starting version check at https://update.maxhenkel.de/forge/sound_physics_remastered
[15Aug2026 23:33:02.110] [Forge Version Check/DEBUG] [net.minecraftforge.fml.VersionChecker/]: [sound_physics_remastered] Received version check data:
{"1.21":{"1.21-1.4.6":""},"1.20":{"1.20-1.1.1":"Updated to 1.20"},"26.1":{"1.5.1+26.1":"Updated to 26.1"},"1.18":{"1.18-1.0.3":"Tweaked config values"},"1.19":{"1.19-1.0.15":"Disabled moving sounds by default due to performance impact"},"1.21.11":{"1.21.11-1.5.1":"Updated to 1.21.11"},"1.21.10":{"1.21.10-1.5.1":"Updated to 1.21.10"},"1.21.7":{"1.21.7-1.4.14":"Updated to 1.21.7"},"1.21.6":{"1.21.6-1.4.14":"Fixed mixin crash"},"1.21.9":{"1.21.9-1.5.1":"Fixed direction evaluation being inaccurate at long distances"},"1.21.8":{"1.21.8-1.5.1":"Fixed direction evaluation being inaccurate at long distances"},"1.20.4":{"1.20.4-1.4.5":"Updated Simplified Chinese translation","1.20.4-1.3.0":""},"1.21.3":{"1.21.3-1.4.7":"Fixed issues with sounds being played far away\nFixed lag when being far away from 0, 0"},"promos":{"1.18.1-latest":"1.18.1-1.0.6","1.21.4-latest":"1.21.4-1.5.1","1.21.3-latest":"1.21.3-1.4.7","1.18.2-latest":"1.18.2-1.0.6","1.20-recommended":"1.20-1.1.1","1.19.3-recommended":"1.19.3-1.0.18","1.19.1-recommended":"1.19.1-1.0.15","1.21.5-latest":"1.21.5-1.5.1","1.21.1-latest":"1.21.1-1.5.1","1.21.6-latest":"1.21.6-1.4.14","26.1.2-latest":"1.5.1+26.1.2","26.1.1-latest":"1.5.1+26.1.1","1.19.4-recommended":"1.19.4-1.1.1","1.19-latest":"1.19-1.0.15","1.17.1-recommended":"1.17.1-1.0.6","1.19.2-recommended":"1.19.2-1.3.0","26.1-latest":"1.5.1+26.1","1.21.9-latest":"1.21.9-1.5.1","1.18-latest":"1.18-1.0.3","1.21.8-latest":"1.21.8-1.5.1","1.20.4-recommended":"1.20.4-1.3.0","1.21.7-latest":"1.21.7-1.4.14","1.21-latest":"1.21-1.4.6","1.20.1-recommended":"1.20.1-1.3.0","1.20.2-recommended":"1.20.2-1.3.0","1.20-latest":"1.20-1.1.1","1.18.2-recommended":"1.18.2-1.0.6","26.2-latest":"1.5.1+26.2","1.17.1-latest":"1.17.1-1.0.6","1.21.11-latest":"1.21.11-1.5.1","1.21.10-latest":"1.21.10-1.5.1","1.18.1-recommended":"1.18.1-1.0.6","1.20.1-latest":"1.20.1-1.5.1","1.20.2-latest":"1.20.2-1.3.1","1.19.2-latest":"1.19.2-1.4.5","1.19.4-latest":"1.19.4-1.2.1","1.19.3-latest":"1.19.3-1.1.0","1.19-recommended":"1.19-1.0.15","1.18-recommended":"1.18-1.0.3","1.20.4-latest":"1.20.4-1.4.5","1.19.1-latest":"1.19.1-1.0.15","1.20.6-latest":"1.20.6-1.4.5"},"1.20.6":{"1.20.6-1.4.5":"Updated Simplified Chinese translation"},"1.21.5":{"1.21.5-1.5.1":"Fixed direction evaluation being inaccurate at long distances"},"1.21.4":{"1.21.4-1.5.1":"Fixed direction evaluation being inaccurate at long distances"},"26.2":{"1.5.1+26.2":"Updated to 26.2"},"1.20.2":{"1.20.2-1.3.1":"Updated dependencies\nFixed mod icon size","1.20.2-1.3.0":""},"1.21.1":{"1.21.1-1.5.1":"Fixed direction evaluation being inaccurate at long distances"},"1.20.1":{"1.20.1-1.5.1":"Fixed direction evaluation being inaccurate at long distances","1.20.1-1.3.0":""},"26.1.1":{"1.5.1+26.1.1":"Added support for 26.1.1"},"26.1.2":{"1.5.1+26.1.2":"Added support for 26.1.2"},"1.18.2":{"1.18.2-1.0.6":"Fixed crash when playing sounds that are null"},"1.19.1":{"1.19.1-1.0.15":"Disabled moving sounds by default due to performance impact"},"1.19.2":{"1.19.2-1.3.0":"","1.19.2-1.4.5":"Updated Simplified Chinese translation"},"1.19.3":{"1.19.3-1.1.0":"Updated ConfigBuilder\nAdded comments to the config\nRemoved sound blacklist regex\nAdded allowed sounds config\nFixed lag when saving in cloth config GUI\nFixed sound distance allowance not working with playsound commands","1.19.3-1.0.18":"Improved performance when having 'update_moving_sounds' enabled"},"1.19.4":{"1.19.4-1.1.1":"Fixed some cloth config settings not saving properly","1.19.4-1.2.1":""},"1.17.1":{"1.17.1-1.0.6":"Fixed crash when playing sounds that are null"},"1.18.1":{"1.18.1-1.0.6":"Fixed crash when playing sounds that are null"},"homepage":"https://www.curseforge.com/minecraft/mc-mods/sound-physics-remastered"}
[15Aug2026 23:33:02.110] [Forge Version Check/INFO] [net.minecraftforge.fml.VersionChecker/]: [sound_physics_remastered] Found status: AHEAD Current: 1.20.1-1.5.1 Target: null
[15Aug2026 23:33:02.111] [Forge Version Check/INFO] [net.minecraftforge.fml.VersionChecker/]: [mr_serversleep] Starting version check at https://api.modrinth.com/updates/Cw8IlnGM/forge_updates.json
[15Aug2026 23:33:02.177] [Forge Version Check/DEBUG] [net.minecraftforge.fml.VersionChecker/]: [mr_serversleep] Received version check data:
{"homepage":"https://modrinth.com/mod/Cw8IlnGM","promos":{"1.21.9-recommended":"2+mod","1.21.1-recommended":"2+mod","1.21.8-latest":"2+mod","1.21.6-latest":"2+mod","1.21.6-recommended":"2+mod","1.21.2-recommended":"2+mod","26.2-recommended":"3+mod","1.20-recommended":"mod","1.17.1-recommended":"mod","1.19.1-latest":"mod","1.20.4-recommended":"mod","1.18-recommended":"mod","1.19.4-recommended":"mod","1.20.3-latest":"mod","1.18.2-latest":"mod","1.18.1-recommended":"mod","1.21.3-recommended":"2+mod","1.21.10-recommended":"2+mod","1.20.6-recommended":"mod","1.18-latest":"mod","1.21.4-recommended":"2+mod","26.2-latest":"3+mod","26.1.1-recommended":"3+mod","1.19.3-latest":"mod","1.21.1-latest":"2+mod","1.19.1-recommended":"mod","1.19.3-recommended":"mod","1.18.2-recommended":"mod","1.20.5-latest":"mod","1.21.5-latest":"2+mod","1.21.10-latest":"2+mod","1.21.11-latest":"3+mod","1.21.5-recommended":"2+mod","1.21.7-recommended":"2+mod","1.21.8-recommended":"2+mod","1.18.1-latest":"mod","1.17-latest":"mod","1.19.4-latest":"mod","1.20.1-latest":"mod","1.20.2-latest":"mod","1.17.1-latest":"mod","26.1.2-latest":"3+mod","1.19-latest":"mod","1.17-recommended":"mod","1.21.4-latest":"2+mod","1.20-latest":"mod","1.19.2-latest":"mod","1.21.7-latest":"2+mod","1.20.4-latest":"mod","26.1.1-latest":"3+mod","1.20.5-recommended":"mod","1.21.3-latest":"2+mod","26.1-latest":"3+mod","1.21.2-latest":"2+mod","1.20.3-recommended":"mod","1.21-latest":"2+mod","1.20.6-latest":"mod","26.1-recommended":"3+mod","26.1.2-recommended":"3+mod","1.19.2-recommended":"mod","1.21.9-latest":"2+mod","1.21.11-recommended":"3+mod","1.20.2-recommended":"mod","1.21-recommended":"2+mod","1.19-recommended":"mod","1.20.1-recommended":"mod"}}
[15Aug2026 23:33:02.177] [Forge Version Check/INFO] [net.minecraftforge.fml.VersionChecker/]: [mr_serversleep] Found status: AHEAD Current: 1-datapack Target: null
[15Aug2026 23:33:02.177] [Forge Version Check/INFO] [net.minecraftforge.fml.VersionChecker/]: [mcwtrpdoors] Starting version check at https://raw.githubusercontent.com/sketchmacaw/macawsmods/master/trapdoors.json
[15Aug2026 23:33:02.185] [main/INFO] [com.mojang.authlib.yggdrasil.YggdrasilAuthenticationService/]: Environment: authHost='https://authserver.mojang.com', accountsHost='https://api.mojang.com', sessionHost='https://sessionserver.mojang.com', servicesHost='https://api.minecraftservices.com', name='PROD'
[15Aug2026 23:33:02.188] [Forge Version Check/DEBUG] [net.minecraftforge.fml.VersionChecker/]: [mcwtrpdoors] Received version check data:
{
  "homepage": "https://www.curseforge.com/minecraft/mc-mods/macaws-trapdoors",
  "promos": {
    "1.21.10-recommended": "1.1.5",
    "1.21.10-latest": "1.1.5",
    "1.21.9-recommended": "1.1.5",
    "1.21.9-latest": "1.1.5",
    "1.21.8-recommended": "1.1.5",
    "1.21.8-latest": "1.1.5",
    "1.21.7-recommended": "1.1.5",
    "1.21.7-latest": "1.1.5",
    "1.21.6-recommended": "1.1.5",
    "1.21.6-latest": "1.1.5",
    "1.21.5-recommended": "1.1.5",
    "1.21.5-latest": "1.1.5",
    "1.21.4-recommended": "1.1.5",
    "1.21.4-latest": "1.1.5",
    "1.21.3-recommended": "1.1.5",
    "1.21.3-latest": "1.1.5",
    "1.21.1-recommended": "1.1.5",
    "1.21.1-latest": "1.1.5",
    "1.21-recommended": "1.1.5",
    "1.21-latest": "1.1.5",
    "1.21.1-recommended": "1.1.5",
    "1.21.1-latest": "1.1.5",
    "1.21.3-recommended": "1.1.5",
    "1.21.3-latest": "1.1.5",
    "1.21.4-recommended": "1.1.5",
    "1.21.4-latest": "1.1.5",
    "1.20.6-recommended": "1.1.5",
    "1.20.6-latest": "1.1.5",
    "1.20.4-recommended": "1.1.5",
    "1.20.4-latest": "1.1.5",
    "1.20.3-recommended": "1.1.5",
    "1.20.3-latest": "1.1.5",
    "1.20.2-recommended": "1.1.5",
    "1.20.2-latest": "1.1.5",
    "1.20.1-recommended": "1.1.5",
    "1.20.1-latest": "1.1.5",
    "1.20-recommended": "1.1.5",
    "1.20-latest": "1.1.5",
    "1.19.4-recommended": "1.1.5",
    "1.19.4-latest": "1.1.5",
    "1.19.3-recommended": "1.1.5",
    "1.19.3-latest": "1.1.5",
    "1.19.2-recommended": "1.1.5",
    "1.19.2-latest": "1.1.5",
    "1.19.1-recommended": "1.1.5",
    "1.19.1-latest": "1.1.5",
    "1.19-recommended": "1.1.5",
    "1.19-latest": "1.1.5",
    "1.18.2-recommended": "1.1.5",
    "1.18.2-latest": "1.1.5",
    "1.18.1-recommended": "1.1.5",
    "1.18.1-latest": "1.1.5",
    "1.17.1-recommended": "1.1.5",
    "1.17.1-latest": "1.1.5",
    "1.16.5-recommended": "1.1.5",
    "1.16.5-latest": "1.1.5",
    "1.15.2-latest": "1.0.3",
    "1.15.1-latest": "1.0.3",
    "1.14.4-latest": "1.0.3",
    "1.12.2-latest": "1.0.4",
    "1.15.2-recommended": "1.0.3",
    "1.15.1-recommended": "1.0.3",
    "1.12.2-recommended": "1.0.4",
    "1.14.4-recommended": "1.0.3"
  }
}
[15Aug2026 23:33:02.189] [Forge Version Check/INFO] [net.minecraftforge.fml.VersionChecker/]: [mcwtrpdoors] Found status: UP_TO_DATE Current: 1.1.5 Target: null
[15Aug2026 23:33:02.189] [Forge Version Check/INFO] [net.minecraftforge.fml.VersionChecker/]: [epic_knights_x_better_combat] Starting version check at https://modrinth.com/datapack/epic-knights-bettercombat-compatibility/updates.json
[15Aug2026 23:33:02.204] [main/DEBUG] [mixin/]: Mixing bugfix.removed_dimensions.LevelStorageSourceMixin from modernfix-modernfix.mixins.json into net.minecraft.world.level.storage.LevelStorageSource
[15Aug2026 23:33:02.212] [main/DEBUG] [net.minecraftforge.coremod.transformer.CoreModBaseTransformer/COREMOD]: Transforming net/minecraft/util/datafix/DataFixers
[15Aug2026 23:33:02.213] [main/DEBUG] [mixin/]: Mixing perf.dynamic_dfu.DataFixersMixin from modernfix-modernfix.mixins.json into net.minecraft.util.datafix.DataFixers
[15Aug2026 23:33:02.213] [main/DEBUG] [mixin/]: Renaming synthetic method lambda$createLazyFixerUpper$0(Ljava/util/Set;)Lcom/mojang/datafixers/DataFixer; to md61d6a6$lambda$createLazyFixerUpper$0$0 in modernfix-modernfix.mixins.json:perf.dynamic_dfu.DataFixersMixin
[15Aug2026 23:33:02.273] [Forge Version Check/DEBUG] [net.minecraftforge.fml.VersionChecker/]: [epic_knights_x_better_combat] Received version check data:
{
  "error": true,
  "url": "https://modrinth.com/datapack/epic-knights-bettercombat-compatibility/updates.json",
  "statusCode": 404,
  "statusMessage": "Page not found: /datapack/epic-knights-bettercombat-compatibility/updates.json",
  "message": "Page not found: /datapack/epic-knights-bettercombat-compatibility/updates.json",
  "data": {
    "path": "/datapack/epic-knights-bettercombat-compatibility/updates.json"
  }
}
[15Aug2026 23:33:02.274] [Forge Version Check/WARN] [net.minecraftforge.fml.VersionChecker/]: Failed to process update information
java.lang.NullPointerException: Cannot invoke "java.util.Map.get(Object)" because "promos" is null
	at net.minecraftforge.fml.VersionChecker$1.process(VersionChecker.java:189) ~[fmlcore-1.20.1-47.3.7.jar%23230!/:?]
	at java.lang.Iterable.forEach(Iterable.java:75) ~[?:?]
	at net.minecraftforge.fml.VersionChecker$1.run(VersionChecker.java:114) ~[fmlcore-1.20.1-47.3.7.jar%23230!/:?]
[15Aug2026 23:33:02.274] [Forge Version Check/INFO] [net.minecraftforge.fml.VersionChecker/]: [puzzleslib] Starting version check at https://raw.githubusercontent.com/Fuzss/modresources/main/update/puzzleslib.json
[15Aug2026 23:33:02.286] [Forge Version Check/DEBUG] [net.minecraftforge.fml.VersionChecker/]: [puzzleslib] Received version check data:
{
    "homepage": "https://modrinth.com/mod/puzzles-lib",
    "promos": {
        "1.16.2-latest": "1.0.15",
        "1.16.2-recommended": "1.0.15",
        "1.16.3-latest": "1.0.15",
        "1.16.3-recommended": "1.0.15",
        "1.16.4-latest": "1.0.15",
        "1.16.4-recommended": "1.0.15",
        "1.16.5-latest": "1.0.15",
        "1.16.5-recommended": "1.0.15",
        "1.17.1-latest": "2.0.2",
        "1.17.1-recommended": "2.0.2",
        "1.18-latest": "3.2.1",
        "1.18-recommended": "3.2.1",
        "1.18.1-latest": "3.2.1",
        "1.18.1-recommended": "3.2.1",
        "1.18.2-latest": "3.5.10",
        "1.18.2-recommended": "3.5.10",
        "1.19-latest": "4.0.18",
        "1.19-recommended": "4.0.18",
        "1.19.1-latest": "4.2.4",
        "1.19.1-recommended": "4.2.4",
        "1.19.2-latest": "4.4.3",
        "1.19.2-recommended": "4.4.3",
        "1.19.3-latest": "5.0.33",
        "1.19.3-recommended": "5.0.33",
        "1.19.4-latest": "6.0.11",
        "1.19.4-recommended": "6.0.11",
        "1.20-latest": "7.0.9",
        "1.20-recommended": "7.0.9",
        "1.20.1-latest": "8.1.33",
        "1.20.1-recommended": "8.1.33",
        "1.20.4-latest": "20.4.53",
        "1.20.4-recommended": "20.4.53",
        "1.21-latest": "21.0.28",
        "1.21-recommended": "21.0.28",
        "1.21.1-latest": "21.1.52",
        "1.21.1-recommended": "21.1.52",
        "1.21.10-latest": "21.10.8",
        "1.21.10-recommended": "21.10.8",
        "1.21.11-latest": "21.11.1",
        "1.21.11-recommended": "21.11.1",
        "1.21.3-latest": "21.3.25",
        "1.21.3-recommended": "21.3.25",
        "1.21.4-latest": "21.4.14",
        "1.21.4-recommended": "21.4.14",
        "1.21.5-latest": "21.5.13",
        "1.21.5-recommended": "21.5.13",
        "1.21.6-latest": "21.6.6",
        "1.21.6-recommended": "21.6.6",
        "1.21.7-latest": "21.7.1",
        "1.21.7-recommended": "21.7.1",
        "1.21.8-latest": "21.8.9",
        "1.21.8-recommended": "21.8.9",
        "1.21.9-latest": "21.9.5",
        "1.21.9-recommended": "21.9.5"
    }
}
[15Aug2026 23:33:02.287] [Forge Version Check/INFO] [net.minecraftforge.fml.VersionChecker/]: [puzzleslib] Found status: UP_TO_DATE Current: 8.1.33 Target: null
[15Aug2026 23:33:02.289] [main/INFO] [ModernFix/]: Bypassed Mojang DFU
[15Aug2026 23:33:02.303] [main/DEBUG] [mixin/]: Mixing VanillaPackResourcesAccessor from creativecore.mixins.json into net.minecraft.server.packs.VanillaPackResources
[15Aug2026 23:33:02.305] [main/WARN] [net.minecraft.server.packs.VanillaPackResourcesBuilder/]: Assets URL 'union:/workspaces/server/servidor_minecraft/libraries/net/minecraft/server/1.20.1-20230612.114412/server-1.20.1-20230612.114412-srg.jar%23229!/assets/.mcassetsroot' uses unexpected schema
[15Aug2026 23:33:02.305] [main/WARN] [net.minecraft.server.packs.VanillaPackResourcesBuilder/]: Assets URL 'union:/workspaces/server/servidor_minecraft/libraries/net/minecraft/server/1.20.1-20230612.114412/server-1.20.1-20230612.114412-srg.jar%23229!/data/.mcassetsroot' uses unexpected schema
[15Aug2026 23:33:02.314] [main/DEBUG] [mixin/]: Mixing feature.measure_time.WorldLoaderMixin from modernfix-modernfix.mixins.json into net.minecraft.server.WorldLoader
[15Aug2026 23:33:02.314] [main/DEBUG] [mixin/]: Renaming synthetic method lambda$finishStopwatch$0(Lcom/google/common/base/Stopwatch;Ljava/lang/Object;Ljava/lang/Throwable;)V to md61d6a6$lambda$finishStopwatch$0$0 in modernfix-modernfix.mixins.json:feature.measure_time.WorldLoaderMixin
[15Aug2026 23:33:02.315] [main/DEBUG] [mixin/]: Mixing core.WorldLoaderMixin from modernfix-modernfix.mixins.json into net.minecraft.server.WorldLoader
[15Aug2026 23:33:02.315] [main/DEBUG] [mixin/]: Renaming synthetic method lambda$trackEndReload$0(Ljava/lang/Object;)Ljava/lang/Object; to md61d6a6$lambda$trackEndReload$0$1 in modernfix-modernfix.mixins.json:core.WorldLoaderMixin
[15Aug2026 23:33:02.326] [main/DEBUG] [mixin/]: Mixing collections.gamerules.GameRulesMixin from lithium.mixins.json into net.minecraft.world.level.GameRules
[15Aug2026 23:33:02.326] [main/DEBUG] [mixin/]: lithium.mixins.json:collections.gamerules.GameRulesMixin: Class version 61 required is higher than the class version supported by the current version of Mixin (JAVA_16 supports class version 60)
[15Aug2026 23:33:02.336] [main/DEBUG] [mixin/]: Mixing perf.resourcepacks.ForgePathPackResourcesMixin from modernfix-modernfix.mixins.json into net.minecraftforge.resource.PathPackResources
[15Aug2026 23:33:02.337] [main/DEBUG] [mixin/]: Renaming synthetic method lambda$generateResourceCache$0(Lnet/minecraft/server/packs/PackType;)Ljava/nio/file/Path; to md61d6a6$lambda$generateResourceCache$0$0 in modernfix-modernfix.mixins.json:perf.resourcepacks.ForgePathPackResourcesMixin
[15Aug2026 23:33:02.352] [main/DEBUG] [mixin/]: Mixing PathPackResourcesAccessor from creativecore.mixins.json into net.minecraft.server.packs.PathPackResources
[15Aug2026 23:33:02.425] [main/DEBUG] [net.minecraftforge.server.ServerLifecycleHooks/CORE]: Generating PackInfo named mod:radium for mod file /workspaces/server/servidor_minecraft/mods/radium-mc1.20.1-0.12.4+git.26c9d8e.jar
[15Aug2026 23:33:02.425] [main/DEBUG] [net.minecraftforge.server.ServerLifecycleHooks/CORE]: Generating PackInfo named mod:kuma_api for mod file 
[15Aug2026 23:33:02.426] [main/DEBUG] [net.minecraftforge.server.ServerLifecycleHooks/CORE]: Generating PackInfo named mod:mr_epic_structuresvillages for mod file /workspaces/server/servidor_minecraft/mods/Epic Villages 1.3.1 (1.20+).jar
[15Aug2026 23:33:02.426] [main/DEBUG] [net.minecraftforge.server.ServerLifecycleHooks/CORE]: Generating PackInfo named mod:geckolib for mod file /workspaces/server/servidor_minecraft/mods/geckolib-forge-1.20.1-4.8.4.jar
[15Aug2026 23:33:02.426] [main/DEBUG] [net.minecraftforge.server.ServerLifecycleHooks/CORE]: Generating PackInfo named mod:playeranimator for mod file /workspaces/server/servidor_minecraft/mods/player-animation-lib-forge-1.0.2-rc1+1.20.jar
[15Aug2026 23:33:02.427] [main/DEBUG] [net.minecraftforge.server.ServerLifecycleHooks/CORE]: Generating PackInfo named mod:jei for mod file /workspaces/server/servidor_minecraft/mods/jei-1.20.1-forge-15.21.0.148.jar
[15Aug2026 23:33:02.427] [main/DEBUG] [net.minecraftforge.server.ServerLifecycleHooks/CORE]: Generating PackInfo named mod:firstperson for mod file /workspaces/server/servidor_minecraft/mods/firstperson-forge-2.7.2-mc1.20.1.jar
[15Aug2026 23:33:02.427] [main/DEBUG] [net.minecraftforge.server.ServerLifecycleHooks/CORE]: Generating PackInfo named mod:visualworkbench for mod file /workspaces/server/servidor_minecraft/mods/VisualWorkbench-v8.0.1-1.20.1-Forge.jar
[15Aug2026 23:33:02.427] [main/DEBUG] [net.minecraftforge.server.ServerLifecycleHooks/CORE]: Generating PackInfo named mod:xaerolib for mod file 
[15Aug2026 23:33:02.427] [main/DEBUG] [net.minecraftforge.server.ServerLifecycleHooks/CORE]: Generating PackInfo named mod:trmt for mod file /workspaces/server/servidor_minecraft/mods/trmt-0.5.1b-1.20.1-forge.jar
[15Aug2026 23:33:02.427] [main/DEBUG] [net.minecraftforge.server.ServerLifecycleHooks/CORE]: Generating PackInfo named mod:trender for mod file 
[15Aug2026 23:33:02.428] [main/DEBUG] [net.minecraftforge.server.ServerLifecycleHooks/CORE]: Generating PackInfo named mod:waystones for mod file /workspaces/server/servidor_minecraft/mods/waystones-forge-1.20.1-14.1.20.jar
[15Aug2026 23:33:02.428] [main/DEBUG] [net.minecraftforge.server.ServerLifecycleHooks/CORE]: Generating PackInfo named mod:structory for mod file /workspaces/server/servidor_minecraft/mods/Structory_1.20.x_v1.3.5.jar
[15Aug2026 23:33:02.428] [main/DEBUG] [net.minecraftforge.server.ServerLifecycleHooks/CORE]: Generating PackInfo named mod:clumps for mod file /workspaces/server/servidor_minecraft/mods/Clumps-forge-1.20.1-12.0.0.4.jar
[15Aug2026 23:33:02.428] [main/DEBUG] [net.minecraftforge.server.ServerLifecycleHooks/CORE]: Generating PackInfo named mod:xaeroworldmap for mod file /workspaces/server/servidor_minecraft/mods/xaeroworldmap-forge-1.20.1-1.40.4.jar
[15Aug2026 23:33:02.428] [main/DEBUG] [net.minecraftforge.server.ServerLifecycleHooks/CORE]: Generating PackInfo named mod:modernfix for mod file /workspaces/server/servidor_minecraft/mods/modernfix-forge-5.27.66+mc1.20.1.jar
[15Aug2026 23:33:02.428] [main/DEBUG] [net.minecraftforge.server.ServerLifecycleHooks/CORE]: Generating PackInfo named mod:citadel for mod file /workspaces/server/servidor_minecraft/mods/citadel-2.6.3-1.20.1.jar
[15Aug2026 23:33:02.429] [main/DEBUG] [net.minecraftforge.server.ServerLifecycleHooks/CORE]: Generating PackInfo named mod:alexsmobs for mod file /workspaces/server/servidor_minecraft/mods/alexsmobs-1.22.9.jar
[15Aug2026 23:33:02.429] [main/DEBUG] [net.minecraftforge.server.ServerLifecycleHooks/CORE]: Generating PackInfo named mod:travelersbackpack for mod file /workspaces/server/servidor_minecraft/mods/travelersbackpack-forge-1.20.1-9.1.56.jar
[15Aug2026 23:33:02.429] [main/DEBUG] [net.minecraftforge.server.ServerLifecycleHooks/CORE]: Generating PackInfo named mod:mr_epicterrain for mod file /workspaces/server/servidor_minecraft/mods/epicterrain-0.2.5.jar
[15Aug2026 23:33:02.429] [main/DEBUG] [net.minecraftforge.server.ServerLifecycleHooks/CORE]: Generating PackInfo named mod:relics for mod file /workspaces/server/servidor_minecraft/mods/relics-1.20.1-0.8.0.7.jar
[15Aug2026 23:33:02.429] [main/DEBUG] [net.minecraftforge.server.ServerLifecycleHooks/CORE]: Generating PackInfo named mod:mcwdoors for mod file /workspaces/server/servidor_minecraft/mods/mcw-doors-1.1.2-mc1.20.1forge.jar
[15Aug2026 23:33:02.429] [main/DEBUG] [net.minecraftforge.server.ServerLifecycleHooks/CORE]: Generating PackInfo named mod:iceandfire for mod file /workspaces/server/servidor_minecraft/mods/iceandfire-2.1.13-1.20.1-beta-5.jar
[15Aug2026 23:33:02.430] [main/DEBUG] [net.minecraftforge.server.ServerLifecycleHooks/CORE]: Generating PackInfo named mod:balm for mod file /workspaces/server/servidor_minecraft/mods/balm-forge-1.20.1-7.3.41-all.jar
[15Aug2026 23:33:02.430] [main/DEBUG] [net.minecraftforge.server.ServerLifecycleHooks/CORE]: Generating PackInfo named mod:carryon for mod file /workspaces/server/servidor_minecraft/mods/carryon-forge-1.20.1-2.1.2.7.jar
[15Aug2026 23:33:02.430] [main/DEBUG] [net.minecraftforge.server.ServerLifecycleHooks/CORE]: Generating PackInfo named mod:shieldexp for mod file /workspaces/server/servidor_minecraft/mods/shieldexp-forge-1.20.1-1.3.7.jar
[15Aug2026 23:33:02.430] [main/DEBUG] [net.minecraftforge.server.ServerLifecycleHooks/CORE]: Generating PackInfo named mod:puzzlesaccessapi for mod file 
[15Aug2026 23:33:02.430] [main/DEBUG] [net.minecraftforge.server.ServerLifecycleHooks/CORE]: Generating PackInfo named mod:cloth_config for mod file /workspaces/server/servidor_minecraft/mods/cloth-config-11.1.136-forge.jar
[15Aug2026 23:33:02.430] [main/DEBUG] [net.minecraftforge.server.ServerLifecycleHooks/CORE]: Generating PackInfo named mod:forge for mod file /workspaces/server/servidor_minecraft/libraries/net/minecraftforge/forge/1.20.1-47.3.7/forge-1.20.1-47.3.7-universal.jar
[15Aug2026 23:33:02.431] [main/DEBUG] [net.minecraftforge.server.ServerLifecycleHooks/CORE]: Generating PackInfo named mod:vm for mod file /workspaces/server/servidor_minecraft/mods/VendingMachine-1.20-1.0.10.jar
[15Aug2026 23:33:02.431] [main/DEBUG] [net.minecraftforge.server.ServerLifecycleHooks/CORE]: Generating PackInfo named mod:tlskincape for mod file /workspaces/server/servidor_minecraft/mods/tl_skin_cape_forge_1.20_1.20.1-1.32.jar
[15Aug2026 23:33:02.431] [main/DEBUG] [net.minecraftforge.server.ServerLifecycleHooks/CORE]: Generating PackInfo named mod:sodiumdynamiclights for mod file /workspaces/server/servidor_minecraft/mods/sodiumdynamiclights-forge-1.0.10-1.20.1.jar
[15Aug2026 23:33:02.434] [main/DEBUG] [net.minecraftforge.server.ServerLifecycleHooks/CORE]: Generating PackInfo named mod:geophilic for mod file /workspaces/server/servidor_minecraft/mods/Geophilic v3.6.mod.jar
[15Aug2026 23:33:02.434] [main/DEBUG] [net.minecraftforge.server.ServerLifecycleHooks/CORE]: Generating PackInfo named mod:corpse for mod file /workspaces/server/servidor_minecraft/mods/corpse-forge-1.20.1-1.0.23.jar
[15Aug2026 23:33:02.434] [main/DEBUG] [net.minecraftforge.server.ServerLifecycleHooks/CORE]: Generating PackInfo named mod:nyfsspiders for mod file /workspaces/server/servidor_minecraft/mods/nyfsspiders-Forge-1.20.1-3.0.1.jar
[15Aug2026 23:33:02.434] [main/DEBUG] [net.minecraftforge.server.ServerLifecycleHooks/CORE]: Generating PackInfo named mod:dungeons_arise for mod file /workspaces/server/servidor_minecraft/mods/DungeonsArise-1.20.x-2.1.58-release.jar
[15Aug2026 23:33:02.434] [main/DEBUG] [net.minecraftforge.server.ServerLifecycleHooks/CORE]: Generating PackInfo named mod:grue_remake for mod file /workspaces/server/servidor_minecraft/mods/grue_remake-1.5.0-forge-1.20.1.jar
[15Aug2026 23:33:02.435] [main/DEBUG] [net.minecraftforge.server.ServerLifecycleHooks/CORE]: Generating PackInfo named mod:voicechat for mod file /workspaces/server/servidor_minecraft/mods/voicechat-forge-1.20.1-2.6.18.jar
[15Aug2026 23:33:02.435] [main/DEBUG] [net.minecraftforge.server.ServerLifecycleHooks/CORE]: Generating PackInfo named mod:sound_physics_remastered for mod file /workspaces/server/servidor_minecraft/mods/sound-physics-remastered-forge-1.20.1-1.5.1.jar
[15Aug2026 23:33:02.435] [main/DEBUG] [net.minecraftforge.server.ServerLifecycleHooks/CORE]: Generating PackInfo named mod:ambientsounds for mod file /workspaces/server/servidor_minecraft/mods/AmbientSounds_FORGE_v6.3.7_mc1.20.1.jar
[15Aug2026 23:33:02.435] [main/DEBUG] [net.minecraftforge.server.ServerLifecycleHooks/CORE]: Generating PackInfo named mod:fabric_api_base for mod file 
[15Aug2026 23:33:02.435] [main/DEBUG] [net.minecraftforge.server.ServerLifecycleHooks/CORE]: Generating PackInfo named mod:bettercombat for mod file /workspaces/server/servidor_minecraft/mods/bettercombat-forge-1.9.0+1.20.1.jar
[15Aug2026 23:33:02.435] [main/DEBUG] [net.minecraftforge.server.ServerLifecycleHooks/CORE]: Generating PackInfo named mod:simpleshops for mod file /workspaces/server/servidor_minecraft/mods/simpleshops-1.2.2.jar
[15Aug2026 23:33:02.436] [main/DEBUG] [net.minecraftforge.server.ServerLifecycleHooks/CORE]: Generating PackInfo named mod:mr_serversleep for mod file /workspaces/server/servidor_minecraft/mods/serversleep-mod.jar
[15Aug2026 23:33:02.436] [main/DEBUG] [net.minecraftforge.server.ServerLifecycleHooks/CORE]: Generating PackInfo named mod:creativecore for mod file /workspaces/server/servidor_minecraft/mods/CreativeCore_FORGE_v2.12.39_mc1.20.1.jar
[15Aug2026 23:33:02.437] [main/DEBUG] [net.minecraftforge.server.ServerLifecycleHooks/CORE]: Generating PackInfo named mod:awcapi for mod file 
[15Aug2026 23:33:02.438] [main/DEBUG] [net.minecraftforge.server.ServerLifecycleHooks/CORE]: Generating PackInfo named mod:mcwtrpdoors for mod file /workspaces/server/servidor_minecraft/mods/mcw-trapdoors-1.1.5-mc1.20.1forge.jar
[15Aug2026 23:33:02.438] [main/DEBUG] [net.minecraftforge.server.ServerLifecycleHooks/CORE]: Generating PackInfo named mod:epic_knights_x_better_combat for mod file /workspaces/server/servidor_minecraft/mods/Epic-Knights-x-Better-Combat.jar
[15Aug2026 23:33:02.439] [main/DEBUG] [net.minecraftforge.server.ServerLifecycleHooks/CORE]: Generating PackInfo named mod:notenoughanimations for mod file /workspaces/server/servidor_minecraft/mods/notenoughanimations-forge-1.12.4-mc1.20.1.jar
[15Aug2026 23:33:02.439] [main/DEBUG] [net.minecraftforge.server.ServerLifecycleHooks/CORE]: Generating PackInfo named mod:curios for mod file /workspaces/server/servidor_minecraft/mods/curios-forge-5.14.1+1.20.1.jar
[15Aug2026 23:33:02.439] [main/DEBUG] [net.minecraftforge.server.ServerLifecycleHooks/CORE]: Generating PackInfo named mod:collective for mod file /workspaces/server/servidor_minecraft/mods/collective-1.20.1-8.39.jar
[15Aug2026 23:33:02.439] [main/DEBUG] [net.minecraftforge.server.ServerLifecycleHooks/CORE]: Generating PackInfo named mod:storagedrawers for mod file /workspaces/server/servidor_minecraft/mods/StorageDrawers-forge-1.20.1-12.14.3.jar
[15Aug2026 23:33:02.439] [main/DEBUG] [net.minecraftforge.server.ServerLifecycleHooks/CORE]: Generating PackInfo named mod:parcool for mod file /workspaces/server/servidor_minecraft/mods/ParCool-1.20.1-3.4.3.3.jar
[15Aug2026 23:33:02.440] [main/DEBUG] [net.minecraftforge.server.ServerLifecycleHooks/CORE]: Generating PackInfo named mod:paraglider for mod file /workspaces/server/servidor_minecraft/mods/Paraglider-forge-20.1.3.jar
[15Aug2026 23:33:02.440] [main/DEBUG] [net.minecraftforge.server.ServerLifecycleHooks/CORE]: Generating PackInfo named mod:immediatelyfast for mod file /workspaces/server/servidor_minecraft/mods/ImmediatelyFast-Forge-1.5.5+1.20.4.jar
[15Aug2026 23:33:02.440] [main/DEBUG] [net.minecraftforge.server.ServerLifecycleHooks/CORE]: Generating PackInfo named mod:mvs for mod file /workspaces/server/servidor_minecraft/mods/MoogsVoyagerStructures-1.20-5.0.6.jar
[15Aug2026 23:33:02.440] [main/DEBUG] [net.minecraftforge.server.ServerLifecycleHooks/CORE]: Generating PackInfo named mod:architectury for mod file /workspaces/server/servidor_minecraft/mods/architectury-9.2.14-forge.jar
[15Aug2026 23:33:02.441] [main/DEBUG] [net.minecraftforge.server.ServerLifecycleHooks/CORE]: Generating PackInfo named mod:octolib for mod file /workspaces/server/servidor_minecraft/mods/OctoLib-FORGE-0.4.2+1.20.1.jar
[15Aug2026 23:33:02.441] [main/DEBUG] [net.minecraftforge.server.ServerLifecycleHooks/CORE]: Generating PackInfo named mod:magistuarmory for mod file /workspaces/server/servidor_minecraft/mods/epic-knights-1.20.1-forge-10.11.jar
[15Aug2026 23:33:02.441] [main/DEBUG] [net.minecraftforge.server.ServerLifecycleHooks/CORE]: Generating PackInfo named mod:epic_knights_ice_and_fire for mod file /workspaces/server/servidor_minecraft/mods/[1.20.1-forge]-Epic-Knights-Ice-and-Fire-1.1.jar
[15Aug2026 23:33:02.441] [main/DEBUG] [net.minecraftforge.server.ServerLifecycleHooks/CORE]: Generating PackInfo named mod:appleskin for mod file /workspaces/server/servidor_minecraft/mods/appleskin-forge-mc1.20.1-2.5.1.jar
[15Aug2026 23:33:02.442] [main/DEBUG] [net.minecraftforge.server.ServerLifecycleHooks/CORE]: Generating PackInfo named mod:ferritecore for mod file /workspaces/server/servidor_minecraft/mods/ferritecore-6.0.1-forge.jar
[15Aug2026 23:33:02.442] [main/DEBUG] [net.minecraftforge.server.ServerLifecycleHooks/CORE]: Generating PackInfo named mod:globalxp for mod file /workspaces/server/servidor_minecraft/mods/globalxp-forge-1.20.1-1.11.jar
[15Aug2026 23:33:02.442] [main/DEBUG] [net.minecraftforge.server.ServerLifecycleHooks/CORE]: Generating PackInfo named mod:transition for mod file 
[15Aug2026 23:33:02.443] [main/DEBUG] [net.minecraftforge.server.ServerLifecycleHooks/CORE]: Generating PackInfo named mod:itemphysic for mod file /workspaces/server/servidor_minecraft/mods/ItemPhysic_FORGE_v1.8.13_mc1.20.1.jar
[15Aug2026 23:33:02.443] [main/DEBUG] [net.minecraftforge.server.ServerLifecycleHooks/CORE]: Generating PackInfo named mod:puzzleslib for mod file /workspaces/server/servidor_minecraft/mods/PuzzlesLib-v8.1.33-1.20.1-Forge.jar
[15Aug2026 23:33:02.443] [main/DEBUG] [net.minecraftforge.server.ServerLifecycleHooks/CORE]: Generating PackInfo named mod:moogs_structures for mod file /workspaces/server/servidor_minecraft/mods/moogs_structures-1.20-1.20.4-3.0.0-forge.jar
[15Aug2026 23:33:02.443] [main/DEBUG] [net.minecraftforge.server.ServerLifecycleHooks/CORE]: Generating PackInfo named mod:healingbed for mod file /workspaces/server/servidor_minecraft/mods/Healing+Bed+1.20.1.jar
[15Aug2026 23:33:02.443] [main/DEBUG] [net.minecraftforge.server.ServerLifecycleHooks/CORE]: Generating PackInfo named mod:playerrevive for mod file /workspaces/server/servidor_minecraft/mods/PlayerRevive_FORGE_v2.0.31_mc1.20.1.jar
[15Aug2026 23:33:02.444] [main/DEBUG] [net.minecraftforge.server.ServerLifecycleHooks/CORE]: Generating PackInfo named mod:healingcampfire for mod file /workspaces/server/servidor_minecraft/mods/healingcampfire-1.20.1-6.3.jar
[15Aug2026 23:33:02.444] [main/DEBUG] [net.minecraftforge.server.ServerLifecycleHooks/CORE]: Generating PackInfo named mod:i_heard_it_too_remastered for mod file /workspaces/server/servidor_minecraft/mods/i_heard_it_too_remastered-1.6.jar
[15Aug2026 23:33:02.459] [main/DEBUG] [mixin/]: Mixing resources.NamespaceResourceManagerAccessor from moogs_structures-common.mixins.json into net.minecraft.server.packs.resources.FallbackResourceManager
[15Aug2026 23:33:02.492] [main/DEBUG] [ModernFix/]: Generated cache for /assets in 3.260 ms
[15Aug2026 23:33:02.525] [main/DEBUG] [ModernFix/]: Generated cache for /assets in 32.38 ms
[15Aug2026 23:33:02.527] [main/DEBUG] [ModernFix/]: Generated cache for /assets in 1.083 ms
[15Aug2026 23:33:02.527] [main/DEBUG] [ModernFix/]: Generated cache for /assets in 689.8 μs
[15Aug2026 23:33:02.528] [main/DEBUG] [ModernFix/]: Generated cache for /assets in 120.6 μs
[15Aug2026 23:33:02.528] [main/DEBUG] [ModernFix/]: Generated cache for /assets in 154.7 μs
[15Aug2026 23:33:02.529] [main/DEBUG] [ModernFix/]: Generated cache for /assets in 461.7 μs
[15Aug2026 23:33:02.529] [main/DEBUG] [ModernFix/]: Generated cache for /assets in 677.0 μs
[15Aug2026 23:33:02.530] [main/DEBUG] [ModernFix/]: Generated cache for /assets in 823.2 μs
[15Aug2026 23:33:02.531] [main/DEBUG] [ModernFix/]: Generated cache for /assets in 153.0 μs
[15Aug2026 23:33:02.534] [main/DEBUG] [ModernFix/]: Generated cache for /assets in 3.239 ms
[15Aug2026 23:33:02.534] [main/DEBUG] [ModernFix/]: Generated cache for /assets in 61.22 μs
[15Aug2026 23:33:02.543] [main/DEBUG] [ModernFix/]: Generated cache for /assets in 9.030 ms
[15Aug2026 23:33:02.544] [main/DEBUG] [ModernFix/]: Generated cache for /assets in 181.7 μs
[15Aug2026 23:33:02.544] [main/DEBUG] [ModernFix/]: Generated cache for /assets in 106.6 μs
[15Aug2026 23:33:02.544] [main/DEBUG] [ModernFix/]: Generated cache for /assets in 376.5 μs
[15Aug2026 23:33:02.545] [main/DEBUG] [ModernFix/]: Generated cache for /assets in 849.1 μs
[15Aug2026 23:33:02.552] [main/DEBUG] [ModernFix/]: Generated cache for /assets in 6.124 ms
[15Aug2026 23:33:02.553] [main/DEBUG] [ModernFix/]: Generated cache for /assets in 1.638 ms
[15Aug2026 23:33:02.629] [main/DEBUG] [ModernFix/]: Generated cache for /assets in 75.12 ms
[15Aug2026 23:33:02.634] [main/DEBUG] [ModernFix/]: Generated cache for /assets in 4.516 ms
[15Aug2026 23:33:02.655] [main/DEBUG] [ModernFix/]: Generated cache for /assets in 20.81 ms
[15Aug2026 23:33:02.691] [main/DEBUG] [ModernFix/]: Generated cache for /assets in 35.99 ms
[15Aug2026 23:33:02.692] [main/DEBUG] [ModernFix/]: Generated cache for /assets in 515.3 μs
[15Aug2026 23:33:02.692] [main/DEBUG] [ModernFix/]: Generated cache for /assets in 137.2 μs
[15Aug2026 23:33:02.692] [main/DEBUG] [ModernFix/]: Generated cache for /assets in 287.9 μs
[15Aug2026 23:33:02.697] [main/DEBUG] [ModernFix/]: Generated cache for /assets in 4.412 ms
[15Aug2026 23:33:02.701] [main/DEBUG] [ModernFix/]: Generated cache for /assets in 4.019 ms
[15Aug2026 23:33:02.711] [main/DEBUG] [ModernFix/]: Generated cache for /assets in 9.732 ms
[15Aug2026 23:33:02.712] [main/DEBUG] [ModernFix/]: Generated cache for /assets in 716.2 μs
[15Aug2026 23:33:02.712] [main/DEBUG] [ModernFix/]: Generated cache for /assets in 403.7 μs
[15Aug2026 23:33:02.715] [main/DEBUG] [ModernFix/]: Generated cache for /assets in 2.900 ms
[15Aug2026 23:33:02.716] [main/DEBUG] [ModernFix/]: Generated cache for /assets in 198.2 μs
[15Aug2026 23:33:02.728] [main/DEBUG] [ModernFix/]: Generated cache for /assets in 12.21 ms
[15Aug2026 23:33:02.730] [main/DEBUG] [ModernFix/]: Generated cache for /assets in 1.084 ms
[15Aug2026 23:33:02.732] [main/DEBUG] [ModernFix/]: Generated cache for /assets in 936.3 μs
[15Aug2026 23:33:02.732] [main/DEBUG] [ModernFix/]: Generated cache for /assets in 72.82 μs
[15Aug2026 23:33:02.741] [main/DEBUG] [ModernFix/]: Generated cache for /assets in 8.552 ms
[15Aug2026 23:33:02.747] [main/DEBUG] [ModernFix/]: Generated cache for /assets in 5.644 ms
[15Aug2026 23:33:02.747] [main/DEBUG] [ModernFix/]: Generated cache for /assets in 340.8 μs
[15Aug2026 23:33:02.750] [main/DEBUG] [ModernFix/]: Generated cache for /assets in 405.3 μs
[15Aug2026 23:33:02.751] [main/DEBUG] [ModernFix/]: Generated cache for /assets in 1.438 ms
[15Aug2026 23:33:02.752] [main/DEBUG] [ModernFix/]: Generated cache for /assets in 340.8 μs
[15Aug2026 23:33:02.752] [main/DEBUG] [ModernFix/]: Generated cache for /assets in 212.7 μs
[15Aug2026 23:33:02.753] [main/DEBUG] [ModernFix/]: Generated cache for /assets in 400.1 μs
[15Aug2026 23:33:02.753] [main/DEBUG] [ModernFix/]: Generated cache for /assets in 101.8 μs
[15Aug2026 23:33:02.753] [main/DEBUG] [ModernFix/]: Generated cache for /assets in 68.44 μs
[15Aug2026 23:33:02.753] [main/DEBUG] [ModernFix/]: Generated cache for /assets in 504.6 μs
[15Aug2026 23:33:02.755] [main/DEBUG] [ModernFix/]: Generated cache for /assets in 1.292 ms
[15Aug2026 23:33:02.755] [main/DEBUG] [ModernFix/]: Generated cache for /assets in 35.35 μs
[15Aug2026 23:33:02.759] [main/DEBUG] [ModernFix/]: Generated cache for /assets in 4.352 ms
[15Aug2026 23:33:02.760] [main/DEBUG] [ModernFix/]: Generated cache for /assets in 55.34 μs
[15Aug2026 23:33:02.760] [main/DEBUG] [ModernFix/]: Generated cache for /assets in 90.33 μs
[15Aug2026 23:33:02.760] [main/DEBUG] [ModernFix/]: Generated cache for /assets in 105.1 μs
[15Aug2026 23:33:02.760] [main/DEBUG] [ModernFix/]: Generated cache for /assets in 173.1 μs
[15Aug2026 23:33:02.761] [main/DEBUG] [ModernFix/]: Generated cache for /assets in 52.77 μs
[15Aug2026 23:33:02.761] [main/DEBUG] [ModernFix/]: Generated cache for /assets in 188.5 μs
[15Aug2026 23:33:02.761] [main/DEBUG] [ModernFix/]: Generated cache for /assets in 381.1 μs
[15Aug2026 23:33:03.498] [main/DEBUG] [mixin/]: Mixing bugfix.registry_ops_cme.RegistryOpsMemoizedMixin from modernfix-modernfix.mixins.json into net.minecraft.resources.RegistryOps$1
[15Aug2026 23:33:03.519] [main/DEBUG] [mixin/]: Mixing PrimaryLevelDataMixin from citadel.mixins.json into net.minecraft.world.level.storage.PrimaryLevelData
[15Aug2026 23:33:03.519] [main/DEBUG] [mixin/]: Mixing PrimaryLevelDataMixin from collective_forge.mixins.json into net.minecraft.world.level.storage.PrimaryLevelData
[15Aug2026 23:33:03.529] [main/DEBUG] [mixin/]: Mixing MixinDragonFightManager from paraglider.mixins.json into net.minecraft.world.level.dimension.end.EndDragonFight
[15Aug2026 23:33:03.628] [main/DEBUG] [mixin/]: Mixing structures.LocateCommandMixin from moogs_structures-common.mixins.json into net.minecraft.server.commands.LocateCommand
[15Aug2026 23:33:03.628] [main/DEBUG] [mixin/]: Renaming synthetic method lambda$moogs_structures_increaseLocateRadius$0(Lnet/minecraft/core/Holder;)Z to md61d6a6$lambda$moogs_structures_increaseLocateRadius$0$0 in moogs_structures-common.mixins.json:structures.LocateCommandMixin
[15Aug2026 23:33:03.737] [main/DEBUG] [net.minecraftforge.coremod.transformer.CoreModBaseTransformer/COREMOD]: Transforming net/minecraft/server/commands/SummonCommand
[15Aug2026 23:33:03.890] [main/DEBUG] [mixin/]: Mixing collections.mob_spawning.ForgeEventFactoryMixin from lithium.mixins.json into net.minecraftforge.event.ForgeEventFactory
[15Aug2026 23:33:03.890] [main/DEBUG] [mixin/]: lithium.mixins.json:collections.mob_spawning.ForgeEventFactoryMixin: Class version 61 required is higher than the class version supported by the current version of Mixin (JAVA_16 supports class version 60)
[15Aug2026 23:33:03.890] [main/DEBUG] [mixin/]: Mixing perf.potential_spawns_alloc.ForgeEventFactoryMixin from modernfix-modernfix.mixins.json into net.minecraftforge.event.ForgeEventFactory
[15Aug2026 23:33:03.946] [main/DEBUG] [mixin/]: Mixing perf.datapack_reload_exceptions.RecipeManagerMixin from modernfix-modernfix.mixins.json into net.minecraft.world.item.crafting.RecipeManager
[15Aug2026 23:33:03.951] [main/INFO] [com.github.alexthe666.alexsmobs.AlexsMobs/]: Adding datapack listener capsid_recipes
[15Aug2026 23:33:03.952] [main/DEBUG] [mixin/]: Mixing feature.measure_time.AddReloadListenerEventWrapperMixin from modernfix-modernfix.mixins.json into net.minecraftforge.event.AddReloadListenerEvent$WrappedStateAwareListener
[15Aug2026 23:33:03.958] [main/DEBUG] [mixin/]: Mixing feature.measure_time.SimpleReloadInstanceMixin from modernfix-modernfix.mixins.json into net.minecraft.server.packs.resources.SimpleReloadInstance
[15Aug2026 23:33:03.974] [Worker-Main-3/DEBUG] [mixin/]: Mixing perf.tag_id_caching.TagEntryMixin from modernfix-modernfix.mixins.json into net.minecraft.tags.TagEntry
[15Aug2026 23:33:04.337] [Worker-Main-2/DEBUG] [mixin/]: Mixing MixinNbtPredicate from curios.mixins.json into net.minecraft.advancements.critereon.NbtPredicate
[15Aug2026 23:33:04.574] [Worker-Main-2/ERROR] [net.minecraftforge.common.ForgeHooks/]: Couldn't parse element loot_tables:parcool:grant_parcool_guide
com.google.gson.JsonSyntaxException: Expected name to be an item, was unknown string 'patchouli:guide_book'
	at net.minecraft.util.GsonHelper.m_13866_(GsonHelper.java:145) ~[server-1.20.1-20230612.114412-srg.jar%23229!/:?]
	at java.util.Optional.orElseThrow(Optional.java:403) ~[?:?]
	at net.minecraft.util.GsonHelper.m_13874_(GsonHelper.java:145) ~[server-1.20.1-20230612.114412-srg.jar%23229!/:?]
	at net.minecraft.util.GsonHelper.m_13909_(GsonHelper.java:153) ~[server-1.20.1-20230612.114412-srg.jar%23229!/:?]
	at net.minecraft.world.level.storage.loot.entries.LootItem$Serializer.m_7267_(LootItem.java:55) ~[server-1.20.1-20230612.114412-srg.jar%23229!/:?]
	at net.minecraft.world.level.storage.loot.entries.LootItem$Serializer.m_7267_(LootItem.java:40) ~[server-1.20.1-20230612.114412-srg.jar%23229!/:?]
	at net.minecraft.world.level.storage.loot.entries.LootPoolSingletonContainer$Serializer.m_5921_(LootPoolSingletonContainer.java:151) ~[server-1.20.1-20230612.114412-srg.jar%23229!/:?]
	at net.minecraft.world.level.storage.loot.entries.LootPoolSingletonContainer$Serializer.m_5921_(LootPoolSingletonContainer.java:129) ~[server-1.20.1-20230612.114412-srg.jar%23229!/:?]
	at net.minecraft.world.level.storage.loot.entries.LootPoolEntryContainer$Serializer.m_7561_(LootPoolEntryContainer.java:86) ~[server-1.20.1-20230612.114412-srg.jar%23229!/:?]
	at net.minecraft.world.level.storage.loot.entries.LootPoolEntryContainer$Serializer.m_7561_(LootPoolEntryContainer.java:74) ~[server-1.20.1-20230612.114412-srg.jar%23229!/:?]
	at net.minecraft.world.level.storage.loot.GsonAdapterFactory$JsonAdapter.deserialize(GsonAdapterFactory.java:102) ~[server-1.20.1-20230612.114412-srg.jar%23229!/:?]
	at com.google.gson.internal.bind.TreeTypeAdapter.read(TreeTypeAdapter.java:76) ~[gson-2.10.jar%2372!/:?]
	at com.google.gson.internal.bind.TypeAdapterRuntimeTypeWrapper.read(TypeAdapterRuntimeTypeWrapper.java:40) ~[gson-2.10.jar%2372!/:?]
	at com.google.gson.internal.bind.ArrayTypeAdapter.read(ArrayTypeAdapter.java:72) ~[gson-2.10.jar%2372!/:?]
	at com.google.gson.Gson.fromJson(Gson.java:1214) ~[gson-2.10.jar%2372!/:?]
	at com.google.gson.Gson.fromJson(Gson.java:1319) ~[gson-2.10.jar%2372!/:?]
	at com.google.gson.Gson.fromJson(Gson.java:1290) ~[gson-2.10.jar%2372!/:?]
	at com.google.gson.internal.bind.TreeTypeAdapter$GsonContextImpl.deserialize(TreeTypeAdapter.java:179) ~[gson-2.10.jar%2372!/:?]
	at net.minecraft.util.GsonHelper.m_13808_(GsonHelper.java:463) ~[server-1.20.1-20230612.114412-srg.jar%23229!/:?]
	at net.minecraft.util.GsonHelper.m_13836_(GsonHelper.java:471) ~[server-1.20.1-20230612.114412-srg.jar%23229!/:?]
	at net.minecraft.world.level.storage.loot.LootPool$Serializer.deserialize(LootPool.java:192) ~[server-1.20.1-20230612.114412-srg.jar%23229!/:?]
	at net.minecraft.world.level.storage.loot.LootPool$Serializer.deserialize(LootPool.java:189) ~[server-1.20.1-20230612.114412-srg.jar%23229!/:?]
	at com.google.gson.internal.bind.TreeTypeAdapter.read(TreeTypeAdapter.java:76) ~[gson-2.10.jar%2372!/:?]
	at com.google.gson.internal.bind.TypeAdapterRuntimeTypeWrapper.read(TypeAdapterRuntimeTypeWrapper.java:40) ~[gson-2.10.jar%2372!/:?]
	at com.google.gson.internal.bind.ArrayTypeAdapter.read(ArrayTypeAdapter.java:72) ~[gson-2.10.jar%2372!/:?]
	at com.google.gson.Gson.fromJson(Gson.java:1214) ~[gson-2.10.jar%2372!/:?]
	at com.google.gson.Gson.fromJson(Gson.java:1319) ~[gson-2.10.jar%2372!/:?]
	at com.google.gson.Gson.fromJson(Gson.java:1290) ~[gson-2.10.jar%2372!/:?]
	at com.google.gson.internal.bind.TreeTypeAdapter$GsonContextImpl.deserialize(TreeTypeAdapter.java:179) ~[gson-2.10.jar%2372!/:?]
	at net.minecraft.util.GsonHelper.m_13808_(GsonHelper.java:463) ~[server-1.20.1-20230612.114412-srg.jar%23229!/:?]
	at net.minecraft.util.GsonHelper.m_13845_(GsonHelper.java:481) ~[server-1.20.1-20230612.114412-srg.jar%23229!/:?]
	at net.minecraft.world.level.storage.loot.LootTable$Serializer.deserialize(LootTable.java:294) ~[server-1.20.1-20230612.114412-srg.jar%23229!/:?]
	at net.minecraft.world.level.storage.loot.LootTable$Serializer.deserialize(LootTable.java:291) ~[server-1.20.1-20230612.114412-srg.jar%23229!/:?]
	at com.google.gson.internal.bind.TreeTypeAdapter.read(TreeTypeAdapter.java:76) ~[gson-2.10.jar%2372!/:?]
	at com.google.gson.Gson.fromJson(Gson.java:1214) ~[gson-2.10.jar%2372!/:?]
	at com.google.gson.Gson.fromJson(Gson.java:1319) ~[gson-2.10.jar%2372!/:?]
	at com.google.gson.Gson.fromJson(Gson.java:1261) ~[gson-2.10.jar%2372!/:?]
	at net.minecraftforge.common.ForgeHooks.loadLootTable(ForgeHooks.java:871) ~[forge-1.20.1-47.3.7-universal.jar%23234!/:?]
	at net.minecraftforge.common.ForgeHooks.lambda$getLootTableDeserializer$3(ForgeHooks.java:848) ~[forge-1.20.1-47.3.7-universal.jar%23234!/:?]
	at net.minecraft.world.level.storage.loot.LootDataType.deserialize(LootDataType.java:45) ~[server-1.20.1-20230612.114412-srg.jar%23229!/:?]
	at net.minecraft.world.level.storage.loot.LootDataManager.lambda$scheduleElementParse$4(LootDataManager.java:56) ~[server-1.20.1-20230612.114412-srg.jar%23229!/:?]
	at java.util.HashMap.forEach(HashMap.java:1421) ~[?:?]
	at net.minecraft.world.level.storage.loot.LootDataManager.m_278660_(LootDataManager.java:55) ~[server-1.20.1-20230612.114412-srg.jar%23229!/:?]
	at java.util.concurrent.CompletableFuture$AsyncRun.run(CompletableFuture.java:1804) ~[?:?]
	at java.util.concurrent.CompletableFuture$AsyncRun.exec(CompletableFuture.java:1796) ~[?:?]
	at java.util.concurrent.ForkJoinTask.doExec(ForkJoinTask.java:373) ~[?:?]
	at java.util.concurrent.ForkJoinPool$WorkQueue.topLevelExec(ForkJoinPool.java:1182) ~[?:?]
	at java.util.concurrent.ForkJoinPool.scan(ForkJoinPool.java:1655) ~[?:?]
	at java.util.concurrent.ForkJoinPool.runWorker(ForkJoinPool.java:1622) ~[?:?]
	at java.util.concurrent.ForkJoinWorkerThread.run(ForkJoinWorkerThread.java:165) ~[?:?]
[15Aug2026 23:33:04.723] [main/ERROR] [net.minecraft.world.item.crafting.RecipeManager/]: Parsing error loading recipe parcool:parcool_guide: com.google.gson.JsonSyntaxException: Unknown item 'patchouli:guide_book'
[15Aug2026 23:33:04.778] [main/INFO] [net.minecraft.world.item.crafting.RecipeManager/]: Loaded 10 recipes
[15Aug2026 23:33:04.891] [main/INFO] [net.minecraft.advancements.AdvancementList/]: Loaded 2204 advancements
[15Aug2026 23:33:04.906] [main/INFO] [top.theillusivec4.curios.Curios/]: Loaded 11 curio slots
[15Aug2026 23:33:04.908] [main/ERROR] [top.theillusivec4.curios.Curios/]: talisman is not a registered slot type!
[15Aug2026 23:33:04.909] [main/INFO] [top.theillusivec4.curios.Curios/]: Loaded 1 curio entities
[15Aug2026 23:33:04.956] [main/WARN] [ModernFix/]: Initial datapack load took 2.636 s
[15Aug2026 23:33:04.976] [main/DEBUG] [net.minecraftforge.common.ForgeHooks/WP]: Gathering id map for writing to world save world
[15Aug2026 23:33:05.076] [main/DEBUG] [net.minecraftforge.common.ForgeHooks/WP]: ID Map collection complete world
[15Aug2026 23:33:05.130] [main/DEBUG] [mixin/]: Mixing feature.mcfunction_profiling.ServerFunctionManagerMixin from modernfix-modernfix.mixins.json into net.minecraft.server.ServerFunctionManager
[15Aug2026 23:33:05.130] [main/DEBUG] [mixin/]: Renaming synthetic method lambda$mfix$getProfilingResults$2(Ljava/util/Map$Entry;)Ljava/time/Duration; to md61d6a6$lambda$mfix$getProfilingResults$2$0 in modernfix-modernfix.mixins.json:feature.mcfunction_profiling.ServerFunctionManagerMixin
[15Aug2026 23:33:05.130] [main/DEBUG] [mixin/]: Renaming synthetic method lambda$pruneUnusedWatches$1(Lcom/google/common/base/Stopwatch;)Z to md61d6a6$lambda$pruneUnusedWatches$1$1 in modernfix-modernfix.mixins.json:feature.mcfunction_profiling.ServerFunctionManagerMixin
[15Aug2026 23:33:05.130] [main/DEBUG] [mixin/]: Renaming synthetic method lambda$startWatch$0(Lnet/minecraft/resources/ResourceLocation;)Lcom/google/common/base/Stopwatch; to md61d6a6$lambda$startWatch$0$2 in modernfix-modernfix.mixins.json:feature.mcfunction_profiling.ServerFunctionManagerMixin
[15Aug2026 23:33:05.144] [Server thread/INFO] [net.minecraft.server.dedicated.DedicatedServer/]: Starting minecraft server version 1.20.1
[15Aug2026 23:33:05.144] [Server thread/INFO] [net.minecraft.server.dedicated.DedicatedServer/]: Loading properties
[15Aug2026 23:33:05.144] [Server thread/INFO] [net.minecraft.server.dedicated.DedicatedServer/]: Default game type: SURVIVAL
[15Aug2026 23:33:05.144] [Server thread/INFO] [net.minecraft.server.MinecraftServer/]: Generating keypair
[15Aug2026 23:33:05.342] [Server thread/INFO] [net.minecraft.server.dedicated.DedicatedServer/]: Starting Minecraft server on *:25565
[15Aug2026 23:33:05.343] [Server thread/DEBUG] [net.minecraftforge.network.DualStackUtils/]: Detected IPv6 address: "0:0:0:0:0:0:0:0"
[15Aug2026 23:33:05.349] [Server thread/DEBUG] [io.netty.util.internal.NativeLibraryLoader/]: -Dio.netty.native.workdir: /tmp (io.netty.tmpdir)
[15Aug2026 23:33:05.349] [Server thread/DEBUG] [io.netty.util.internal.NativeLibraryLoader/]: -Dio.netty.native.deleteLibAfterLoading: true
[15Aug2026 23:33:05.349] [Server thread/DEBUG] [io.netty.util.internal.NativeLibraryLoader/]: -Dio.netty.native.tryPatchShadedId: true
[15Aug2026 23:33:05.349] [Server thread/DEBUG] [io.netty.util.internal.NativeLibraryLoader/]: -Dio.netty.native.detectNativeLibraryDuplicates: true
[15Aug2026 23:33:05.356] [Server thread/DEBUG] [io.netty.util.internal.NativeLibraryLoader/]: Successfully loaded the library /tmp/libnetty_transport_native_epoll_x86_6413591841941095126747.so
[15Aug2026 23:33:05.358] [Server thread/DEBUG] [io.netty.util.NetUtil/]: -Djava.net.preferIPv4Stack: false
[15Aug2026 23:33:05.358] [Server thread/DEBUG] [io.netty.util.NetUtil/]: -Djava.net.preferIPv6Addresses: true
[15Aug2026 23:33:05.359] [Server thread/DEBUG] [io.netty.util.NetUtilInitializations/]: Loopback interface: lo (lo, 0:0:0:0:0:0:0:1%lo)
[15Aug2026 23:33:05.360] [Server thread/DEBUG] [io.netty.util.NetUtil/]: /proc/sys/net/core/somaxconn: 4096
[15Aug2026 23:33:05.363] [Server thread/INFO] [net.minecraft.server.network.ServerConnectionListener/]: Using epoll channel type
[15Aug2026 23:33:05.373] [Server thread/DEBUG] [mixin/]: Mixing perf.smart_ingredient_sync.ConnectionMixin from modernfix-modernfix.mixins.json into net.minecraft.network.Connection
[15Aug2026 23:33:05.380] [Server thread/DEBUG] [io.netty.channel.MultithreadEventLoopGroup/]: -Dio.netty.eventLoopThreads: 8
[15Aug2026 23:33:05.402] [Server thread/DEBUG] [io.netty.util.internal.PlatformDependent/]: org.jctools-core.MpscChunkedArrayQueue: available
[15Aug2026 23:33:05.411] [Server thread/DEBUG] [io.netty.channel.DefaultChannelId/]: -Dio.netty.processId: 6494 (auto-detected)
[15Aug2026 23:33:05.412] [Server thread/DEBUG] [io.netty.channel.DefaultChannelId/]: -Dio.netty.machineId: 7c:1e:52:ff:fe:6f:48:73 (auto-detected)
[15Aug2026 23:33:05.427] [Server thread/DEBUG] [io.netty.buffer.PooledByteBufAllocator/]: -Dio.netty.allocator.numHeapArenas: 8
[15Aug2026 23:33:05.427] [Server thread/DEBUG] [io.netty.buffer.PooledByteBufAllocator/]: -Dio.netty.allocator.numDirectArenas: 8
[15Aug2026 23:33:05.427] [Server thread/DEBUG] [io.netty.buffer.PooledByteBufAllocator/]: -Dio.netty.allocator.pageSize: 8192
[15Aug2026 23:33:05.427] [Server thread/DEBUG] [io.netty.buffer.PooledByteBufAllocator/]: -Dio.netty.allocator.maxOrder: 9
[15Aug2026 23:33:05.427] [Server thread/DEBUG] [io.netty.buffer.PooledByteBufAllocator/]: -Dio.netty.allocator.chunkSize: 4194304
[15Aug2026 23:33:05.427] [Server thread/DEBUG] [io.netty.buffer.PooledByteBufAllocator/]: -Dio.netty.allocator.smallCacheSize: 256
[15Aug2026 23:33:05.427] [Server thread/DEBUG] [io.netty.buffer.PooledByteBufAllocator/]: -Dio.netty.allocator.normalCacheSize: 64
[15Aug2026 23:33:05.427] [Server thread/DEBUG] [io.netty.buffer.PooledByteBufAllocator/]: -Dio.netty.allocator.maxCachedBufferCapacity: 32768
[15Aug2026 23:33:05.427] [Server thread/DEBUG] [io.netty.buffer.PooledByteBufAllocator/]: -Dio.netty.allocator.cacheTrimInterval: 8192
[15Aug2026 23:33:05.428] [Server thread/DEBUG] [io.netty.buffer.PooledByteBufAllocator/]: -Dio.netty.allocator.cacheTrimIntervalMillis: 0
[15Aug2026 23:33:05.428] [Server thread/DEBUG] [io.netty.buffer.PooledByteBufAllocator/]: -Dio.netty.allocator.useCacheForAllThreads: false
[15Aug2026 23:33:05.428] [Server thread/DEBUG] [io.netty.buffer.PooledByteBufAllocator/]: -Dio.netty.allocator.maxCachedByteBuffersPerChunk: 1023
[15Aug2026 23:33:05.434] [Server thread/DEBUG] [io.netty.buffer.ByteBufUtil/]: -Dio.netty.allocator.type: pooled
[15Aug2026 23:33:05.434] [Server thread/DEBUG] [io.netty.buffer.ByteBufUtil/]: -Dio.netty.threadLocalDirectBufferSize: 0
[15Aug2026 23:33:05.434] [Server thread/DEBUG] [io.netty.buffer.ByteBufUtil/]: -Dio.netty.maxThreadLocalCharBufferSize: 16384
[15Aug2026 23:33:05.442] [Server thread/WARN] [net.minecraft.server.dedicated.DedicatedServer/]: **** SERVER IS RUNNING IN OFFLINE/INSECURE MODE!
[15Aug2026 23:33:05.443] [Server thread/WARN] [net.minecraft.server.dedicated.DedicatedServer/]: The server will make no attempt to authenticate usernames. Beware.
[15Aug2026 23:33:05.443] [Server thread/WARN] [net.minecraft.server.dedicated.DedicatedServer/]: While this makes the game possible to play without internet access, it also opens up the ability for hackers to connect with any username they choose.
[15Aug2026 23:33:05.443] [Server thread/WARN] [net.minecraft.server.dedicated.DedicatedServer/]: To change this, set "online-mode" to "true" in the server.properties file.
[15Aug2026 23:33:05.455] [Server thread/DEBUG] [net.minecraftforge.fml.config.ConfigTracker/CONFIG]: Loading configs type SERVER
[15Aug2026 23:33:05.455] [Server thread/DEBUG] [net.minecraftforge.fml.config.ConfigFileTypeHandler/CONFIG]: Built TOML config for ./world/serverconfig/jei-server.toml
[15Aug2026 23:33:05.456] [Server thread/DEBUG] [net.minecraftforge.fml.config.ConfigFileTypeHandler/CONFIG]: Loaded TOML config file ./world/serverconfig/jei-server.toml
[15Aug2026 23:33:05.456] [Server thread/DEBUG] [net.minecraftforge.fml.config.ConfigFileTypeHandler/CONFIG]: Watching TOML config file ./world/serverconfig/jei-server.toml for changes
[15Aug2026 23:33:05.456] [Server thread/WARN] [net.minecraftforge.common.ForgeConfigSpec/CORE]: Configuration file ./world/serverconfig/jei-server.toml is not correct. Correcting
[15Aug2026 23:33:05.457] [Server thread/WARN] [net.minecraftforge.common.ForgeConfigSpec/CORE]: Incorrect key cheat mode was corrected from null to its default, SimpleCommentedConfig:{}. 
[15Aug2026 23:33:05.458] [Server thread/WARN] [net.minecraftforge.common.ForgeConfigSpec/CORE]: Incorrect key cheat mode.enableCheatModeForOp was corrected from null to its default, true. 
[15Aug2026 23:33:05.459] [Server thread/DEBUG] [net.minecraftforge.common.ForgeConfigSpec/CORE]: The comment on key cheat mode.enableCheatModeForOp does not match the spec. This may create a backup.
[15Aug2026 23:33:05.459] [Server thread/WARN] [net.minecraftforge.common.ForgeConfigSpec/CORE]: Incorrect key cheat mode.enableCheatModeForCreative was corrected from null to its default, true. 
[15Aug2026 23:33:05.459] [Server thread/DEBUG] [net.minecraftforge.common.ForgeConfigSpec/CORE]: The comment on key cheat mode.enableCheatModeForCreative does not match the spec. This may create a backup.
[15Aug2026 23:33:05.459] [Server thread/WARN] [net.minecraftforge.common.ForgeConfigSpec/CORE]: Incorrect key cheat mode.enableCheatModeForGive was corrected from null to its default, false. 
[15Aug2026 23:33:05.459] [Server thread/DEBUG] [net.minecraftforge.common.ForgeConfigSpec/CORE]: The comment on key cheat mode.enableCheatModeForGive does not match the spec. This may create a backup.
[15Aug2026 23:33:05.460] [Server thread/DEBUG] [net.minecraftforge.fml.config.ConfigFileTypeHandler/CONFIG]: Built TOML config for ./world/serverconfig/travelersbackpack-server.toml
[15Aug2026 23:33:05.460] [Server thread/DEBUG] [net.minecraftforge.fml.config.ConfigFileTypeHandler/CONFIG]: Loaded TOML config file ./world/serverconfig/travelersbackpack-server.toml
[15Aug2026 23:33:05.460] [Server thread/DEBUG] [net.minecraftforge.fml.config.ConfigFileTypeHandler/CONFIG]: Watching TOML config file ./world/serverconfig/travelersbackpack-server.toml for changes
[15Aug2026 23:33:05.460] [Server thread/WARN] [net.minecraftforge.common.ForgeConfigSpec/CORE]: Configuration file ./world/serverconfig/travelersbackpack-server.toml is not correct. Correcting
[15Aug2026 23:33:05.462] [Server thread/WARN] [net.minecraftforge.common.ForgeConfigSpec/CORE]: Incorrect key server was corrected from null to its default, SimpleCommentedConfig:{}. 
[15Aug2026 23:33:05.462] [Server thread/WARN] [net.minecraftforge.common.ForgeConfigSpec/CORE]: Incorrect key server.backpackSettings was corrected from null to its default, SimpleCommentedConfig:{}. 
[15Aug2026 23:33:05.462] [Server thread/WARN] [net.minecraftforge.common.ForgeConfigSpec/CORE]: Incorrect key server.backpackSettings.leatherTierBackpack was corrected from null to its default, SimpleCommentedConfig:{}. 
[15Aug2026 23:33:05.462] [Server thread/WARN] [net.minecraftforge.common.ForgeConfigSpec/CORE]: Incorrect key server.backpackSettings.leatherTierBackpack.inventorySlotCount was corrected from null to its default, 27. 
[15Aug2026 23:33:05.462] [Server thread/DEBUG] [net.minecraftforge.common.ForgeConfigSpec/CORE]: The comment on key server.backpackSettings.leatherTierBackpack.inventorySlotCount does not match the spec. This may create a backup.
[15Aug2026 23:33:05.462] [Server thread/WARN] [net.minecraftforge.common.ForgeConfigSpec/CORE]: Incorrect key server.backpackSettings.leatherTierBackpack.upgradeSlotCount was corrected from null to its default, 2. 
[15Aug2026 23:33:05.463] [Server thread/DEBUG] [net.minecraftforge.common.ForgeConfigSpec/CORE]: The comment on key server.backpackSettings.leatherTierBackpack.upgradeSlotCount does not match the spec. This may create a backup.
[15Aug2026 23:33:05.463] [Server thread/WARN] [net.minecraftforge.common.ForgeConfigSpec/CORE]: Incorrect key server.backpackSettings.leatherTierBackpack.toolSlotCount was corrected from null to its default, 2. 
[15Aug2026 23:33:05.463] [Server thread/DEBUG] [net.minecraftforge.common.ForgeConfigSpec/CORE]: The comment on key server.backpackSettings.leatherTierBackpack.toolSlotCount does not match the spec. This may create a backup.
[15Aug2026 23:33:05.463] [Server thread/WARN] [net.minecraftforge.common.ForgeConfigSpec/CORE]: Incorrect key server.backpackSettings.leatherTierBackpack.tankCapacity was corrected from null to its default, 1000. 
[15Aug2026 23:33:05.463] [Server thread/DEBUG] [net.minecraftforge.common.ForgeConfigSpec/CORE]: The comment on key server.backpackSettings.leatherTierBackpack.tankCapacity does not match the spec. This may create a backup.
[15Aug2026 23:33:05.463] [Server thread/DEBUG] [net.minecraftforge.common.ForgeConfigSpec/CORE]: The comment on key server.backpackSettings.leatherTierBackpack does not match the spec. This may create a backup.
[15Aug2026 23:33:05.463] [Server thread/WARN] [net.minecraftforge.common.ForgeConfigSpec/CORE]: Incorrect key server.backpackSettings.ironTierBackpack was corrected from null to its default, SimpleCommentedConfig:{}. 
[15Aug2026 23:33:05.463] [Server thread/WARN] [net.minecraftforge.common.ForgeConfigSpec/CORE]: Incorrect key server.backpackSettings.ironTierBackpack.inventorySlotCount was corrected from null to its default, 45. 
[15Aug2026 23:33:05.463] [Server thread/DEBUG] [net.minecraftforge.common.ForgeConfigSpec/CORE]: The comment on key server.backpackSettings.ironTierBackpack.inventorySlotCount does not match the spec. This may create a backup.
[15Aug2026 23:33:05.463] [Server thread/WARN] [net.minecraftforge.common.ForgeConfigSpec/CORE]: Incorrect key server.backpackSettings.ironTierBackpack.upgradeSlotCount was corrected from null to its default, 3. 
[15Aug2026 23:33:05.464] [Server thread/DEBUG] [net.minecraftforge.common.ForgeConfigSpec/CORE]: The comment on key server.backpackSettings.ironTierBackpack.upgradeSlotCount does not match the spec. This may create a backup.
[15Aug2026 23:33:05.464] [Server thread/WARN] [net.minecraftforge.common.ForgeConfigSpec/CORE]: Incorrect key server.backpackSettings.ironTierBackpack.toolSlotCount was corrected from null to its default, 3. 
[15Aug2026 23:33:05.465] [Server thread/DEBUG] [net.minecraftforge.common.ForgeConfigSpec/CORE]: The comment on key server.backpackSettings.ironTierBackpack.toolSlotCount does not match the spec. This may create a backup.
[15Aug2026 23:33:05.465] [Server thread/WARN] [net.minecraftforge.common.ForgeConfigSpec/CORE]: Incorrect key server.backpackSettings.ironTierBackpack.tankCapacity was corrected from null to its default, 1000. 
[15Aug2026 23:33:05.465] [Server thread/DEBUG] [net.minecraftforge.common.ForgeConfigSpec/CORE]: The comment on key server.backpackSettings.ironTierBackpack.tankCapacity does not match the spec. This may create a backup.
[15Aug2026 23:33:05.465] [Server thread/DEBUG] [net.minecraftforge.common.ForgeConfigSpec/CORE]: The comment on key server.backpackSettings.ironTierBackpack does not match the spec. This may create a backup.
[15Aug2026 23:33:05.465] [Server thread/WARN] [net.minecraftforge.common.ForgeConfigSpec/CORE]: Incorrect key server.backpackSettings.goldTierBackpack was corrected from null to its default, SimpleCommentedConfig:{}. 
[15Aug2026 23:33:05.465] [Server thread/WARN] [net.minecraftforge.common.ForgeConfigSpec/CORE]: Incorrect key server.backpackSettings.goldTierBackpack.inventorySlotCount was corrected from null to its default, 63. 
[15Aug2026 23:33:05.465] [Server thread/DEBUG] [net.minecraftforge.common.ForgeConfigSpec/CORE]: The comment on key server.backpackSettings.goldTierBackpack.inventorySlotCount does not match the spec. This may create a backup.
[15Aug2026 23:33:05.465] [Server thread/WARN] [net.minecraftforge.common.ForgeConfigSpec/CORE]: Incorrect key server.backpackSettings.goldTierBackpack.upgradeSlotCount was corrected from null to its default, 4. 
[15Aug2026 23:33:05.465] [Server thread/DEBUG] [net.minecraftforge.common.ForgeConfigSpec/CORE]: The comment on key server.backpackSettings.goldTierBackpack.upgradeSlotCount does not match the spec. This may create a backup.
[15Aug2026 23:33:05.466] [Server thread/WARN] [net.minecraftforge.common.ForgeConfigSpec/CORE]: Incorrect key server.backpackSettings.goldTierBackpack.toolSlotCount was corrected from null to its default, 4. 
[15Aug2026 23:33:05.466] [Server thread/DEBUG] [net.minecraftforge.common.ForgeConfigSpec/CORE]: The comment on key server.backpackSettings.goldTierBackpack.toolSlotCount does not match the spec. This may create a backup.
[15Aug2026 23:33:05.466] [Server thread/WARN] [net.minecraftforge.common.ForgeConfigSpec/CORE]: Incorrect key server.backpackSettings.goldTierBackpack.tankCapacity was corrected from null to its default, 1000. 
[15Aug2026 23:33:05.467] [Server thread/DEBUG] [net.minecraftforge.common.ForgeConfigSpec/CORE]: The comment on key server.backpackSettings.goldTierBackpack.tankCapacity does not match the spec. This may create a backup.
[15Aug2026 23:33:05.467] [Server thread/DEBUG] [net.minecraftforge.common.ForgeConfigSpec/CORE]: The comment on key server.backpackSettings.goldTierBackpack does not match the spec. This may create a backup.
[15Aug2026 23:33:05.467] [Server thread/WARN] [net.minecraftforge.common.ForgeConfigSpec/CORE]: Incorrect key server.backpackSettings.diamondTierBackpack was corrected from null to its default, SimpleCommentedConfig:{}. 
[15Aug2026 23:33:05.467] [Server thread/WARN] [net.minecraftforge.common.ForgeConfigSpec/CORE]: Incorrect key server.backpackSettings.diamondTierBackpack.inventorySlotCount was corrected from null to its default, 81. 
[15Aug2026 23:33:05.467] [Server thread/DEBUG] [net.minecraftforge.common.ForgeConfigSpec/CORE]: The comment on key server.backpackSettings.diamondTierBackpack.inventorySlotCount does not match the spec. This may create a backup.
[15Aug2026 23:33:05.467] [Server thread/WARN] [net.minecraftforge.common.ForgeConfigSpec/CORE]: Incorrect key server.backpackSettings.diamondTierBackpack.upgradeSlotCount was corrected from null to its default, 5. 
[15Aug2026 23:33:05.467] [Server thread/DEBUG] [net.minecraftforge.common.ForgeConfigSpec/CORE]: The comment on key server.backpackSettings.diamondTierBackpack.upgradeSlotCount does not match the spec. This may create a backup.
[15Aug2026 23:33:05.467] [Server thread/WARN] [net.minecraftforge.common.ForgeConfigSpec/CORE]: Incorrect key server.backpackSettings.diamondTierBackpack.toolSlotCount was corrected from null to its default, 5. 
[15Aug2026 23:33:05.467] [Server thread/DEBUG] [net.minecraftforge.common.ForgeConfigSpec/CORE]: The comment on key server.backpackSettings.diamondTierBackpack.toolSlotCount does not match the spec. This may create a backup.
[15Aug2026 23:33:05.467] [Server thread/WARN] [net.minecraftforge.common.ForgeConfigSpec/CORE]: Incorrect key server.backpackSettings.diamondTierBackpack.tankCapacity was corrected from null to its default, 1000. 
[15Aug2026 23:33:05.468] [Server thread/DEBUG] [net.minecraftforge.common.ForgeConfigSpec/CORE]: The comment on key server.backpackSettings.diamondTierBackpack.tankCapacity does not match the spec. This may create a backup.
[15Aug2026 23:33:05.468] [Server thread/DEBUG] [net.minecraftforge.common.ForgeConfigSpec/CORE]: The comment on key server.backpackSettings.diamondTierBackpack does not match the spec. This may create a backup.
[15Aug2026 23:33:05.468] [Server thread/WARN] [net.minecraftforge.common.ForgeConfigSpec/CORE]: Incorrect key server.backpackSettings.netheriteTierBackpack was corrected from null to its default, SimpleCommentedConfig:{}. 
[15Aug2026 23:33:05.468] [Server thread/WARN] [net.minecraftforge.common.ForgeConfigSpec/CORE]: Incorrect key server.backpackSettings.netheriteTierBackpack.inventorySlotCount was corrected from null to its default, 99. 
[15Aug2026 23:33:05.468] [Server thread/DEBUG] [net.minecraftforge.common.ForgeConfigSpec/CORE]: The comment on key server.backpackSettings.netheriteTierBackpack.inventorySlotCount does not match the spec. This may create a backup.
[15Aug2026 23:33:05.468] [Server thread/WARN] [net.minecraftforge.common.ForgeConfigSpec/CORE]: Incorrect key server.backpackSettings.netheriteTierBackpack.upgradeSlotCount was corrected from null to its default, 6. 
[15Aug2026 23:33:05.468] [Server thread/DEBUG] [net.minecraftforge.common.ForgeConfigSpec/CORE]: The comment on key server.backpackSettings.netheriteTierBackpack.upgradeSlotCount does not match the spec. This may create a backup.
[15Aug2026 23:33:05.468] [Server thread/WARN] [net.minecraftforge.common.ForgeConfigSpec/CORE]: Incorrect key server.backpackSettings.netheriteTierBackpack.toolSlotCount was corrected from null to its default, 6. 
[15Aug2026 23:33:05.468] [Server thread/DEBUG] [net.minecraftforge.common.ForgeConfigSpec/CORE]: The comment on key server.backpackSettings.netheriteTierBackpack.toolSlotCount does not match the spec. This may create a backup.
[15Aug2026 23:33:05.468] [Server thread/WARN] [net.minecraftforge.common.ForgeConfigSpec/CORE]: Incorrect key server.backpackSettings.netheriteTierBackpack.tankCapacity was corrected from null to its default, 1000. 
[15Aug2026 23:33:05.469] [Server thread/DEBUG] [net.minecraftforge.common.ForgeConfigSpec/CORE]: The comment on key server.backpackSettings.netheriteTierBackpack.tankCapacity does not match the spec. This may create a backup.
[15Aug2026 23:33:05.469] [Server thread/DEBUG] [net.minecraftforge.common.ForgeConfigSpec/CORE]: The comment on key server.backpackSettings.netheriteTierBackpack does not match the spec. This may create a backup.
[15Aug2026 23:33:05.469] [Server thread/WARN] [net.minecraftforge.common.ForgeConfigSpec/CORE]: Incorrect key server.backpackSettings.rightClickEquip was corrected from null to its default, true. 
[15Aug2026 23:33:05.469] [Server thread/DEBUG] [net.minecraftforge.common.ForgeConfigSpec/CORE]: The comment on key server.backpackSettings.rightClickEquip does not match the spec. This may create a backup.
[15Aug2026 23:33:05.469] [Server thread/WARN] [net.minecraftforge.common.ForgeConfigSpec/CORE]: Incorrect key server.backpackSettings.rightClickUnequip was corrected from null to its default, false. 
[15Aug2026 23:33:05.469] [Server thread/DEBUG] [net.minecraftforge.common.ForgeConfigSpec/CORE]: The comment on key server.backpackSettings.rightClickUnequip does not match the spec. This may create a backup.
[15Aug2026 23:33:05.469] [Server thread/WARN] [net.minecraftforge.common.ForgeConfigSpec/CORE]: Incorrect key server.backpackSettings.allowOnlyEquippedBackpack was corrected from null to its default, false. 
[15Aug2026 23:33:05.469] [Server thread/DEBUG] [net.minecraftforge.common.ForgeConfigSpec/CORE]: The comment on key server.backpackSettings.allowOnlyEquippedBackpack does not match the spec. This may create a backup.
[15Aug2026 23:33:05.469] [Server thread/WARN] [net.minecraftforge.common.ForgeConfigSpec/CORE]: Incorrect key server.backpackSettings.allowOpeningFromSlot was corrected from null to its default, false. 
[15Aug2026 23:33:05.469] [Server thread/DEBUG] [net.minecraftforge.common.ForgeConfigSpec/CORE]: The comment on key server.backpackSettings.allowOpeningFromSlot does not match the spec. This may create a backup.
[15Aug2026 23:33:05.470] [Server thread/WARN] [net.minecraftforge.common.ForgeConfigSpec/CORE]: Incorrect key server.backpackSettings.preventMultiplePlayersAccess was corrected from null to its default, false. 
[15Aug2026 23:33:05.470] [Server thread/DEBUG] [net.minecraftforge.common.ForgeConfigSpec/CORE]: The comment on key server.backpackSettings.preventMultiplePlayersAccess does not match the spec. This may create a backup.
[15Aug2026 23:33:05.470] [Server thread/WARN] [net.minecraftforge.common.ForgeConfigSpec/CORE]: Incorrect key server.backpackSettings.invulnerableBackpack was corrected from null to its default, true. 
[15Aug2026 23:33:05.470] [Server thread/DEBUG] [net.minecraftforge.common.ForgeConfigSpec/CORE]: The comment on key server.backpackSettings.invulnerableBackpack does not match the spec. This may create a backup.
[15Aug2026 23:33:05.470] [Server thread/WARN] [net.minecraftforge.common.ForgeConfigSpec/CORE]: Incorrect key server.backpackSettings.allowToolSwapping was corrected from null to its default, true. 
[15Aug2026 23:33:05.470] [Server thread/DEBUG] [net.minecraftforge.common.ForgeConfigSpec/CORE]: The comment on key server.backpackSettings.allowToolSwapping does not match the spec. This may create a backup.
[15Aug2026 23:33:05.470] [Server thread/WARN] [net.minecraftforge.common.ForgeConfigSpec/CORE]: Incorrect key server.backpackSettings.toolSlotsAcceptEverything was corrected from null to its default, false. 
[15Aug2026 23:33:05.471] [Server thread/DEBUG] [net.minecraftforge.common.ForgeConfigSpec/CORE]: The comment on key server.backpackSettings.toolSlotsAcceptEverything does not match the spec. This may create a backup.
[15Aug2026 23:33:05.471] [Server thread/DEBUG] [net.minecraftforge.common.ForgeConfigSpec/CORE]: List on key toolSlotsAcceptableItems is deemed to need correction. It is null, not a list, or an empty list. Modders, consider defineListAllowEmpty?
[15Aug2026 23:33:05.471] [Server thread/WARN] [net.minecraftforge.common.ForgeConfigSpec/CORE]: Incorrect key server.backpackSettings.toolSlotsAcceptableItems was corrected from null to its default, []. 
[15Aug2026 23:33:05.471] [Server thread/DEBUG] [net.minecraftforge.common.ForgeConfigSpec/CORE]: The comment on key server.backpackSettings.toolSlotsAcceptableItems does not match the spec. This may create a backup.
[15Aug2026 23:33:05.471] [Server thread/DEBUG] [net.minecraftforge.common.ForgeConfigSpec/CORE]: List on key blacklistedItems is deemed to need correction. It is null, not a list, or an empty list. Modders, consider defineListAllowEmpty?
[15Aug2026 23:33:05.471] [Server thread/WARN] [net.minecraftforge.common.ForgeConfigSpec/CORE]: Incorrect key server.backpackSettings.blacklistedItems was corrected from null to its default, []. 
[15Aug2026 23:33:05.471] [Server thread/DEBUG] [net.minecraftforge.common.ForgeConfigSpec/CORE]: The comment on key server.backpackSettings.blacklistedItems does not match the spec. This may create a backup.
[15Aug2026 23:33:05.471] [Server thread/WARN] [net.minecraftforge.common.ForgeConfigSpec/CORE]: Incorrect key server.backpackSettings.allowShulkerBoxes was corrected from null to its default, false. 
[15Aug2026 23:33:05.471] [Server thread/DEBUG] [net.minecraftforge.common.ForgeConfigSpec/CORE]: The comment on key server.backpackSettings.allowShulkerBoxes does not match the spec. This may create a backup.
[15Aug2026 23:33:05.471] [Server thread/WARN] [net.minecraftforge.common.ForgeConfigSpec/CORE]: Incorrect key server.backpackSettings.voidProtection was corrected from null to its default, true. 
[15Aug2026 23:33:05.472] [Server thread/DEBUG] [net.minecraftforge.common.ForgeConfigSpec/CORE]: The comment on key server.backpackSettings.voidProtection does not match the spec. This may create a backup.
[15Aug2026 23:33:05.472] [Server thread/WARN] [net.minecraftforge.common.ForgeConfigSpec/CORE]: Incorrect key server.backpackSettings.backpackDeathPlace was corrected from null to its default, true. 
[15Aug2026 23:33:05.472] [Server thread/DEBUG] [net.minecraftforge.common.ForgeConfigSpec/CORE]: The comment on key server.backpackSettings.backpackDeathPlace does not match the spec. This may create a backup.
[15Aug2026 23:33:05.472] [Server thread/WARN] [net.minecraftforge.common.ForgeConfigSpec/CORE]: Incorrect key server.backpackSettings.backpackForceDeathPlace was corrected from null to its default, false. 
[15Aug2026 23:33:05.472] [Server thread/DEBUG] [net.minecraftforge.common.ForgeConfigSpec/CORE]: The comment on key server.backpackSettings.backpackForceDeathPlace does not match the spec. This may create a backup.
[15Aug2026 23:33:05.472] [Server thread/WARN] [net.minecraftforge.common.ForgeConfigSpec/CORE]: Incorrect key server.backpackSettings.quickSleepingBag was corrected from null to its default, true. 
[15Aug2026 23:33:05.472] [Server thread/DEBUG] [net.minecraftforge.common.ForgeConfigSpec/CORE]: The comment on key server.backpackSettings.quickSleepingBag does not match the spec. This may create a backup.
[15Aug2026 23:33:05.472] [Server thread/WARN] [net.minecraftforge.common.ForgeConfigSpec/CORE]: Incorrect key server.backpackSettings.enableSleepingBagSpawnPoint was corrected from null to its default, false. 
[15Aug2026 23:33:05.472] [Server thread/WARN] [net.minecraftforge.common.ForgeConfigSpec/CORE]: Incorrect key server.backpackSettings.backSlotIntegration was corrected from null to its default, true. 
[15Aug2026 23:33:05.472] [Server thread/DEBUG] [net.minecraftforge.common.ForgeConfigSpec/CORE]: The comment on key server.backpackSettings.backSlotIntegration does not match the spec. This may create a backup.
[15Aug2026 23:33:05.472] [Server thread/WARN] [net.minecraftforge.common.ForgeConfigSpec/CORE]: Incorrect key server.backpackUpgrades was corrected from null to its default, SimpleCommentedConfig:{}. 
[15Aug2026 23:33:05.473] [Server thread/WARN] [net.minecraftforge.common.ForgeConfigSpec/CORE]: Incorrect key server.backpackUpgrades.enableSleepingBag was corrected from null to its default, true. 
[15Aug2026 23:33:05.473] [Server thread/WARN] [net.minecraftforge.common.ForgeConfigSpec/CORE]: Incorrect key server.backpackUpgrades.enableTanksUpgrade was corrected from null to its default, true. 
[15Aug2026 23:33:05.473] [Server thread/WARN] [net.minecraftforge.common.ForgeConfigSpec/CORE]: Incorrect key server.backpackUpgrades.enableCraftingUpgrade was corrected from null to its default, true. 
[15Aug2026 23:33:05.473] [Server thread/WARN] [net.minecraftforge.common.ForgeConfigSpec/CORE]: Incorrect key server.backpackUpgrades.enableFurnaceUpgrade was corrected from null to its default, true. 
[15Aug2026 23:33:05.473] [Server thread/WARN] [net.minecraftforge.common.ForgeConfigSpec/CORE]: Incorrect key server.backpackUpgrades.enableSmokerUpgrade was corrected from null to its default, true. 
[15Aug2026 23:33:05.473] [Server thread/WARN] [net.minecraftforge.common.ForgeConfigSpec/CORE]: Incorrect key server.backpackUpgrades.enableBlastFurnaceUpgrade was corrected from null to its default, true. 
[15Aug2026 23:33:05.474] [Server thread/WARN] [net.minecraftforge.common.ForgeConfigSpec/CORE]: Incorrect key server.backpackUpgrades.pickupUpgradeSettings was corrected from null to its default, SimpleCommentedConfig:{}. 
[15Aug2026 23:33:05.474] [Server thread/WARN] [net.minecraftforge.common.ForgeConfigSpec/CORE]: Incorrect key server.backpackUpgrades.pickupUpgradeSettings.enablePickupUpgrade was corrected from null to its default, true. 
[15Aug2026 23:33:05.474] [Server thread/WARN] [net.minecraftforge.common.ForgeConfigSpec/CORE]: Incorrect key server.backpackUpgrades.pickupUpgradeSettings.filterSlotCount was corrected from null to its default, 9. 
[15Aug2026 23:33:05.474] [Server thread/DEBUG] [net.minecraftforge.common.ForgeConfigSpec/CORE]: The comment on key server.backpackUpgrades.pickupUpgradeSettings.filterSlotCount does not match the spec. This may create a backup.
[15Aug2026 23:33:05.474] [Server thread/WARN] [net.minecraftforge.common.ForgeConfigSpec/CORE]: Incorrect key server.backpackUpgrades.pickupUpgradeSettings.slotsInRow was corrected from null to its default, 3. 
[15Aug2026 23:33:05.474] [Server thread/DEBUG] [net.minecraftforge.common.ForgeConfigSpec/CORE]: The comment on key server.backpackUpgrades.pickupUpgradeSettings.slotsInRow does not match the spec. This may create a backup.
[15Aug2026 23:33:05.474] [Server thread/WARN] [net.minecraftforge.common.ForgeConfigSpec/CORE]: Incorrect key server.backpackUpgrades.enableJukeboxUpgrade was corrected from null to its default, true. 
[15Aug2026 23:33:05.475] [Server thread/WARN] [net.minecraftforge.common.ForgeConfigSpec/CORE]: Incorrect key server.backpackUpgrades.magnetUpgradeSettings was corrected from null to its default, SimpleCommentedConfig:{}. 
[15Aug2026 23:33:05.475] [Server thread/WARN] [net.minecraftforge.common.ForgeConfigSpec/CORE]: Incorrect key server.backpackUpgrades.magnetUpgradeSettings.enableMagnetUpgrade was corrected from null to its default, true. 
[15Aug2026 23:33:05.475] [Server thread/WARN] [net.minecraftforge.common.ForgeConfigSpec/CORE]: Incorrect key server.backpackUpgrades.magnetUpgradeSettings.filterSlotCount was corrected from null to its default, 9. 
[15Aug2026 23:33:05.475] [Server thread/DEBUG] [net.minecraftforge.common.ForgeConfigSpec/CORE]: The comment on key server.backpackUpgrades.magnetUpgradeSettings.filterSlotCount does not match the spec. This may create a backup.
[15Aug2026 23:33:05.475] [Server thread/WARN] [net.minecraftforge.common.ForgeConfigSpec/CORE]: Incorrect key server.backpackUpgrades.magnetUpgradeSettings.slotsInRow was corrected from null to its default, 3. 
[15Aug2026 23:33:05.475] [Server thread/DEBUG] [net.minecraftforge.common.ForgeConfigSpec/CORE]: The comment on key server.backpackUpgrades.magnetUpgradeSettings.slotsInRow does not match the spec. This may create a backup.
[15Aug2026 23:33:05.475] [Server thread/WARN] [net.minecraftforge.common.ForgeConfigSpec/CORE]: Incorrect key server.backpackUpgrades.magnetUpgradeSettings.pullRange was corrected from null to its default, 5. 
[15Aug2026 23:33:05.476] [Server thread/DEBUG] [net.minecraftforge.common.ForgeConfigSpec/CORE]: The comment on key server.backpackUpgrades.magnetUpgradeSettings.pullRange does not match the spec. This may create a backup.
[15Aug2026 23:33:05.476] [Server thread/WARN] [net.minecraftforge.common.ForgeConfigSpec/CORE]: Incorrect key server.backpackUpgrades.magnetUpgradeSettings.tickRate was corrected from null to its default, 10. 
[15Aug2026 23:33:05.476] [Server thread/DEBUG] [net.minecraftforge.common.ForgeConfigSpec/CORE]: The comment on key server.backpackUpgrades.magnetUpgradeSettings.tickRate does not match the spec. This may create a backup.
[15Aug2026 23:33:05.476] [Server thread/WARN] [net.minecraftforge.common.ForgeConfigSpec/CORE]: Incorrect key server.backpackUpgrades.feedingUpgradeSettings was corrected from null to its default, SimpleCommentedConfig:{}. 
[15Aug2026 23:33:05.476] [Server thread/WARN] [net.minecraftforge.common.ForgeConfigSpec/CORE]: Incorrect key server.backpackUpgrades.feedingUpgradeSettings.enableFeedingUpgrade was corrected from null to its default, true. 
[15Aug2026 23:33:05.476] [Server thread/WARN] [net.minecraftforge.common.ForgeConfigSpec/CORE]: Incorrect key server.backpackUpgrades.feedingUpgradeSettings.filterSlotCount was corrected from null to its default, 9. 
[15Aug2026 23:33:05.476] [Server thread/DEBUG] [net.minecraftforge.common.ForgeConfigSpec/CORE]: The comment on key server.backpackUpgrades.feedingUpgradeSettings.filterSlotCount does not match the spec. This may create a backup.
[15Aug2026 23:33:05.477] [Server thread/WARN] [net.minecraftforge.common.ForgeConfigSpec/CORE]: Incorrect key server.backpackUpgrades.feedingUpgradeSettings.slotsInRow was corrected from null to its default, 3. 
[15Aug2026 23:33:05.477] [Server thread/DEBUG] [net.minecraftforge.common.ForgeConfigSpec/CORE]: The comment on key server.backpackUpgrades.feedingUpgradeSettings.slotsInRow does not match the spec. This may create a backup.
[15Aug2026 23:33:05.477] [Server thread/WARN] [net.minecraftforge.common.ForgeConfigSpec/CORE]: Incorrect key server.backpackUpgrades.feedingUpgradeSettings.tickRate was corrected from null to its default, 100. 
[15Aug2026 23:33:05.477] [Server thread/DEBUG] [net.minecraftforge.common.ForgeConfigSpec/CORE]: The comment on key server.backpackUpgrades.feedingUpgradeSettings.tickRate does not match the spec. This may create a backup.
[15Aug2026 23:33:05.477] [Server thread/WARN] [net.minecraftforge.common.ForgeConfigSpec/CORE]: Incorrect key server.backpackUpgrades.refillUpgradeSettings was corrected from null to its default, SimpleCommentedConfig:{}. 
[15Aug2026 23:33:05.477] [Server thread/WARN] [net.minecraftforge.common.ForgeConfigSpec/CORE]: Incorrect key server.backpackUpgrades.refillUpgradeSettings.enableRefillUpgrade was corrected from null to its default, true. 
[15Aug2026 23:33:05.477] [Server thread/WARN] [net.minecraftforge.common.ForgeConfigSpec/CORE]: Incorrect key server.backpackUpgrades.refillUpgradeSettings.filterSlotCount was corrected from null to its default, 9. 
[15Aug2026 23:33:05.478] [Server thread/DEBUG] [net.minecraftforge.common.ForgeConfigSpec/CORE]: The comment on key server.backpackUpgrades.refillUpgradeSettings.filterSlotCount does not match the spec. This may create a backup.
[15Aug2026 23:33:05.478] [Server thread/WARN] [net.minecraftforge.common.ForgeConfigSpec/CORE]: Incorrect key server.backpackUpgrades.refillUpgradeSettings.slotsInRow was corrected from null to its default, 3. 
[15Aug2026 23:33:05.478] [Server thread/DEBUG] [net.minecraftforge.common.ForgeConfigSpec/CORE]: The comment on key server.backpackUpgrades.refillUpgradeSettings.slotsInRow does not match the spec. This may create a backup.
[15Aug2026 23:33:05.478] [Server thread/WARN] [net.minecraftforge.common.ForgeConfigSpec/CORE]: Incorrect key server.backpackUpgrades.refillUpgradeSettings.tickRate was corrected from null to its default, 5. 
[15Aug2026 23:33:05.478] [Server thread/DEBUG] [net.minecraftforge.common.ForgeConfigSpec/CORE]: The comment on key server.backpackUpgrades.refillUpgradeSettings.tickRate does not match the spec. This may create a backup.
[15Aug2026 23:33:05.478] [Server thread/WARN] [net.minecraftforge.common.ForgeConfigSpec/CORE]: Incorrect key server.backpackUpgrades.voidUpgradeSettings was corrected from null to its default, SimpleCommentedConfig:{}. 
[15Aug2026 23:33:05.478] [Server thread/WARN] [net.minecraftforge.common.ForgeConfigSpec/CORE]: Incorrect key server.backpackUpgrades.voidUpgradeSettings.enableVoidUpgrade was corrected from null to its default, true. 
[15Aug2026 23:33:05.478] [Server thread/WARN] [net.minecraftforge.common.ForgeConfigSpec/CORE]: Incorrect key server.backpackUpgrades.voidUpgradeSettings.filterSlotCount was corrected from null to its default, 9. 
[15Aug2026 23:33:05.478] [Server thread/DEBUG] [net.minecraftforge.common.ForgeConfigSpec/CORE]: The comment on key server.backpackUpgrades.voidUpgradeSettings.filterSlotCount does not match the spec. This may create a backup.
[15Aug2026 23:33:05.478] [Server thread/WARN] [net.minecraftforge.common.ForgeConfigSpec/CORE]: Incorrect key server.backpackUpgrades.voidUpgradeSettings.slotsInRow was corrected from null to its default, 3. 
[15Aug2026 23:33:05.479] [Server thread/DEBUG] [net.minecraftforge.common.ForgeConfigSpec/CORE]: The comment on key server.backpackUpgrades.voidUpgradeSettings.slotsInRow does not match the spec. This may create a backup.
[15Aug2026 23:33:05.479] [Server thread/WARN] [net.minecraftforge.common.ForgeConfigSpec/CORE]: Incorrect key server.world was corrected from null to its default, SimpleCommentedConfig:{}. 
[15Aug2026 23:33:05.479] [Server thread/WARN] [net.minecraftforge.common.ForgeConfigSpec/CORE]: Incorrect key server.world.spawnEntitiesWithBackpack was corrected from null to its default, true. 
[15Aug2026 23:33:05.479] [Server thread/DEBUG] [net.minecraftforge.common.ForgeConfigSpec/CORE]: The comment on key server.world.spawnEntitiesWithBackpack does not match the spec. This may create a backup.
[15Aug2026 23:33:05.479] [Server thread/WARN] [net.minecraftforge.common.ForgeConfigSpec/CORE]: Incorrect key server.world.chance was corrected from null to its default, 0.005. 
[15Aug2026 23:33:05.479] [Server thread/DEBUG] [net.minecraftforge.common.ForgeConfigSpec/CORE]: The comment on key server.world.chance does not match the spec. This may create a backup.
[15Aug2026 23:33:05.479] [Server thread/DEBUG] [net.minecraftforge.common.ForgeConfigSpec/CORE]: List on key possibleOverworldEntityTypes is deemed to need correction. It is null, not a list, or an empty list. Modders, consider defineListAllowEmpty?
[15Aug2026 23:33:05.482] [Server thread/WARN] [net.minecraftforge.common.ForgeConfigSpec/CORE]: Incorrect key server.world.possibleOverworldEntityTypes was corrected from null to its default, [minecraft:zombie, minecraft:skeleton, minecraft:enderman]. 
[15Aug2026 23:33:05.482] [Server thread/DEBUG] [net.minecraftforge.common.ForgeConfigSpec/CORE]: The comment on key server.world.possibleOverworldEntityTypes does not match the spec. This may create a backup.
[15Aug2026 23:33:05.482] [Server thread/DEBUG] [net.minecraftforge.common.ForgeConfigSpec/CORE]: List on key possibleNetherEntityTypes is deemed to need correction. It is null, not a list, or an empty list. Modders, consider defineListAllowEmpty?
[15Aug2026 23:33:05.482] [Server thread/WARN] [net.minecraftforge.common.ForgeConfigSpec/CORE]: Incorrect key server.world.possibleNetherEntityTypes was corrected from null to its default, [minecraft:wither_skeleton, minecraft:piglin]. 
[15Aug2026 23:33:05.482] [Server thread/DEBUG] [net.minecraftforge.common.ForgeConfigSpec/CORE]: The comment on key server.world.possibleNetherEntityTypes does not match the spec. This may create a backup.
[15Aug2026 23:33:05.482] [Server thread/DEBUG] [net.minecraftforge.common.ForgeConfigSpec/CORE]: List on key overworldBackpacks is deemed to need correction. It is null, not a list, or an empty list. Modders, consider defineListAllowEmpty?
[15Aug2026 23:33:05.483] [Server thread/WARN] [net.minecraftforge.common.ForgeConfigSpec/CORE]: Incorrect key server.world.overworldBackpacks was corrected from null to its default, [travelersbackpack:standard, travelersbackpack:diamond, travelersbackpack:gold, travelersbackpack:emerald, travelersbackpack:iron, travelersbackpack:lapis, travelersbackpack:redstone, travelersbackpack:coal, travelersbackpack:bookshelf, travelersbackpack:sandstone, travelersbackpack:snow, travelersbackpack:sponge, travelersbackpack:cake, travelersbackpack:cactus, travelersbackpack:hay, travelersbackpack:melon, travelersbackpack:pumpkin, travelersbackpack:creeper, travelersbackpack:enderman, travelersbackpack:skeleton, travelersbackpack:spider, travelersbackpack:bee, travelersbackpack:wolf, travelersbackpack:fox, travelersbackpack:ocelot, travelersbackpack:horse, travelersbackpack:cow, travelersbackpack:pig, travelersbackpack:sheep, travelersbackpack:chicken, travelersbackpack:squid]. 
[15Aug2026 23:33:05.483] [Server thread/DEBUG] [net.minecraftforge.common.ForgeConfigSpec/CORE]: The comment on key server.world.overworldBackpacks does not match the spec. This may create a backup.
[15Aug2026 23:33:05.483] [Server thread/DEBUG] [net.minecraftforge.common.ForgeConfigSpec/CORE]: List on key netherBackpacks is deemed to need correction. It is null, not a list, or an empty list. Modders, consider defineListAllowEmpty?
[15Aug2026 23:33:05.483] [Server thread/WARN] [net.minecraftforge.common.ForgeConfigSpec/CORE]: Incorrect key server.world.netherBackpacks was corrected from null to its default, [travelersbackpack:quartz, travelersbackpack:nether, travelersbackpack:blaze, travelersbackpack:ghast, travelersbackpack:magma_cube, travelersbackpack:wither]. 
[15Aug2026 23:33:05.483] [Server thread/DEBUG] [net.minecraftforge.common.ForgeConfigSpec/CORE]: The comment on key server.world.netherBackpacks does not match the spec. This may create a backup.
[15Aug2026 23:33:05.483] [Server thread/WARN] [net.minecraftforge.common.ForgeConfigSpec/CORE]: Incorrect key server.backpackAbilities was corrected from null to its default, SimpleCommentedConfig:{}. 
[15Aug2026 23:33:05.483] [Server thread/WARN] [net.minecraftforge.common.ForgeConfigSpec/CORE]: Incorrect key server.backpackAbilities.enableBackpackAbilities was corrected from null to its default, true. 
[15Aug2026 23:33:05.484] [Server thread/WARN] [net.minecraftforge.common.ForgeConfigSpec/CORE]: Incorrect key server.backpackAbilities.forceAbilityEnabled was corrected from null to its default, true. 
[15Aug2026 23:33:05.484] [Server thread/DEBUG] [net.minecraftforge.common.ForgeConfigSpec/CORE]: The comment on key server.backpackAbilities.forceAbilityEnabled does not match the spec. This may create a backup.
[15Aug2026 23:33:05.484] [Server thread/DEBUG] [net.minecraftforge.common.ForgeConfigSpec/CORE]: List on key allowedAbilities is deemed to need correction. It is null, not a list, or an empty list. Modders, consider defineListAllowEmpty?
[15Aug2026 23:33:05.484] [Server thread/WARN] [net.minecraftforge.common.ForgeConfigSpec/CORE]: Incorrect key server.backpackAbilities.allowedAbilities was corrected from null to its default, [travelersbackpack:netherite, travelersbackpack:diamond, travelersbackpack:gold, travelersbackpack:emerald, travelersbackpack:iron, travelersbackpack:lapis, travelersbackpack:redstone, travelersbackpack:bookshelf, travelersbackpack:sponge, travelersbackpack:cake, travelersbackpack:cactus, travelersbackpack:melon, travelersbackpack:pumpkin, travelersbackpack:creeper, travelersbackpack:dragon, travelersbackpack:enderman, travelersbackpack:blaze, travelersbackpack:ghast, travelersbackpack:magma_cube, travelersbackpack:spider, travelersbackpack:wither, travelersbackpack:warden, travelersbackpack:bat, travelersbackpack:bee, travelersbackpack:ocelot, travelersbackpack:cow, travelersbackpack:chicken, travelersbackpack:squid, travelersbackpack:hay, travelersbackpack:fox]. 
[15Aug2026 23:33:05.484] [Server thread/DEBUG] [net.minecraftforge.common.ForgeConfigSpec/CORE]: The comment on key server.backpackAbilities.allowedAbilities does not match the spec. This may create a backup.
[15Aug2026 23:33:05.484] [Server thread/DEBUG] [net.minecraftforge.common.ForgeConfigSpec/CORE]: List on key backpackEffects is deemed to need correction. It is null, not a list, or an empty list. Modders, consider defineListAllowEmpty?
[15Aug2026 23:33:05.484] [Server thread/WARN] [net.minecraftforge.common.ForgeConfigSpec/CORE]: Incorrect key server.backpackAbilities.backpackEffects was corrected from null to its default, [travelersbackpack:bat, minecraft:night_vision, 260, 300, 0, travelersbackpack:magma_cube, minecraft:fire_resistance, 260, 300, 0, travelersbackpack:squid, minecraft:water_breathing, 260, 300, 0, travelersbackpack:squid, minecraft:night_vision, 260, 300, 0, travelersbackpack:dragon, minecraft:regeneration, 260, 300, 0, travelersbackpack:dragon, minecraft:strength, 250, 290, 0, travelersbackpack:quartz, minecraft:haste, 260, 300, 0, travelersbackpack:fox, minecraft:jump_boost, 260, 300, 0]. 
[15Aug2026 23:33:05.485] [Server thread/DEBUG] [net.minecraftforge.common.ForgeConfigSpec/CORE]: The comment on key server.backpackAbilities.backpackEffects does not match the spec. This may create a backup.
[15Aug2026 23:33:05.485] [Server thread/DEBUG] [net.minecraftforge.common.ForgeConfigSpec/CORE]: List on key cooldowns is deemed to need correction. It is null, not a list, or an empty list. Modders, consider defineListAllowEmpty?
[15Aug2026 23:33:05.485] [Server thread/WARN] [net.minecraftforge.common.ForgeConfigSpec/CORE]: Incorrect key server.backpackAbilities.cooldowns was corrected from null to its default, [travelersbackpack:creeper, 1200, 1800, travelersbackpack:cow, 480, 540, travelersbackpack:chicken, 360, 600, travelersbackpack:cake, 360, 480, travelersbackpack:melon, 120, 480]. 
[15Aug2026 23:33:05.485] [Server thread/DEBUG] [net.minecraftforge.common.ForgeConfigSpec/CORE]: The comment on key server.backpackAbilities.cooldowns does not match the spec. This may create a backup.
[15Aug2026 23:33:05.485] [Server thread/WARN] [net.minecraftforge.common.ForgeConfigSpec/CORE]: Incorrect key server.slownessDebuff was corrected from null to its default, SimpleCommentedConfig:{}. 
[15Aug2026 23:33:05.485] [Server thread/WARN] [net.minecraftforge.common.ForgeConfigSpec/CORE]: Incorrect key server.slownessDebuff.tooManyBackpacksSlowness was corrected from null to its default, false. 
[15Aug2026 23:33:05.486] [Server thread/DEBUG] [net.minecraftforge.common.ForgeConfigSpec/CORE]: The comment on key server.slownessDebuff.tooManyBackpacksSlowness does not match the spec. This may create a backup.
[15Aug2026 23:33:05.486] [Server thread/WARN] [net.minecraftforge.common.ForgeConfigSpec/CORE]: Incorrect key server.slownessDebuff.maxNumberOfBackpacks was corrected from null to its default, 3. 
[15Aug2026 23:33:05.487] [Server thread/DEBUG] [net.minecraftforge.common.ForgeConfigSpec/CORE]: The comment on key server.slownessDebuff.maxNumberOfBackpacks does not match the spec. This may create a backup.
[15Aug2026 23:33:05.487] [Server thread/WARN] [net.minecraftforge.common.ForgeConfigSpec/CORE]: Incorrect key server.slownessDebuff.slownessPerExcessedBackpack was corrected from null to its default, 1.0. 
[15Aug2026 23:33:05.487] [Server thread/DEBUG] [net.minecraftforge.common.ForgeConfigSpec/CORE]: The comment on key server.slownessDebuff.slownessPerExcessedBackpack does not match the spec. This may create a backup.
[15Aug2026 23:33:05.487] [Server thread/DEBUG] [net.minecraftforge.common.ForgeConfigSpec/CORE]: The comment on key server does not match the spec. This may create a backup.
[15Aug2026 23:33:05.495] [Server thread/DEBUG] [net.minecraftforge.fml.config.ConfigFileTypeHandler/CONFIG]: Built TOML config for ./world/serverconfig/corpse-server.toml
[15Aug2026 23:33:05.495] [Server thread/DEBUG] [net.minecraftforge.fml.config.ConfigFileTypeHandler/CONFIG]: Loaded TOML config file ./world/serverconfig/corpse-server.toml
[15Aug2026 23:33:05.496] [Server thread/DEBUG] [net.minecraftforge.fml.config.ConfigFileTypeHandler/CONFIG]: Watching TOML config file ./world/serverconfig/corpse-server.toml for changes
[15Aug2026 23:33:05.496] [Server thread/WARN] [net.minecraftforge.common.ForgeConfigSpec/CORE]: Configuration file ./world/serverconfig/corpse-server.toml is not correct. Correcting
[15Aug2026 23:33:05.496] [Server thread/WARN] [net.minecraftforge.common.ForgeConfigSpec/CORE]: Incorrect key corpse was corrected from null to its default, SimpleCommentedConfig:{}. 
[15Aug2026 23:33:05.496] [Server thread/WARN] [net.minecraftforge.common.ForgeConfigSpec/CORE]: Incorrect key corpse.access was corrected from null to its default, SimpleCommentedConfig:{}. 
[15Aug2026 23:33:05.497] [Server thread/WARN] [net.minecraftforge.common.ForgeConfigSpec/CORE]: Incorrect key corpse.access.only_owner was corrected from null to its default, false. 
[15Aug2026 23:33:05.497] [Server thread/DEBUG] [net.minecraftforge.common.ForgeConfigSpec/CORE]: The comment on key corpse.access.only_owner does not match the spec. This may create a backup.
[15Aug2026 23:33:05.497] [Server thread/WARN] [net.minecraftforge.common.ForgeConfigSpec/CORE]: Incorrect key corpse.access.skeleton was corrected from null to its default, false. 
[15Aug2026 23:33:05.497] [Server thread/DEBUG] [net.minecraftforge.common.ForgeConfigSpec/CORE]: The comment on key corpse.access.skeleton does not match the spec. This may create a backup.
[15Aug2026 23:33:05.497] [Server thread/WARN] [net.minecraftforge.common.ForgeConfigSpec/CORE]: Incorrect key corpse.despawn was corrected from null to its default, SimpleCommentedConfig:{}. 
[15Aug2026 23:33:05.497] [Server thread/WARN] [net.minecraftforge.common.ForgeConfigSpec/CORE]: Incorrect key corpse.despawn.time was corrected from null to its default, 600. 
[15Aug2026 23:33:05.497] [Server thread/DEBUG] [net.minecraftforge.common.ForgeConfigSpec/CORE]: The comment on key corpse.despawn.time does not match the spec. This may create a backup.
[15Aug2026 23:33:05.497] [Server thread/WARN] [net.minecraftforge.common.ForgeConfigSpec/CORE]: Incorrect key corpse.despawn.force_time was corrected from null to its default, -1. 
[15Aug2026 23:33:05.497] [Server thread/DEBUG] [net.minecraftforge.common.ForgeConfigSpec/CORE]: The comment on key corpse.despawn.force_time does not match the spec. This may create a backup.
[15Aug2026 23:33:05.497] [Server thread/WARN] [net.minecraftforge.common.ForgeConfigSpec/CORE]: Incorrect key corpse.skeleton_time was corrected from null to its default, 72000. 
[15Aug2026 23:33:05.498] [Server thread/DEBUG] [net.minecraftforge.common.ForgeConfigSpec/CORE]: The comment on key corpse.skeleton_time does not match the spec. This may create a backup.
[15Aug2026 23:33:05.498] [Server thread/WARN] [net.minecraftforge.common.ForgeConfigSpec/CORE]: Incorrect key corpse.lie_on_face was corrected from null to its default, false. 
[15Aug2026 23:33:05.498] [Server thread/DEBUG] [net.minecraftforge.common.ForgeConfigSpec/CORE]: The comment on key corpse.lie_on_face does not match the spec. This may create a backup.
[15Aug2026 23:33:05.498] [Server thread/WARN] [net.minecraftforge.common.ForgeConfigSpec/CORE]: Incorrect key corpse.show_equipment was corrected from null to its default, true. 
[15Aug2026 23:33:05.498] [Server thread/DEBUG] [net.minecraftforge.common.ForgeConfigSpec/CORE]: The comment on key corpse.show_equipment does not match the spec. This may create a backup.
[15Aug2026 23:33:05.498] [Server thread/WARN] [net.minecraftforge.common.ForgeConfigSpec/CORE]: Incorrect key corpse.fall_into_void was corrected from null to its default, false. 
[15Aug2026 23:33:05.498] [Server thread/DEBUG] [net.minecraftforge.common.ForgeConfigSpec/CORE]: The comment on key corpse.fall_into_void does not match the spec. This may create a backup.
[15Aug2026 23:33:05.498] [Server thread/WARN] [net.minecraftforge.common.ForgeConfigSpec/CORE]: Incorrect key corpse.lava_damage was corrected from null to its default, false. 
[15Aug2026 23:33:05.498] [Server thread/DEBUG] [net.minecraftforge.common.ForgeConfigSpec/CORE]: The comment on key corpse.lava_damage does not match the spec. This may create a backup.
[15Aug2026 23:33:05.498] [Server thread/WARN] [net.minecraftforge.common.ForgeConfigSpec/CORE]: Incorrect key death_storage_duration was corrected from null to its default, -1. 
[15Aug2026 23:33:05.499] [Server thread/DEBUG] [net.minecraftforge.common.ForgeConfigSpec/CORE]: The comment on key death_storage_duration does not match the spec. This may create a backup.
[15Aug2026 23:33:05.499] [Server thread/DEBUG] [net.minecraftforge.fml.config.ConfigFileTypeHandler/CONFIG]: Built TOML config for ./world/serverconfig/forge-server.toml
[15Aug2026 23:33:05.499] [Server thread/DEBUG] [net.minecraftforge.fml.config.ConfigFileTypeHandler/CONFIG]: Loaded TOML config file ./world/serverconfig/forge-server.toml
[15Aug2026 23:33:05.500] [Server thread/DEBUG] [net.minecraftforge.fml.config.ConfigFileTypeHandler/CONFIG]: Watching TOML config file ./world/serverconfig/forge-server.toml for changes
[15Aug2026 23:33:05.500] [Server thread/WARN] [net.minecraftforge.common.ForgeConfigSpec/CORE]: Configuration file ./world/serverconfig/forge-server.toml is not correct. Correcting
[15Aug2026 23:33:05.500] [Server thread/WARN] [net.minecraftforge.common.ForgeConfigSpec/CORE]: Incorrect key server was corrected from null to its default, SimpleCommentedConfig:{}. 
[15Aug2026 23:33:05.500] [Server thread/WARN] [net.minecraftforge.common.ForgeConfigSpec/CORE]: Incorrect key server.removeErroringBlockEntities was corrected from null to its default, false. 
[15Aug2026 23:33:05.500] [Server thread/DEBUG] [net.minecraftforge.common.ForgeConfigSpec/CORE]: The comment on key server.removeErroringBlockEntities does not match the spec. This may create a backup.
[15Aug2026 23:33:05.500] [Server thread/WARN] [net.minecraftforge.common.ForgeConfigSpec/CORE]: Incorrect key server.removeErroringEntities was corrected from null to its default, false. 
[15Aug2026 23:33:05.500] [Server thread/DEBUG] [net.minecraftforge.common.ForgeConfigSpec/CORE]: The comment on key server.removeErroringEntities does not match the spec. This may create a backup.
[15Aug2026 23:33:05.500] [Server thread/WARN] [net.minecraftforge.common.ForgeConfigSpec/CORE]: Incorrect key server.fullBoundingBoxLadders was corrected from null to its default, false. 
[15Aug2026 23:33:05.500] [Server thread/DEBUG] [net.minecraftforge.common.ForgeConfigSpec/CORE]: The comment on key server.fullBoundingBoxLadders does not match the spec. This may create a backup.
[15Aug2026 23:33:05.500] [Server thread/WARN] [net.minecraftforge.common.ForgeConfigSpec/CORE]: Incorrect key server.zombieBaseSummonChance was corrected from null to its default, 0.1. 
[15Aug2026 23:33:05.501] [Server thread/DEBUG] [net.minecraftforge.common.ForgeConfigSpec/CORE]: The comment on key server.zombieBaseSummonChance does not match the spec. This may create a backup.
[15Aug2026 23:33:05.501] [Server thread/WARN] [net.minecraftforge.common.ForgeConfigSpec/CORE]: Incorrect key server.zombieBabyChance was corrected from null to its default, 0.05. 
[15Aug2026 23:33:05.501] [Server thread/DEBUG] [net.minecraftforge.common.ForgeConfigSpec/CORE]: The comment on key server.zombieBabyChance does not match the spec. This may create a backup.
[15Aug2026 23:33:05.501] [Server thread/WARN] [net.minecraftforge.common.ForgeConfigSpec/CORE]: Incorrect key server.permissionHandler was corrected from null to its default, forge:default_handler. 
[15Aug2026 23:33:05.501] [Server thread/DEBUG] [net.minecraftforge.common.ForgeConfigSpec/CORE]: The comment on key server.permissionHandler does not match the spec. This may create a backup.
[15Aug2026 23:33:05.501] [Server thread/WARN] [net.minecraftforge.common.ForgeConfigSpec/CORE]: Incorrect key server.advertiseDedicatedServerToLan was corrected from null to its default, true. 
[15Aug2026 23:33:05.501] [Server thread/DEBUG] [net.minecraftforge.common.ForgeConfigSpec/CORE]: The comment on key server.advertiseDedicatedServerToLan does not match the spec. This may create a backup.
[15Aug2026 23:33:05.501] [Server thread/DEBUG] [net.minecraftforge.common.ForgeConfigSpec/CORE]: The comment on key server does not match the spec. This may create a backup.
[15Aug2026 23:33:05.502] [Server thread/DEBUG] [net.minecraftforge.common.ForgeConfig/FORGEMOD]: Loaded forge config file forge-server.toml
[15Aug2026 23:33:05.503] [Server thread/DEBUG] [net.minecraftforge.fml.config.ConfigFileTypeHandler/CONFIG]: Built TOML config for ./world/serverconfig/curios-server.toml
[15Aug2026 23:33:05.503] [Server thread/DEBUG] [net.minecraftforge.fml.config.ConfigFileTypeHandler/CONFIG]: Loaded TOML config file ./world/serverconfig/curios-server.toml
[15Aug2026 23:33:05.503] [Server thread/DEBUG] [net.minecraftforge.fml.config.ConfigFileTypeHandler/CONFIG]: Watching TOML config file ./world/serverconfig/curios-server.toml for changes
[15Aug2026 23:33:05.503] [Server thread/WARN] [net.minecraftforge.common.ForgeConfigSpec/CORE]: Configuration file ./world/serverconfig/curios-server.toml is not correct. Correcting
[15Aug2026 23:33:05.503] [Server thread/WARN] [net.minecraftforge.common.ForgeConfigSpec/CORE]: Incorrect key keepCurios was corrected from null to its default, DEFAULT. 
[15Aug2026 23:33:05.504] [Server thread/DEBUG] [net.minecraftforge.common.ForgeConfigSpec/CORE]: The comment on key keepCurios does not match the spec. This may create a backup.
[15Aug2026 23:33:05.504] [Server thread/WARN] [net.minecraftforge.common.ForgeConfigSpec/CORE]: Incorrect key menu was corrected from null to its default, SimpleCommentedConfig:{}. 
[15Aug2026 23:33:05.504] [Server thread/WARN] [net.minecraftforge.common.ForgeConfigSpec/CORE]: Incorrect key menu.enableLegacyMenu was corrected from null to its default, false. 
[15Aug2026 23:33:05.505] [Server thread/DEBUG] [net.minecraftforge.common.ForgeConfigSpec/CORE]: The comment on key menu.enableLegacyMenu does not match the spec. This may create a backup.
[15Aug2026 23:33:05.505] [Server thread/WARN] [net.minecraftforge.common.ForgeConfigSpec/CORE]: Incorrect key menu.experimental was corrected from null to its default, SimpleCommentedConfig:{}. 
[15Aug2026 23:33:05.505] [Server thread/WARN] [net.minecraftforge.common.ForgeConfigSpec/CORE]: Incorrect key menu.experimental.minimumColumns was corrected from null to its default, 1. 
[15Aug2026 23:33:05.505] [Server thread/DEBUG] [net.minecraftforge.common.ForgeConfigSpec/CORE]: The comment on key menu.experimental.minimumColumns does not match the spec. This may create a backup.
[15Aug2026 23:33:05.505] [Server thread/WARN] [net.minecraftforge.common.ForgeConfigSpec/CORE]: Incorrect key menu.experimental.maxSlotsPerPage was corrected from null to its default, 48. 
[15Aug2026 23:33:05.505] [Server thread/DEBUG] [net.minecraftforge.common.ForgeConfigSpec/CORE]: The comment on key menu.experimental.maxSlotsPerPage does not match the spec. This may create a backup.
[15Aug2026 23:33:05.506] [Server thread/DEBUG] [net.minecraftforge.fml.config.ConfigFileTypeHandler/CONFIG]: Built TOML config for ./world/serverconfig/parcool-server.toml
[15Aug2026 23:33:05.506] [Server thread/DEBUG] [net.minecraftforge.fml.config.ConfigFileTypeHandler/CONFIG]: Loaded TOML config file ./world/serverconfig/parcool-server.toml
[15Aug2026 23:33:05.506] [Server thread/DEBUG] [net.minecraftforge.fml.config.ConfigFileTypeHandler/CONFIG]: Watching TOML config file ./world/serverconfig/parcool-server.toml for changes
[15Aug2026 23:33:05.506] [Server thread/WARN] [net.minecraftforge.common.ForgeConfigSpec/CORE]: Configuration file ./world/serverconfig/parcool-server.toml is not correct. Correcting
[15Aug2026 23:33:05.506] [Server thread/WARN] [net.minecraftforge.common.ForgeConfigSpec/CORE]: Incorrect key Limitations was corrected from null to its default, SimpleCommentedConfig:{}. 
[15Aug2026 23:33:05.507] [Server thread/WARN] [net.minecraftforge.common.ForgeConfigSpec/CORE]: Incorrect key Limitations.limitation_imposed was corrected from null to its default, false. 
[15Aug2026 23:33:05.507] [Server thread/DEBUG] [net.minecraftforge.common.ForgeConfigSpec/CORE]: The comment on key Limitations.limitation_imposed does not match the spec. This may create a backup.
[15Aug2026 23:33:05.507] [Server thread/WARN] [net.minecraftforge.common.ForgeConfigSpec/CORE]: Incorrect key Limitations.Action_Permissions was corrected from null to its default, SimpleCommentedConfig:{}. 
[15Aug2026 23:33:05.507] [Server thread/WARN] [net.minecraftforge.common.ForgeConfigSpec/CORE]: Incorrect key Limitations.Action_Permissions.permit_BreakfallReady was corrected from null to its default, true. 
[15Aug2026 23:33:05.507] [Server thread/WARN] [net.minecraftforge.common.ForgeConfigSpec/CORE]: Incorrect key Limitations.Action_Permissions.permit_CatLeap was corrected from null to its default, true. 
[15Aug2026 23:33:05.507] [Server thread/WARN] [net.minecraftforge.common.ForgeConfigSpec/CORE]: Incorrect key Limitations.Action_Permissions.permit_ChargeJump was corrected from null to its default, true. 
[15Aug2026 23:33:05.507] [Server thread/WARN] [net.minecraftforge.common.ForgeConfigSpec/CORE]: Incorrect key Limitations.Action_Permissions.permit_ClimbPoles was corrected from null to its default, true. 
[15Aug2026 23:33:05.507] [Server thread/WARN] [net.minecraftforge.common.ForgeConfigSpec/CORE]: Incorrect key Limitations.Action_Permissions.permit_ClimbUp was corrected from null to its default, true. 
[15Aug2026 23:33:05.507] [Server thread/WARN] [net.minecraftforge.common.ForgeConfigSpec/CORE]: Incorrect key Limitations.Action_Permissions.permit_ClingToCliff was corrected from null to its default, true. 
[15Aug2026 23:33:05.508] [Server thread/WARN] [net.minecraftforge.common.ForgeConfigSpec/CORE]: Incorrect key Limitations.Action_Permissions.permit_HideInBlock was corrected from null to its default, true. 
[15Aug2026 23:33:05.508] [Server thread/WARN] [net.minecraftforge.common.ForgeConfigSpec/CORE]: Incorrect key Limitations.Action_Permissions.permit_Crawl was corrected from null to its default, true. 
[15Aug2026 23:33:05.508] [Server thread/WARN] [net.minecraftforge.common.ForgeConfigSpec/CORE]: Incorrect key Limitations.Action_Permissions.permit_Dive was corrected from null to its default, true. 
[15Aug2026 23:33:05.508] [Server thread/WARN] [net.minecraftforge.common.ForgeConfigSpec/CORE]: Incorrect key Limitations.Action_Permissions.permit_Dodge was corrected from null to its default, true. 
[15Aug2026 23:33:05.508] [Server thread/WARN] [net.minecraftforge.common.ForgeConfigSpec/CORE]: Incorrect key Limitations.Action_Permissions.permit_FastRun was corrected from null to its default, true. 
[15Aug2026 23:33:05.508] [Server thread/WARN] [net.minecraftforge.common.ForgeConfigSpec/CORE]: Incorrect key Limitations.Action_Permissions.permit_FastSwim was corrected from null to its default, true. 
[15Aug2026 23:33:05.508] [Server thread/WARN] [net.minecraftforge.common.ForgeConfigSpec/CORE]: Incorrect key Limitations.Action_Permissions.permit_Flipping was corrected from null to its default, true. 
[15Aug2026 23:33:05.509] [Server thread/WARN] [net.minecraftforge.common.ForgeConfigSpec/CORE]: Incorrect key Limitations.Action_Permissions.permit_HangDown was corrected from null to its default, true. 
[15Aug2026 23:33:05.509] [Server thread/WARN] [net.minecraftforge.common.ForgeConfigSpec/CORE]: Incorrect key Limitations.Action_Permissions.permit_HorizontalWallRun was corrected from null to its default, true. 
[15Aug2026 23:33:05.509] [Server thread/WARN] [net.minecraftforge.common.ForgeConfigSpec/CORE]: Incorrect key Limitations.Action_Permissions.permit_JumpFromBar was corrected from null to its default, true. 
[15Aug2026 23:33:05.509] [Server thread/WARN] [net.minecraftforge.common.ForgeConfigSpec/CORE]: Incorrect key Limitations.Action_Permissions.permit_QuickTurn was corrected from null to its default, true. 
[15Aug2026 23:33:05.509] [Server thread/WARN] [net.minecraftforge.common.ForgeConfigSpec/CORE]: Incorrect key Limitations.Action_Permissions.permit_RideZipline was corrected from null to its default, true. 
[15Aug2026 23:33:05.509] [Server thread/WARN] [net.minecraftforge.common.ForgeConfigSpec/CORE]: Incorrect key Limitations.Action_Permissions.permit_Roll was corrected from null to its default, true. 
[15Aug2026 23:33:05.510] [Server thread/WARN] [net.minecraftforge.common.ForgeConfigSpec/CORE]: Incorrect key Limitations.Action_Permissions.permit_SkyDive was corrected from null to its default, true. 
[15Aug2026 23:33:05.510] [Server thread/WARN] [net.minecraftforge.common.ForgeConfigSpec/CORE]: Incorrect key Limitations.Action_Permissions.permit_Slide was corrected from null to its default, true. 
[15Aug2026 23:33:05.510] [Server thread/WARN] [net.minecraftforge.common.ForgeConfigSpec/CORE]: Incorrect key Limitations.Action_Permissions.permit_Tap was corrected from null to its default, true. 
[15Aug2026 23:33:05.510] [Server thread/WARN] [net.minecraftforge.common.ForgeConfigSpec/CORE]: Incorrect key Limitations.Action_Permissions.permit_Vault was corrected from null to its default, true. 
[15Aug2026 23:33:05.510] [Server thread/WARN] [net.minecraftforge.common.ForgeConfigSpec/CORE]: Incorrect key Limitations.Action_Permissions.permit_VerticalWallRun was corrected from null to its default, true. 
[15Aug2026 23:33:05.510] [Server thread/WARN] [net.minecraftforge.common.ForgeConfigSpec/CORE]: Incorrect key Limitations.Action_Permissions.permit_WallJump was corrected from null to its default, true. 
[15Aug2026 23:33:05.510] [Server thread/WARN] [net.minecraftforge.common.ForgeConfigSpec/CORE]: Incorrect key Limitations.Action_Permissions.permit_WallSlide was corrected from null to its default, true. 
[15Aug2026 23:33:05.510] [Server thread/WARN] [net.minecraftforge.common.ForgeConfigSpec/CORE]: Incorrect key Limitations.Action_Permissions.permit_StartSwimByCrawl was corrected from null to its default, true. 
[15Aug2026 23:33:05.511] [Server thread/WARN] [net.minecraftforge.common.ForgeConfigSpec/CORE]: Incorrect key Limitations.Stamina was corrected from null to its default, SimpleCommentedConfig:{}. 
[15Aug2026 23:33:05.511] [Server thread/WARN] [net.minecraftforge.common.ForgeConfigSpec/CORE]: Incorrect key Limitations.Stamina.Least_Consumption was corrected from null to its default, SimpleCommentedConfig:{}. 
[15Aug2026 23:33:05.511] [Server thread/WARN] [net.minecraftforge.common.ForgeConfigSpec/CORE]: Incorrect key Limitations.Stamina.Least_Consumption.stamina_consumption_of_BreakfallReady was corrected from null to its default, 0. 
[15Aug2026 23:33:05.511] [Server thread/DEBUG] [net.minecraftforge.common.ForgeConfigSpec/CORE]: The comment on key Limitations.Stamina.Least_Consumption.stamina_consumption_of_BreakfallReady does not match the spec. This may create a backup.
[15Aug2026 23:33:05.511] [Server thread/WARN] [net.minecraftforge.common.ForgeConfigSpec/CORE]: Incorrect key Limitations.Stamina.Least_Consumption.stamina_consumption_of_CatLeap was corrected from null to its default, 200. 
[15Aug2026 23:33:05.511] [Server thread/DEBUG] [net.minecraftforge.common.ForgeConfigSpec/CORE]: The comment on key Limitations.Stamina.Least_Consumption.stamina_consumption_of_CatLeap does not match the spec. This may create a backup.
[15Aug2026 23:33:05.511] [Server thread/WARN] [net.minecraftforge.common.ForgeConfigSpec/CORE]: Incorrect key Limitations.Stamina.Least_Consumption.stamina_consumption_of_ChargeJump was corrected from null to its default, 100. 
[15Aug2026 23:33:05.511] [Server thread/DEBUG] [net.minecraftforge.common.ForgeConfigSpec/CORE]: The comment on key Limitations.Stamina.Least_Consumption.stamina_consumption_of_ChargeJump does not match the spec. This may create a backup.
[15Aug2026 23:33:05.511] [Server thread/WARN] [net.minecraftforge.common.ForgeConfigSpec/CORE]: Incorrect key Limitations.Stamina.Least_Consumption.stamina_consumption_of_ClimbPoles was corrected from null to its default, 0. 
[15Aug2026 23:33:05.511] [Server thread/DEBUG] [net.minecraftforge.common.ForgeConfigSpec/CORE]: The comment on key Limitations.Stamina.Least_Consumption.stamina_consumption_of_ClimbPoles does not match the spec. This may create a backup.
[15Aug2026 23:33:05.511] [Server thread/WARN] [net.minecraftforge.common.ForgeConfigSpec/CORE]: Incorrect key Limitations.Stamina.Least_Consumption.stamina_consumption_of_ClimbUp was corrected from null to its default, 150. 
[15Aug2026 23:33:05.512] [Server thread/DEBUG] [net.minecraftforge.common.ForgeConfigSpec/CORE]: The comment on key Limitations.Stamina.Least_Consumption.stamina_consumption_of_ClimbUp does not match the spec. This may create a backup.
[15Aug2026 23:33:05.512] [Server thread/WARN] [net.minecraftforge.common.ForgeConfigSpec/CORE]: Incorrect key Limitations.Stamina.Least_Consumption.stamina_consumption_of_ClingToCliff was corrected from null to its default, 2. 
[15Aug2026 23:33:05.512] [Server thread/DEBUG] [net.minecraftforge.common.ForgeConfigSpec/CORE]: The comment on key Limitations.Stamina.Least_Consumption.stamina_consumption_of_ClingToCliff does not match the spec. This may create a backup.
[15Aug2026 23:33:05.512] [Server thread/WARN] [net.minecraftforge.common.ForgeConfigSpec/CORE]: Incorrect key Limitations.Stamina.Least_Consumption.stamina_consumption_of_HideInBlock was corrected from null to its default, 0. 
[15Aug2026 23:33:05.512] [Server thread/DEBUG] [net.minecraftforge.common.ForgeConfigSpec/CORE]: The comment on key Limitations.Stamina.Least_Consumption.stamina_consumption_of_HideInBlock does not match the spec. This may create a backup.
[15Aug2026 23:33:05.512] [Server thread/WARN] [net.minecraftforge.common.ForgeConfigSpec/CORE]: Incorrect key Limitations.Stamina.Least_Consumption.stamina_consumption_of_Crawl was corrected from null to its default, 0. 
[15Aug2026 23:33:05.512] [Server thread/DEBUG] [net.minecraftforge.common.ForgeConfigSpec/CORE]: The comment on key Limitations.Stamina.Least_Consumption.stamina_consumption_of_Crawl does not match the spec. This may create a backup.
[15Aug2026 23:33:05.512] [Server thread/WARN] [net.minecraftforge.common.ForgeConfigSpec/CORE]: Incorrect key Limitations.Stamina.Least_Consumption.stamina_consumption_of_Dive was corrected from null to its default, 0. 
[15Aug2026 23:33:05.512] [Server thread/DEBUG] [net.minecraftforge.common.ForgeConfigSpec/CORE]: The comment on key Limitations.Stamina.Least_Consumption.stamina_consumption_of_Dive does not match the spec. This may create a backup.
[15Aug2026 23:33:05.512] [Server thread/WARN] [net.minecraftforge.common.ForgeConfigSpec/CORE]: Incorrect key Limitations.Stamina.Least_Consumption.stamina_consumption_of_Dodge was corrected from null to its default, 80. 
[15Aug2026 23:33:05.512] [Server thread/DEBUG] [net.minecraftforge.common.ForgeConfigSpec/CORE]: The comment on key Limitations.Stamina.Least_Consumption.stamina_consumption_of_Dodge does not match the spec. This may create a backup.
[15Aug2026 23:33:05.512] [Server thread/WARN] [net.minecraftforge.common.ForgeConfigSpec/CORE]: Incorrect key Limitations.Stamina.Least_Consumption.stamina_consumption_of_FastRun was corrected from null to its default, 2. 
[15Aug2026 23:33:05.513] [Server thread/DEBUG] [net.minecraftforge.common.ForgeConfigSpec/CORE]: The comment on key Limitations.Stamina.Least_Consumption.stamina_consumption_of_FastRun does not match the spec. This may create a backup.
[15Aug2026 23:33:05.513] [Server thread/WARN] [net.minecraftforge.common.ForgeConfigSpec/CORE]: Incorrect key Limitations.Stamina.Least_Consumption.stamina_consumption_of_FastSwim was corrected from null to its default, 3. 
[15Aug2026 23:33:05.513] [Server thread/DEBUG] [net.minecraftforge.common.ForgeConfigSpec/CORE]: The comment on key Limitations.Stamina.Least_Consumption.stamina_consumption_of_FastSwim does not match the spec. This may create a backup.
[15Aug2026 23:33:05.513] [Server thread/WARN] [net.minecraftforge.common.ForgeConfigSpec/CORE]: Incorrect key Limitations.Stamina.Least_Consumption.stamina_consumption_of_Flipping was corrected from null to its default, 80. 
[15Aug2026 23:33:05.513] [Server thread/DEBUG] [net.minecraftforge.common.ForgeConfigSpec/CORE]: The comment on key Limitations.Stamina.Least_Consumption.stamina_consumption_of_Flipping does not match the spec. This may create a backup.
[15Aug2026 23:33:05.513] [Server thread/WARN] [net.minecraftforge.common.ForgeConfigSpec/CORE]: Incorrect key Limitations.Stamina.Least_Consumption.stamina_consumption_of_HangDown was corrected from null to its default, 3. 
[15Aug2026 23:33:05.513] [Server thread/DEBUG] [net.minecraftforge.common.ForgeConfigSpec/CORE]: The comment on key Limitations.Stamina.Least_Consumption.stamina_consumption_of_HangDown does not match the spec. This may create a backup.
[15Aug2026 23:33:05.513] [Server thread/WARN] [net.minecraftforge.common.ForgeConfigSpec/CORE]: Incorrect key Limitations.Stamina.Least_Consumption.stamina_consumption_of_HorizontalWallRun was corrected from null to its default, 2. 
[15Aug2026 23:33:05.513] [Server thread/DEBUG] [net.minecraftforge.common.ForgeConfigSpec/CORE]: The comment on key Limitations.Stamina.Least_Consumption.stamina_consumption_of_HorizontalWallRun does not match the spec. This may create a backup.
[15Aug2026 23:33:05.513] [Server thread/WARN] [net.minecraftforge.common.ForgeConfigSpec/CORE]: Incorrect key Limitations.Stamina.Least_Consumption.stamina_consumption_of_JumpFromBar was corrected from null to its default, 100. 
[15Aug2026 23:33:05.513] [Server thread/DEBUG] [net.minecraftforge.common.ForgeConfigSpec/CORE]: The comment on key Limitations.Stamina.Least_Consumption.stamina_consumption_of_JumpFromBar does not match the spec. This may create a backup.
[15Aug2026 23:33:05.513] [Server thread/WARN] [net.minecraftforge.common.ForgeConfigSpec/CORE]: Incorrect key Limitations.Stamina.Least_Consumption.stamina_consumption_of_QuickTurn was corrected from null to its default, 0. 
[15Aug2026 23:33:05.513] [Server thread/DEBUG] [net.minecraftforge.common.ForgeConfigSpec/CORE]: The comment on key Limitations.Stamina.Least_Consumption.stamina_consumption_of_QuickTurn does not match the spec. This may create a backup.
[15Aug2026 23:33:05.513] [Server thread/WARN] [net.minecraftforge.common.ForgeConfigSpec/CORE]: Incorrect key Limitations.Stamina.Least_Consumption.stamina_consumption_of_RideZipline was corrected from null to its default, 2. 
[15Aug2026 23:33:05.513] [Server thread/DEBUG] [net.minecraftforge.common.ForgeConfigSpec/CORE]: The comment on key Limitations.Stamina.Least_Consumption.stamina_consumption_of_RideZipline does not match the spec. This may create a backup.
[15Aug2026 23:33:05.514] [Server thread/WARN] [net.minecraftforge.common.ForgeConfigSpec/CORE]: Incorrect key Limitations.Stamina.Least_Consumption.stamina_consumption_of_Roll was corrected from null to its default, 100. 
[15Aug2026 23:33:05.514] [Server thread/DEBUG] [net.minecraftforge.common.ForgeConfigSpec/CORE]: The comment on key Limitations.Stamina.Least_Consumption.stamina_consumption_of_Roll does not match the spec. This may create a backup.
[15Aug2026 23:33:05.514] [Server thread/WARN] [net.minecraftforge.common.ForgeConfigSpec/CORE]: Incorrect key Limitations.Stamina.Least_Consumption.stamina_consumption_of_SkyDive was corrected from null to its default, 0. 
[15Aug2026 23:33:05.514] [Server thread/DEBUG] [net.minecraftforge.common.ForgeConfigSpec/CORE]: The comment on key Limitations.Stamina.Least_Consumption.stamina_consumption_of_SkyDive does not match the spec. This may create a backup.
[15Aug2026 23:33:05.514] [Server thread/WARN] [net.minecraftforge.common.ForgeConfigSpec/CORE]: Incorrect key Limitations.Stamina.Least_Consumption.stamina_consumption_of_Slide was corrected from null to its default, 0. 
[15Aug2026 23:33:05.514] [Server thread/DEBUG] [net.minecraftforge.common.ForgeConfigSpec/CORE]: The comment on key Limitations.Stamina.Least_Consumption.stamina_consumption_of_Slide does not match the spec. This may create a backup.
[15Aug2026 23:33:05.514] [Server thread/WARN] [net.minecraftforge.common.ForgeConfigSpec/CORE]: Incorrect key Limitations.Stamina.Least_Consumption.stamina_consumption_of_Tap was corrected from null to its default, 100. 
[15Aug2026 23:33:05.514] [Server thread/DEBUG] [net.minecraftforge.common.ForgeConfigSpec/CORE]: The comment on key Limitations.Stamina.Least_Consumption.stamina_consumption_of_Tap does not match the spec. This may create a backup.
[15Aug2026 23:33:05.514] [Server thread/WARN] [net.minecraftforge.common.ForgeConfigSpec/CORE]: Incorrect key Limitations.Stamina.Least_Consumption.stamina_consumption_of_Vault was corrected from null to its default, 50. 
[15Aug2026 23:33:05.514] [Server thread/DEBUG] [net.minecraftforge.common.ForgeConfigSpec/CORE]: The comment on key Limitations.Stamina.Least_Consumption.stamina_consumption_of_Vault does not match the spec. This may create a backup.
[15Aug2026 23:33:05.514] [Server thread/WARN] [net.minecraftforge.common.ForgeConfigSpec/CORE]: Incorrect key Limitations.Stamina.Least_Consumption.stamina_consumption_of_VerticalWallRun was corrected from null to its default, 150. 
[15Aug2026 23:33:05.514] [Server thread/DEBUG] [net.minecraftforge.common.ForgeConfigSpec/CORE]: The comment on key Limitations.Stamina.Least_Consumption.stamina_consumption_of_VerticalWallRun does not match the spec. This may create a backup.
[15Aug2026 23:33:05.514] [Server thread/WARN] [net.minecraftforge.common.ForgeConfigSpec/CORE]: Incorrect key Limitations.Stamina.Least_Consumption.stamina_consumption_of_WallJump was corrected from null to its default, 120. 
[15Aug2026 23:33:05.515] [Server thread/DEBUG] [net.minecraftforge.common.ForgeConfigSpec/CORE]: The comment on key Limitations.Stamina.Least_Consumption.stamina_consumption_of_WallJump does not match the spec. This may create a backup.
[15Aug2026 23:33:05.515] [Server thread/WARN] [net.minecraftforge.common.ForgeConfigSpec/CORE]: Incorrect key Limitations.Stamina.Least_Consumption.stamina_consumption_of_WallSlide was corrected from null to its default, 8. 
[15Aug2026 23:33:05.515] [Server thread/DEBUG] [net.minecraftforge.common.ForgeConfigSpec/CORE]: The comment on key Limitations.Stamina.Least_Consumption.stamina_consumption_of_WallSlide does not match the spec. This may create a backup.
[15Aug2026 23:33:05.515] [Server thread/WARN] [net.minecraftforge.common.ForgeConfigSpec/CORE]: Incorrect key Limitations.Stamina.Least_Consumption.stamina_consumption_of_StartSwimByCrawl was corrected from null to its default, 0. 
[15Aug2026 23:33:05.515] [Server thread/DEBUG] [net.minecraftforge.common.ForgeConfigSpec/CORE]: The comment on key Limitations.Stamina.Least_Consumption.stamina_consumption_of_StartSwimByCrawl does not match the spec. This may create a backup.
[15Aug2026 23:33:05.515] [Server thread/WARN] [net.minecraftforge.common.ForgeConfigSpec/CORE]: Incorrect key Limitations.Stamina.allow_infinite_stamina was corrected from null to its default, true. 
[15Aug2026 23:33:05.515] [Server thread/DEBUG] [net.minecraftforge.common.ForgeConfigSpec/CORE]: The comment on key Limitations.Stamina.allow_infinite_stamina does not match the spec. This may create a backup.
[15Aug2026 23:33:05.515] [Server thread/WARN] [net.minecraftforge.common.ForgeConfigSpec/CORE]: Incorrect key Limitations.Stamina.max_stamina_limit was corrected from null to its default, 2147483647. 
[15Aug2026 23:33:05.515] [Server thread/DEBUG] [net.minecraftforge.common.ForgeConfigSpec/CORE]: The comment on key Limitations.Stamina.max_stamina_limit does not match the spec. This may create a backup.
[15Aug2026 23:33:05.515] [Server thread/WARN] [net.minecraftforge.common.ForgeConfigSpec/CORE]: Incorrect key Limitations.Stamina.max_stamina_recovery_limit was corrected from null to its default, 2147483647. 
[15Aug2026 23:33:05.516] [Server thread/DEBUG] [net.minecraftforge.common.ForgeConfigSpec/CORE]: The comment on key Limitations.Stamina.max_stamina_recovery_limit does not match the spec. This may create a backup.
[15Aug2026 23:33:05.516] [Server thread/WARN] [net.minecraftforge.common.ForgeConfigSpec/CORE]: Incorrect key Limitations.Control was corrected from null to its default, SimpleCommentedConfig:{}. 
[15Aug2026 23:33:05.516] [Server thread/WARN] [net.minecraftforge.common.ForgeConfigSpec/CORE]: Incorrect key Limitations.Control.allow_disabling_wall_jump_cooldown was corrected from null to its default, true. 
[15Aug2026 23:33:05.516] [Server thread/DEBUG] [net.minecraftforge.common.ForgeConfigSpec/CORE]: The comment on key Limitations.Control.allow_disabling_wall_jump_cooldown does not match the spec. This may create a backup.
[15Aug2026 23:33:05.516] [Server thread/WARN] [net.minecraftforge.common.ForgeConfigSpec/CORE]: Incorrect key Limitations.Control.least_successive_dodge_cool_time was corrected from null to its default, 0. 
[15Aug2026 23:33:05.516] [Server thread/DEBUG] [net.minecraftforge.common.ForgeConfigSpec/CORE]: The comment on key Limitations.Control.least_successive_dodge_cool_time does not match the spec. This may create a backup.
[15Aug2026 23:33:05.516] [Server thread/WARN] [net.minecraftforge.common.ForgeConfigSpec/CORE]: Incorrect key Limitations.Control.least_dodge_cool_time was corrected from null to its default, 11. 
[15Aug2026 23:33:05.516] [Server thread/DEBUG] [net.minecraftforge.common.ForgeConfigSpec/CORE]: The comment on key Limitations.Control.least_dodge_cool_time does not match the spec. This may create a backup.
[15Aug2026 23:33:05.516] [Server thread/WARN] [net.minecraftforge.common.ForgeConfigSpec/CORE]: Incorrect key Limitations.Control.max_successive_dodge_count was corrected from null to its default, 2147483647. 
[15Aug2026 23:33:05.516] [Server thread/DEBUG] [net.minecraftforge.common.ForgeConfigSpec/CORE]: The comment on key Limitations.Control.max_successive_dodge_count does not match the spec. This may create a backup.
[15Aug2026 23:33:05.517] [Server thread/WARN] [net.minecraftforge.common.ForgeConfigSpec/CORE]: Incorrect key Limitations.Control.justtime_breakfall_tick was corrected from null to its default, 5. 
[15Aug2026 23:33:05.517] [Server thread/DEBUG] [net.minecraftforge.common.ForgeConfigSpec/CORE]: The comment on key Limitations.Control.justtime_breakfall_tick does not match the spec. This may create a backup.
[15Aug2026 23:33:05.517] [Server thread/WARN] [net.minecraftforge.common.ForgeConfigSpec/CORE]: Incorrect key Limitations.Control.max_coyote_time was corrected from null to its default, 3. 
[15Aug2026 23:33:05.517] [Server thread/DEBUG] [net.minecraftforge.common.ForgeConfigSpec/CORE]: The comment on key Limitations.Control.max_coyote_time does not match the spec. This may create a backup.
[15Aug2026 23:33:05.517] [Server thread/WARN] [net.minecraftforge.common.ForgeConfigSpec/CORE]: Incorrect key Limitations.Control.lowest_fall_distance_for_breakfall was corrected from null to its default, 2.0. 
[15Aug2026 23:33:05.517] [Server thread/DEBUG] [net.minecraftforge.common.ForgeConfigSpec/CORE]: The comment on key Limitations.Control.lowest_fall_distance_for_breakfall does not match the spec. This may create a backup.
[15Aug2026 23:33:05.517] [Server thread/WARN] [net.minecraftforge.common.ForgeConfigSpec/CORE]: Incorrect key Limitations.Control.max_breakfall_damage_remove_height was corrected from null to its default, 6.0. 
[15Aug2026 23:33:05.517] [Server thread/DEBUG] [net.minecraftforge.common.ForgeConfigSpec/CORE]: The comment on key Limitations.Control.max_breakfall_damage_remove_height does not match the spec. This may create a backup.
[15Aug2026 23:33:05.517] [Server thread/WARN] [net.minecraftforge.common.ForgeConfigSpec/CORE]: Incorrect key Limitations.Control.max_breakfall_damage_reduction_rate was corrected from null to its default, 0.6. 
[15Aug2026 23:33:05.518] [Server thread/DEBUG] [net.minecraftforge.common.ForgeConfigSpec/CORE]: The comment on key Limitations.Control.max_breakfall_damage_reduction_rate does not match the spec. This may create a backup.
[15Aug2026 23:33:05.518] [Server thread/WARN] [net.minecraftforge.common.ForgeConfigSpec/CORE]: Incorrect key Limitations.Modifier was corrected from null to its default, SimpleCommentedConfig:{}. 
[15Aug2026 23:33:05.518] [Server thread/WARN] [net.minecraftforge.common.ForgeConfigSpec/CORE]: Incorrect key Limitations.Modifier.wall-run_continuable_tick was corrected from null to its default, 40. 
[15Aug2026 23:33:05.518] [Server thread/DEBUG] [net.minecraftforge.common.ForgeConfigSpec/CORE]: The comment on key Limitations.Modifier.wall-run_continuable_tick does not match the spec. This may create a backup.
[15Aug2026 23:33:05.518] [Server thread/WARN] [net.minecraftforge.common.ForgeConfigSpec/CORE]: Incorrect key Limitations.Modifier.sliding_continuable_tick was corrected from null to its default, 30. 
[15Aug2026 23:33:05.518] [Server thread/DEBUG] [net.minecraftforge.common.ForgeConfigSpec/CORE]: The comment on key Limitations.Modifier.sliding_continuable_tick does not match the spec. This may create a backup.
[15Aug2026 23:33:05.518] [Server thread/WARN] [net.minecraftforge.common.ForgeConfigSpec/CORE]: Incorrect key Limitations.Modifier.max_fast-run_modifier was corrected from null to its default, 2.0. 
[15Aug2026 23:33:05.518] [Server thread/DEBUG] [net.minecraftforge.common.ForgeConfigSpec/CORE]: The comment on key Limitations.Modifier.max_fast-run_modifier does not match the spec. This may create a backup.
[15Aug2026 23:33:05.518] [Server thread/WARN] [net.minecraftforge.common.ForgeConfigSpec/CORE]: Incorrect key Limitations.Modifier.max_fast-swim_modifier was corrected from null to its default, 2.0. 
[15Aug2026 23:33:05.518] [Server thread/DEBUG] [net.minecraftforge.common.ForgeConfigSpec/CORE]: The comment on key Limitations.Modifier.max_fast-swim_modifier does not match the spec. This may create a backup.
[15Aug2026 23:33:05.518] [Server thread/WARN] [net.minecraftforge.common.ForgeConfigSpec/CORE]: Incorrect key Limitations.Modifier.max_dodge-speed_modifier was corrected from null to its default, 1.0. 
[15Aug2026 23:33:05.518] [Server thread/DEBUG] [net.minecraftforge.common.ForgeConfigSpec/CORE]: The comment on key Limitations.Modifier.max_dodge-speed_modifier does not match the spec. This may create a backup.
[15Aug2026 23:33:05.518] [Server thread/WARN] [net.minecraftforge.common.ForgeConfigSpec/CORE]: Incorrect key Limitations.Modifier.min_sky-dive_speed_decrease was corrected from null to its default, 0.98. 
[15Aug2026 23:33:05.519] [Server thread/DEBUG] [net.minecraftforge.common.ForgeConfigSpec/CORE]: The comment on key Limitations.Modifier.min_sky-dive_speed_decrease does not match the spec. This may create a backup.
[15Aug2026 23:33:05.520] [Server thread/DEBUG] [net.minecraftforge.fml.config.ConfigFileTypeHandler/CONFIG]: Built TOML config for ./world/serverconfig/globalxp-server.toml
[15Aug2026 23:33:05.520] [Server thread/DEBUG] [net.minecraftforge.fml.config.ConfigFileTypeHandler/CONFIG]: Loaded TOML config file ./world/serverconfig/globalxp-server.toml
[15Aug2026 23:33:05.520] [Server thread/DEBUG] [net.minecraftforge.fml.config.ConfigFileTypeHandler/CONFIG]: Watching TOML config file ./world/serverconfig/globalxp-server.toml for changes
[15Aug2026 23:33:05.520] [Server thread/WARN] [net.minecraftforge.common.ForgeConfigSpec/CORE]: Configuration file ./world/serverconfig/globalxp-server.toml is not correct. Correcting
[15Aug2026 23:33:05.521] [Server thread/WARN] [net.minecraftforge.common.ForgeConfigSpec/CORE]: Incorrect key xpForComparator was corrected from null to its default, 93. 
[15Aug2026 23:33:05.521] [Server thread/DEBUG] [net.minecraftforge.common.ForgeConfigSpec/CORE]: The comment on key xpForComparator does not match the spec. This may create a backup.
[15Aug2026 23:33:05.521] [Server thread/WARN] [net.minecraftforge.common.ForgeConfigSpec/CORE]: Incorrect key pickupXP was corrected from null to its default, true. 
[15Aug2026 23:33:05.522] [Server thread/DEBUG] [net.minecraftforge.common.ForgeConfigSpec/CORE]: The comment on key pickupXP does not match the spec. This may create a backup.
[15Aug2026 23:33:05.522] [Server thread/WARN] [net.minecraftforge.common.ForgeConfigSpec/CORE]: Incorrect key pickupRange was corrected from null to its default, 3.0. 
[15Aug2026 23:33:05.522] [Server thread/DEBUG] [net.minecraftforge.common.ForgeConfigSpec/CORE]: The comment on key pickupRange does not match the spec. This may create a backup.
[15Aug2026 23:33:05.523] [Server thread/WARN] [net.minecraftforge.common.ForgeConfigSpec/CORE]: Incorrect key retrieve_until_next_level was corrected from null to its default, true. 
[15Aug2026 23:33:05.523] [Server thread/DEBUG] [net.minecraftforge.common.ForgeConfigSpec/CORE]: The comment on key retrieve_until_next_level does not match the spec. This may create a backup.
[15Aug2026 23:33:05.523] [Server thread/WARN] [net.minecraftforge.common.ForgeConfigSpec/CORE]: Incorrect key retrieval_amount was corrected from null to its default, -1. 
[15Aug2026 23:33:05.524] [Server thread/DEBUG] [net.minecraftforge.common.ForgeConfigSpec/CORE]: The comment on key retrieval_amount does not match the spec. This may create a backup.
[15Aug2026 23:33:05.524] [Server thread/WARN] [net.minecraftforge.common.ForgeConfigSpec/CORE]: Incorrect key store_until_previous_level was corrected from null to its default, false. 
[15Aug2026 23:33:05.524] [Server thread/DEBUG] [net.minecraftforge.common.ForgeConfigSpec/CORE]: The comment on key store_until_previous_level does not match the spec. This may create a backup.
[15Aug2026 23:33:05.525] [Server thread/WARN] [net.minecraftforge.common.ForgeConfigSpec/CORE]: Incorrect key storing_amount was corrected from null to its default, -1. 
[15Aug2026 23:33:05.525] [Server thread/DEBUG] [net.minecraftforge.common.ForgeConfigSpec/CORE]: The comment on key storing_amount does not match the spec. This may create a backup.
[15Aug2026 23:33:05.526] [Server thread/WARN] [net.minecraftforge.common.ForgeConfigSpec/CORE]: Incorrect key retrieval_percentage was corrected from null to its default, 1.0. 
[15Aug2026 23:33:05.526] [Server thread/DEBUG] [net.minecraftforge.common.ForgeConfigSpec/CORE]: The comment on key retrieval_percentage does not match the spec. This may create a backup.
[15Aug2026 23:33:05.526] [Server thread/WARN] [net.minecraftforge.common.ForgeConfigSpec/CORE]: Incorrect key retrieve_xp_orbs was corrected from null to its default, false. 
[15Aug2026 23:33:05.527] [Server thread/DEBUG] [net.minecraftforge.common.ForgeConfigSpec/CORE]: The comment on key retrieve_xp_orbs does not match the spec. This may create a backup.
[15Aug2026 23:33:05.528] [Server thread/DEBUG] [net.minecraftforge.fml.config.ConfigFileTypeHandler/CONFIG]: Built TOML config for ./world/serverconfig/paraglider-server.toml
[15Aug2026 23:33:05.528] [Server thread/DEBUG] [net.minecraftforge.fml.config.ConfigFileTypeHandler/CONFIG]: Loaded TOML config file ./world/serverconfig/paraglider-server.toml
[15Aug2026 23:33:05.528] [Server thread/DEBUG] [net.minecraftforge.fml.config.ConfigFileTypeHandler/CONFIG]: Watching TOML config file ./world/serverconfig/paraglider-server.toml for changes
[15Aug2026 23:33:05.528] [Server thread/WARN] [net.minecraftforge.common.ForgeConfigSpec/CORE]: Configuration file ./world/serverconfig/paraglider-server.toml is not correct. Correcting
[15Aug2026 23:33:05.529] [Server thread/WARN] [net.minecraftforge.common.ForgeConfigSpec/CORE]: Incorrect key ascendingWinds was corrected from null to its default, true. 
[15Aug2026 23:33:05.529] [Server thread/DEBUG] [net.minecraftforge.common.ForgeConfigSpec/CORE]: The comment on key ascendingWinds does not match the spec. This may create a backup.
[15Aug2026 23:33:05.529] [Server thread/DEBUG] [net.minecraftforge.common.ForgeConfigSpec/CORE]: List on key windSources is deemed to need correction, as it is null or not a list.
[15Aug2026 23:33:05.529] [Server thread/WARN] [net.minecraftforge.common.ForgeConfigSpec/CORE]: Incorrect key windSources was corrected from null to its default, [fire, soul_fire, campfire#lit=true, soul_campfire#lit=true]. 
[15Aug2026 23:33:05.530] [Server thread/DEBUG] [net.minecraftforge.common.ForgeConfigSpec/CORE]: The comment on key windSources does not match the spec. This may create a backup.
[15Aug2026 23:33:05.530] [Server thread/WARN] [net.minecraftforge.common.ForgeConfigSpec/CORE]: Incorrect key paraglidingSpeed was corrected from null to its default, 1.0. 
[15Aug2026 23:33:05.531] [Server thread/DEBUG] [net.minecraftforge.common.ForgeConfigSpec/CORE]: The comment on key paraglidingSpeed does not match the spec. This may create a backup.
[15Aug2026 23:33:05.531] [Server thread/WARN] [net.minecraftforge.common.ForgeConfigSpec/CORE]: Incorrect key paragliderDurability was corrected from null to its default, 0. 
[15Aug2026 23:33:05.531] [Server thread/DEBUG] [net.minecraftforge.common.ForgeConfigSpec/CORE]: The comment on key paragliderDurability does not match the spec. This may create a backup.
[15Aug2026 23:33:05.532] [Server thread/WARN] [net.minecraftforge.common.ForgeConfigSpec/CORE]: Incorrect key spiritOrbs was corrected from null to its default, SimpleCommentedConfig:{}. 
[15Aug2026 23:33:05.532] [Server thread/WARN] [net.minecraftforge.common.ForgeConfigSpec/CORE]: Incorrect key spiritOrbs.enderDragonDropsVessel was corrected from null to its default, true. 
[15Aug2026 23:33:05.532] [Server thread/DEBUG] [net.minecraftforge.common.ForgeConfigSpec/CORE]: The comment on key spiritOrbs.enderDragonDropsVessel does not match the spec. This may create a backup.
[15Aug2026 23:33:05.532] [Server thread/WARN] [net.minecraftforge.common.ForgeConfigSpec/CORE]: Incorrect key spiritOrbs.raidGivesVessel was corrected from null to its default, true. 
[15Aug2026 23:33:05.532] [Server thread/DEBUG] [net.minecraftforge.common.ForgeConfigSpec/CORE]: The comment on key spiritOrbs.raidGivesVessel does not match the spec. This may create a backup.
[15Aug2026 23:33:05.532] [Server thread/WARN] [net.minecraftforge.common.ForgeConfigSpec/CORE]: Incorrect key spiritOrbs.spawnerSpiritOrbDrops was corrected from null to its default, 2. 
[15Aug2026 23:33:05.532] [Server thread/DEBUG] [net.minecraftforge.common.ForgeConfigSpec/CORE]: The comment on key spiritOrbs.spawnerSpiritOrbDrops does not match the spec. This may create a backup.
[15Aug2026 23:33:05.533] [Server thread/WARN] [net.minecraftforge.common.ForgeConfigSpec/CORE]: Incorrect key spiritOrbs.spiritOrbLoots was corrected from null to its default, true. 
[15Aug2026 23:33:05.533] [Server thread/DEBUG] [net.minecraftforge.common.ForgeConfigSpec/CORE]: The comment on key spiritOrbs.spiritOrbLoots does not match the spec. This may create a backup.
[15Aug2026 23:33:05.533] [Server thread/WARN] [net.minecraftforge.common.ForgeConfigSpec/CORE]: Incorrect key vessels was corrected from null to its default, SimpleCommentedConfig:{}. 
[15Aug2026 23:33:05.533] [Server thread/WARN] [net.minecraftforge.common.ForgeConfigSpec/CORE]: Incorrect key vessels.startingHearts was corrected from null to its default, 10. 
[15Aug2026 23:33:05.533] [Server thread/DEBUG] [net.minecraftforge.common.ForgeConfigSpec/CORE]: The comment on key vessels.startingHearts does not match the spec. This may create a backup.
[15Aug2026 23:33:05.533] [Server thread/WARN] [net.minecraftforge.common.ForgeConfigSpec/CORE]: Incorrect key vessels.maxHeartContainers was corrected from null to its default, 20. 
[15Aug2026 23:33:05.534] [Server thread/DEBUG] [net.minecraftforge.common.ForgeConfigSpec/CORE]: The comment on key vessels.maxHeartContainers does not match the spec. This may create a backup.
[15Aug2026 23:33:05.534] [Server thread/WARN] [net.minecraftforge.common.ForgeConfigSpec/CORE]: Incorrect key vessels.maxStamina was corrected from null to its default, 3000. 
[15Aug2026 23:33:05.534] [Server thread/DEBUG] [net.minecraftforge.common.ForgeConfigSpec/CORE]: The comment on key vessels.maxStamina does not match the spec. This may create a backup.
[15Aug2026 23:33:05.534] [Server thread/WARN] [net.minecraftforge.common.ForgeConfigSpec/CORE]: Incorrect key vessels.startingStamina was corrected from null to its default, 1000. 
[15Aug2026 23:33:05.534] [Server thread/DEBUG] [net.minecraftforge.common.ForgeConfigSpec/CORE]: The comment on key vessels.startingStamina does not match the spec. This may create a backup.
[15Aug2026 23:33:05.534] [Server thread/WARN] [net.minecraftforge.common.ForgeConfigSpec/CORE]: Incorrect key vessels.maxStaminaVessels was corrected from null to its default, 10. 
[15Aug2026 23:33:05.534] [Server thread/DEBUG] [net.minecraftforge.common.ForgeConfigSpec/CORE]: The comment on key vessels.maxStaminaVessels does not match the spec. This may create a backup.
[15Aug2026 23:33:05.534] [Server thread/WARN] [net.minecraftforge.common.ForgeConfigSpec/CORE]: Incorrect key stamina was corrected from null to its default, SimpleCommentedConfig:{}. 
[15Aug2026 23:33:05.535] [Server thread/WARN] [net.minecraftforge.common.ForgeConfigSpec/CORE]: Incorrect key stamina.paraglidingConsumesStamina was corrected from null to its default, true. 
[15Aug2026 23:33:05.535] [Server thread/DEBUG] [net.minecraftforge.common.ForgeConfigSpec/CORE]: The comment on key stamina.paraglidingConsumesStamina does not match the spec. This may create a backup.
[15Aug2026 23:33:05.535] [Server thread/WARN] [net.minecraftforge.common.ForgeConfigSpec/CORE]: Incorrect key stamina.runningAndSwimmingConsumesStamina was corrected from null to its default, false. 
[15Aug2026 23:33:05.535] [Server thread/DEBUG] [net.minecraftforge.common.ForgeConfigSpec/CORE]: The comment on key stamina.runningAndSwimmingConsumesStamina does not match the spec. This may create a backup.
[15Aug2026 23:33:05.535] [Server thread/WARN] [net.minecraftforge.common.ForgeConfigSpec/CORE]: Incorrect key paragliderInTowersOfTheWild was corrected from null to its default, DEFAULT. 
[15Aug2026 23:33:05.536] [Server thread/DEBUG] [net.minecraftforge.common.ForgeConfigSpec/CORE]: The comment on key paragliderInTowersOfTheWild does not match the spec. This may create a backup.
[15Aug2026 23:33:05.540] [Server thread/DEBUG] [mixin/]: Mixing accessor.BiomeSpecialEffectsBuilderForgeAccessor from puzzleslib.forge.mixins.json into net.minecraft.world.level.biome.BiomeSpecialEffects$Builder
[15Aug2026 23:33:05.550] [Server thread/DEBUG] [com.github.alexthe666.iceandfire.IceAndFire/]: Added the following features to the biome [minecraft:badlands]: 
	- iceandfire:silver_ore
	- iceandfire:lightning_dragon_roost
	- iceandfire:lightning_dragon_cave
[15Aug2026 23:33:05.557] [Server thread/DEBUG] [com.github.alexthe666.iceandfire.IceAndFire/]: Added the following features to the biome [minecraft:bamboo_jungle]: 
	- iceandfire:fire_lily
	- iceandfire:silver_ore
	- iceandfire:lightning_dragon_roost
	- iceandfire:lightning_dragon_cave
	- iceandfire:myrmex_hive_jungle
[15Aug2026 23:33:05.559] [Server thread/DEBUG] [com.github.alexthe666.iceandfire.IceAndFire/]: Added the following features to the biome [minecraft:beach]: 
	- iceandfire:silver_ore
	- iceandfire:cyclops_cave
[15Aug2026 23:33:05.561] [Server thread/DEBUG] [com.github.alexthe666.iceandfire.IceAndFire/]: Added the following features to the biome [minecraft:birch_forest]: 
	- iceandfire:silver_ore
[15Aug2026 23:33:05.563] [Server thread/DEBUG] [com.github.alexthe666.iceandfire.IceAndFire/]: Added the following features to the biome [minecraft:cherry_grove]: 
	- iceandfire:silver_ore
[15Aug2026 23:33:05.564] [Server thread/DEBUG] [com.github.alexthe666.iceandfire.IceAndFire/]: Added the following features to the biome [minecraft:cold_ocean]: 
	- iceandfire:silver_ore
	- iceandfire:ice_dragon_roost
	- iceandfire:ice_dragon_cave
	- iceandfire:siren_island
	- iceandfire:spawn_hippocampus
	- iceandfire:spawn_sea_serpent
[15Aug2026 23:33:05.567] [Server thread/DEBUG] [com.github.alexthe666.iceandfire.IceAndFire/]: Added the following features to the biome [minecraft:dark_forest]: 
	- iceandfire:silver_ore
	- iceandfire:pixie_village
[15Aug2026 23:33:05.568] [Server thread/DEBUG] [com.github.alexthe666.iceandfire.IceAndFire/]: Added the following features to the biome [minecraft:deep_cold_ocean]: 
	- iceandfire:silver_ore
	- iceandfire:ice_dragon_roost
	- iceandfire:ice_dragon_cave
	- iceandfire:siren_island
	- iceandfire:spawn_hippocampus
	- iceandfire:spawn_sea_serpent
[15Aug2026 23:33:05.568] [Server thread/DEBUG] [com.github.alexthe666.iceandfire.IceAndFire/]: Added the following features to the biome [minecraft:deep_dark]: 
	- iceandfire:silver_ore
[15Aug2026 23:33:05.569] [Server thread/DEBUG] [com.github.alexthe666.iceandfire.IceAndFire/]: Added the following features to the biome [minecraft:deep_frozen_ocean]: 
	- iceandfire:silver_ore
	- iceandfire:ice_dragon_roost
	- iceandfire:ice_dragon_cave
	- iceandfire:siren_island
	- iceandfire:spawn_hippocampus
	- iceandfire:spawn_sea_serpent
[15Aug2026 23:33:05.570] [Server thread/DEBUG] [com.github.alexthe666.iceandfire.IceAndFire/]: Added the following features to the biome [minecraft:deep_lukewarm_ocean]: 
	- iceandfire:silver_ore
	- iceandfire:siren_island
	- iceandfire:spawn_hippocampus
	- iceandfire:spawn_sea_serpent
[15Aug2026 23:33:05.571] [Server thread/DEBUG] [com.github.alexthe666.iceandfire.IceAndFire/]: Added the following features to the biome [minecraft:deep_ocean]: 
	- iceandfire:silver_ore
	- iceandfire:siren_island
	- iceandfire:spawn_hippocampus
	- iceandfire:spawn_sea_serpent
[15Aug2026 23:33:05.572] [Server thread/DEBUG] [com.github.alexthe666.iceandfire.IceAndFire/]: Added the following features to the biome [minecraft:desert]: 
	- iceandfire:fire_lily
	- iceandfire:silver_ore
	- iceandfire:fire_dragon_roost
	- iceandfire:fire_dragon_cave
	- iceandfire:myrmex_hive_desert
	- iceandfire:spawn_death_worm
	- iceandfire:spawn_dragon_skeleton_fire
[15Aug2026 23:33:05.572] [Server thread/DEBUG] [com.github.alexthe666.iceandfire.IceAndFire/]: Added the following features to the biome [minecraft:dripstone_caves]: 
	- iceandfire:silver_ore
[15Aug2026 23:33:05.574] [Server thread/DEBUG] [com.github.alexthe666.iceandfire.IceAndFire/]: Added the following features to the biome [minecraft:eroded_badlands]: 
	- iceandfire:fire_lily
	- iceandfire:silver_ore
	- iceandfire:lightning_dragon_roost
	- iceandfire:lightning_dragon_cave
[15Aug2026 23:33:05.575] [Server thread/DEBUG] [com.github.alexthe666.iceandfire.IceAndFire/]: Added the following features to the biome [minecraft:flower_forest]: 
	- iceandfire:silver_ore
[15Aug2026 23:33:05.576] [Server thread/DEBUG] [com.github.alexthe666.iceandfire.IceAndFire/]: Added the following features to the biome [minecraft:forest]: 
	- iceandfire:silver_ore
[15Aug2026 23:33:05.577] [Server thread/DEBUG] [com.github.alexthe666.iceandfire.IceAndFire/]: Added the following features to the biome [minecraft:frozen_ocean]: 
	- iceandfire:frost_lily
	- iceandfire:silver_ore
	- iceandfire:sapphire_ore
	- iceandfire:ice_dragon_roost
	- iceandfire:ice_dragon_cave
	- iceandfire:siren_island
	- iceandfire:spawn_dragon_skeleton_ice
	- iceandfire:spawn_hippocampus
	- iceandfire:spawn_sea_serpent
[15Aug2026 23:33:05.578] [Server thread/DEBUG] [com.github.alexthe666.iceandfire.IceAndFire/]: Added the following features to the biome [minecraft:frozen_peaks]: 
	- iceandfire:frost_lily
	- iceandfire:silver_ore
	- iceandfire:sapphire_ore
	- iceandfire:ice_dragon_roost
	- iceandfire:ice_dragon_cave
	- iceandfire:spawn_dragon_skeleton_ice
[15Aug2026 23:33:05.578] [Server thread/DEBUG] [com.github.alexthe666.iceandfire.IceAndFire/]: Added the following features to the biome [minecraft:frozen_river]: 
	- iceandfire:frost_lily
	- iceandfire:silver_ore
	- iceandfire:sapphire_ore
	- iceandfire:ice_dragon_roost
	- iceandfire:ice_dragon_cave
	- iceandfire:spawn_dragon_skeleton_ice
[15Aug2026 23:33:05.579] [Server thread/DEBUG] [com.github.alexthe666.iceandfire.IceAndFire/]: Added the following features to the biome [minecraft:grove]: 
	- iceandfire:frost_lily
	- iceandfire:silver_ore
	- iceandfire:sapphire_ore
	- iceandfire:ice_dragon_roost
	- iceandfire:ice_dragon_cave
	- iceandfire:spawn_dragon_skeleton_ice
[15Aug2026 23:33:05.580] [Server thread/DEBUG] [com.github.alexthe666.iceandfire.IceAndFire/]: Added the following features to the biome [minecraft:ice_spikes]: 
	- iceandfire:frost_lily
	- iceandfire:silver_ore
	- iceandfire:sapphire_ore
	- iceandfire:ice_dragon_roost
	- iceandfire:ice_dragon_cave
	- iceandfire:spawn_dragon_skeleton_ice
[15Aug2026 23:33:05.581] [Server thread/DEBUG] [com.github.alexthe666.iceandfire.IceAndFire/]: Added the following features to the biome [minecraft:jagged_peaks]: 
	- iceandfire:frost_lily
	- iceandfire:silver_ore
	- iceandfire:sapphire_ore
	- iceandfire:ice_dragon_roost
	- iceandfire:ice_dragon_cave
	- iceandfire:spawn_dragon_skeleton_ice
[15Aug2026 23:33:05.582] [Server thread/DEBUG] [com.github.alexthe666.iceandfire.IceAndFire/]: Added the following features to the biome [minecraft:jungle]: 
	- iceandfire:fire_lily
	- iceandfire:silver_ore
	- iceandfire:lightning_dragon_roost
	- iceandfire:lightning_dragon_cave
	- iceandfire:myrmex_hive_jungle
[15Aug2026 23:33:05.583] [Server thread/DEBUG] [com.github.alexthe666.iceandfire.IceAndFire/]: Added the following features to the biome [minecraft:lukewarm_ocean]: 
	- iceandfire:silver_ore
	- iceandfire:siren_island
	- iceandfire:spawn_hippocampus
	- iceandfire:spawn_sea_serpent
[15Aug2026 23:33:05.583] [Server thread/DEBUG] [com.github.alexthe666.iceandfire.IceAndFire/]: Added the following features to the biome [minecraft:lush_caves]: 
	- iceandfire:silver_ore
[15Aug2026 23:33:05.584] [Server thread/DEBUG] [com.github.alexthe666.iceandfire.IceAndFire/]: Added the following features to the biome [minecraft:mangrove_swamp]: 
	- iceandfire:fire_lily
	- iceandfire:silver_ore
	- iceandfire:fire_dragon_roost
	- iceandfire:fire_dragon_cave
	- iceandfire:hydra_cave
	- iceandfire:spawn_stymphalian_bird
[15Aug2026 23:33:05.585] [Server thread/DEBUG] [com.github.alexthe666.iceandfire.IceAndFire/]: Added the following features to the biome [minecraft:meadow]: 
	- iceandfire:silver_ore
	- iceandfire:fire_dragon_roost
	- iceandfire:fire_dragon_cave
	- iceandfire:spawn_wandering_cyclops
[15Aug2026 23:33:05.585] [Server thread/DEBUG] [com.github.alexthe666.iceandfire.IceAndFire/]: Added the following features to the biome [minecraft:mushroom_fields]: 
	- iceandfire:silver_ore
[15Aug2026 23:33:05.586] [Server thread/DEBUG] [com.github.alexthe666.iceandfire.IceAndFire/]: Added the following features to the biome [minecraft:ocean]: 
	- iceandfire:silver_ore
	- iceandfire:siren_island
	- iceandfire:spawn_hippocampus
	- iceandfire:spawn_sea_serpent
[15Aug2026 23:33:05.587] [Server thread/DEBUG] [com.github.alexthe666.iceandfire.IceAndFire/]: Added the following features to the biome [minecraft:old_growth_birch_forest]: 
	- iceandfire:silver_ore
	- iceandfire:pixie_village
[15Aug2026 23:33:05.588] [Server thread/DEBUG] [com.github.alexthe666.iceandfire.IceAndFire/]: Added the following features to the biome [minecraft:old_growth_pine_taiga]: 
	- iceandfire:silver_ore
	- iceandfire:ice_dragon_roost
	- iceandfire:ice_dragon_cave
[15Aug2026 23:33:05.589] [Server thread/DEBUG] [com.github.alexthe666.iceandfire.IceAndFire/]: Added the following features to the biome [minecraft:old_growth_spruce_taiga]: 
	- iceandfire:silver_ore
[15Aug2026 23:33:05.589] [Server thread/DEBUG] [com.github.alexthe666.iceandfire.IceAndFire/]: Added the following features to the biome [minecraft:plains]: 
	- iceandfire:silver_ore
	- iceandfire:fire_dragon_roost
	- iceandfire:fire_dragon_cave
	- iceandfire:spawn_wandering_cyclops
[15Aug2026 23:33:05.590] [Server thread/DEBUG] [com.github.alexthe666.iceandfire.IceAndFire/]: Added the following features to the biome [minecraft:river]: 
	- iceandfire:silver_ore
[15Aug2026 23:33:05.590] [Server thread/DEBUG] [com.github.alexthe666.iceandfire.IceAndFire/]: Added the following features to the biome [minecraft:savanna]: 
	- iceandfire:fire_lily
	- iceandfire:lightning_lily
	- iceandfire:silver_ore
	- iceandfire:lightning_dragon_roost
	- iceandfire:lightning_dragon_cave
	- iceandfire:spawn_dragon_skeleton_lightning
[15Aug2026 23:33:05.591] [Server thread/DEBUG] [com.github.alexthe666.iceandfire.IceAndFire/]: Added the following features to the biome [minecraft:savanna_plateau]: 
	- iceandfire:fire_lily
	- iceandfire:lightning_lily
	- iceandfire:silver_ore
	- iceandfire:lightning_dragon_roost
	- iceandfire:lightning_dragon_cave
	- iceandfire:spawn_dragon_skeleton_lightning
[15Aug2026 23:33:05.592] [Server thread/DEBUG] [com.github.alexthe666.iceandfire.IceAndFire/]: Added the following features to the biome [minecraft:snowy_beach]: 
	- iceandfire:frost_lily
	- iceandfire:silver_ore
	- iceandfire:sapphire_ore
	- iceandfire:ice_dragon_roost
	- iceandfire:ice_dragon_cave
	- iceandfire:cyclops_cave
	- iceandfire:spawn_dragon_skeleton_ice
[15Aug2026 23:33:05.592] [Server thread/DEBUG] [com.github.alexthe666.iceandfire.IceAndFire/]: Added the following features to the biome [minecraft:snowy_plains]: 
	- iceandfire:frost_lily
	- iceandfire:silver_ore
	- iceandfire:sapphire_ore
	- iceandfire:ice_dragon_roost
	- iceandfire:ice_dragon_cave
	- iceandfire:spawn_wandering_cyclops
	- iceandfire:spawn_dragon_skeleton_ice
[15Aug2026 23:33:05.593] [Server thread/DEBUG] [com.github.alexthe666.iceandfire.IceAndFire/]: Added the following features to the biome [minecraft:snowy_slopes]: 
	- iceandfire:frost_lily
	- iceandfire:silver_ore
	- iceandfire:sapphire_ore
	- iceandfire:ice_dragon_roost
	- iceandfire:ice_dragon_cave
	- iceandfire:spawn_dragon_skeleton_ice
[15Aug2026 23:33:05.594] [Server thread/DEBUG] [com.github.alexthe666.iceandfire.IceAndFire/]: Added the following features to the biome [minecraft:snowy_taiga]: 
	- iceandfire:frost_lily
	- iceandfire:silver_ore
	- iceandfire:sapphire_ore
	- iceandfire:ice_dragon_roost
	- iceandfire:ice_dragon_cave
	- iceandfire:spawn_dragon_skeleton_ice
[15Aug2026 23:33:05.596] [Server thread/DEBUG] [com.github.alexthe666.iceandfire.IceAndFire/]: Added the following features to the biome [minecraft:sparse_jungle]: 
	- iceandfire:fire_lily
	- iceandfire:silver_ore
	- iceandfire:lightning_dragon_roost
	- iceandfire:lightning_dragon_cave
	- iceandfire:myrmex_hive_jungle
[15Aug2026 23:33:05.596] [Server thread/DEBUG] [com.github.alexthe666.iceandfire.IceAndFire/]: Added the following features to the biome [minecraft:stony_peaks]: 
	- iceandfire:fire_lily
	- iceandfire:silver_ore
	- iceandfire:fire_dragon_roost
	- iceandfire:fire_dragon_cave
[15Aug2026 23:33:05.597] [Server thread/DEBUG] [com.github.alexthe666.iceandfire.IceAndFire/]: Added the following features to the biome [minecraft:stony_shore]: 
	- iceandfire:silver_ore
[15Aug2026 23:33:05.598] [Server thread/DEBUG] [com.github.alexthe666.iceandfire.IceAndFire/]: Added the following features to the biome [minecraft:sunflower_plains]: 
	- iceandfire:silver_ore
	- iceandfire:fire_dragon_roost
	- iceandfire:fire_dragon_cave
	- iceandfire:spawn_wandering_cyclops
[15Aug2026 23:33:05.598] [Server thread/DEBUG] [com.github.alexthe666.iceandfire.IceAndFire/]: Added the following features to the biome [minecraft:swamp]: 
	- iceandfire:silver_ore
	- iceandfire:hydra_cave
	- iceandfire:spawn_stymphalian_bird
[15Aug2026 23:33:05.599] [Server thread/DEBUG] [com.github.alexthe666.iceandfire.IceAndFire/]: Added the following features to the biome [minecraft:taiga]: 
	- iceandfire:silver_ore
	- iceandfire:ice_dragon_roost
	- iceandfire:ice_dragon_cave
[15Aug2026 23:33:05.600] [Server thread/DEBUG] [com.github.alexthe666.iceandfire.IceAndFire/]: Added the following features to the biome [minecraft:warm_ocean]: 
	- iceandfire:fire_lily
	- iceandfire:silver_ore
	- iceandfire:fire_dragon_roost
	- iceandfire:fire_dragon_cave
	- iceandfire:siren_island
	- iceandfire:spawn_hippocampus
	- iceandfire:spawn_sea_serpent
[15Aug2026 23:33:05.602] [Server thread/DEBUG] [com.github.alexthe666.iceandfire.IceAndFire/]: Added the following features to the biome [minecraft:windswept_forest]: 
	- iceandfire:silver_ore
[15Aug2026 23:33:05.602] [Server thread/DEBUG] [com.github.alexthe666.iceandfire.IceAndFire/]: Added the following features to the biome [minecraft:windswept_gravelly_hills]: 
	- iceandfire:silver_ore
[15Aug2026 23:33:05.603] [Server thread/DEBUG] [com.github.alexthe666.iceandfire.IceAndFire/]: Added the following features to the biome [minecraft:windswept_hills]: 
	- iceandfire:silver_ore
[15Aug2026 23:33:05.604] [Server thread/DEBUG] [com.github.alexthe666.iceandfire.IceAndFire/]: Added the following features to the biome [minecraft:windswept_savanna]: 
	- iceandfire:fire_lily
	- iceandfire:lightning_lily
	- iceandfire:silver_ore
	- iceandfire:lightning_dragon_roost
	- iceandfire:lightning_dragon_cave
	- iceandfire:spawn_dragon_skeleton_lightning
[15Aug2026 23:33:05.605] [Server thread/DEBUG] [com.github.alexthe666.iceandfire.IceAndFire/]: Added the following features to the biome [minecraft:wooded_badlands]: 
	- iceandfire:silver_ore
	- iceandfire:lightning_dragon_roost
	- iceandfire:lightning_dragon_cave
[15Aug2026 23:33:05.636] [Server thread/DEBUG] [Paraglider/]: Start adding village structures
[15Aug2026 23:33:05.637] [Server thread/DEBUG] [Paraglider/]: Added 2 elements to template pool 'minecraft:village/desert/houses'
[15Aug2026 23:33:05.637] [Server thread/DEBUG] [Paraglider/]: Added 2 elements to template pool 'minecraft:village/plains/houses'
[15Aug2026 23:33:05.637] [Server thread/DEBUG] [Paraglider/]: Added 2 elements to template pool 'minecraft:village/savanna/houses'
[15Aug2026 23:33:05.637] [Server thread/DEBUG] [Paraglider/]: Added 1 elements to template pool 'minecraft:village/snowy/houses'
[15Aug2026 23:33:05.637] [Server thread/DEBUG] [Paraglider/]: Added 2 elements to template pool 'minecraft:village/taiga/houses'
[15Aug2026 23:33:05.637] [Server thread/DEBUG] [Paraglider/]: Finished adding village structures
[15Aug2026 23:33:05.658] [Server thread/INFO] [net.minecraft.server.dedicated.DedicatedServer/]: Preparing level "world"
[15Aug2026 23:33:05.659] [Server thread/DEBUG] [mixin/]: Mixing feature.branding.BrandingControlMixin from modernfix-modernfix.mixins.json into net.minecraftforge.internal.BrandingControl
[15Aug2026 23:33:05.664] [Server thread/DEBUG] [mixin/]: Mixing perf.optimize_surface_rules.BiomeManagerAccessor from modernfix-modernfix.mixins.json into net.minecraft.world.level.biome.BiomeManager
[15Aug2026 23:33:05.669] [Server thread/DEBUG] [net.minecraftforge.coremod.transformer.CoreModBaseTransformer/COREMOD]: Transforming net/minecraft/world/level/levelgen/PhantomSpawner
[15Aug2026 23:33:05.678] [Server thread/DEBUG] [net.minecraftforge.coremod.transformer.CoreModBaseTransformer/COREMOD]: Transforming net/minecraft/world/level/levelgen/PatrolSpawner
[15Aug2026 23:33:05.683] [Server thread/DEBUG] [net.minecraftforge.coremod.transformer.CoreModBaseTransformer/COREMOD]: Transforming net/minecraft/world/entity/npc/CatSpawner
[15Aug2026 23:33:05.687] [Server thread/DEBUG] [net.minecraftforge.coremod.transformer.CoreModBaseTransformer/COREMOD]: Transforming net/minecraft/world/entity/ai/village/VillageSiege
[15Aug2026 23:33:05.696] [Server thread/DEBUG] [mixin/]: Mixing alloc.chunk_ticking.ServerChunkManagerMixin from lithium.mixins.json into net.minecraft.server.level.ServerChunkCache
[15Aug2026 23:33:05.696] [Server thread/DEBUG] [mixin/]: lithium.mixins.json:alloc.chunk_ticking.ServerChunkManagerMixin: Class version 61 required is higher than the class version supported by the current version of Mixin (JAVA_16 supports class version 60)
[15Aug2026 23:33:05.697] [Server thread/DEBUG] [mixin/]: Mixing world.chunk_access.ServerChunkManagerMixin from lithium.mixins.json into net.minecraft.server.level.ServerChunkCache
[15Aug2026 23:33:05.697] [Server thread/DEBUG] [mixin/]: lithium.mixins.json:world.chunk_access.ServerChunkManagerMixin: Class version 61 required is higher than the class version supported by the current version of Mixin (JAVA_16 supports class version 60)
[15Aug2026 23:33:05.697] [Server thread/DEBUG] [mixin/]: Renaming synthetic method lambda$getChunkOffThread$0(IILnet/minecraft/world/level/chunk/ChunkStatus;Z)Lnet/minecraft/world/level/chunk/ChunkAccess; to md61d6a6$lambda$getChunkOffThread$0$0 in lithium.mixins.json:world.chunk_access.ServerChunkManagerMixin
[15Aug2026 23:33:05.702] [Server thread/DEBUG] [mixin/]: Mixing bugfix.chunk_deadlock.ServerChunkCache_CurrentLoadingMixin from modernfix-modernfix.mixins.json into net.minecraft.server.level.ServerChunkCache
[15Aug2026 23:33:05.724] [Server thread/DEBUG] [mixin/]: Mixing collections.entity_ticking.EntityListMixin from lithium.mixins.json into net.minecraft.world.level.entity.EntityTickList
[15Aug2026 23:33:05.724] [Server thread/DEBUG] [mixin/]: lithium.mixins.json:collections.entity_ticking.EntityListMixin: Class version 61 required is higher than the class version supported by the current version of Mixin (JAVA_16 supports class version 60)
[15Aug2026 23:33:05.734] [Server thread/DEBUG] [mixin/]: Mixing world.tick_scheduler.ChunkTickSchedulerMixin from lithium.mixins.json into net.minecraft.world.ticks.LevelChunkTicks
[15Aug2026 23:33:05.734] [Server thread/DEBUG] [mixin/]: lithium.mixins.json:world.tick_scheduler.ChunkTickSchedulerMixin: Class version 61 required is higher than the class version supported by the current version of Mixin (JAVA_16 supports class version 60)
[15Aug2026 23:33:05.734] [Server thread/DEBUG] [mixin/]: Renaming synthetic method lambda$queueTick$0(J)Lme/jellysquid/mods/lithium/common/world/scheduler/OrderedTickQueue; to md61d6a6$lambda$queueTick$0$0 in lithium.mixins.json:world.tick_scheduler.ChunkTickSchedulerMixin
[15Aug2026 23:33:05.769] [Server thread/DEBUG] [mixin/]: Mixing chunk.entity_class_groups.ServerEntityManagerAccessor from lithium.mixins.json into net.minecraft.world.level.entity.PersistentEntitySectionManager
[15Aug2026 23:33:05.769] [Server thread/DEBUG] [mixin/]: lithium.mixins.json:chunk.entity_class_groups.ServerEntityManagerAccessor: Class version 61 required is higher than the class version supported by the current version of Mixin (JAVA_16 supports class version 60)
[15Aug2026 23:33:05.769] [Server thread/DEBUG] [mixin/]: Mixing util.entity_movement_tracking.ServerEntityManagerAccessor from lithium.mixins.json into net.minecraft.world.level.entity.PersistentEntitySectionManager
[15Aug2026 23:33:05.769] [Server thread/DEBUG] [mixin/]: lithium.mixins.json:util.entity_movement_tracking.ServerEntityManagerAccessor: Class version 61 required is higher than the class version supported by the current version of Mixin (JAVA_16 supports class version 60)
[15Aug2026 23:33:05.769] [Server thread/DEBUG] [mixin/]: Unexpected: Registered method getCache()Lnet/minecraft/world/level/entity/EntitySectionStorage; in net.minecraft.world.level.entity.PersistentEntitySectionManager was not merged
[15Aug2026 23:33:05.773] [Server thread/DEBUG] [mixin/]: Mixing entity.inactive_navigations.ServerEntityHandlerMixin from lithium.mixins.json into net.minecraft.server.level.ServerLevel$EntityCallbacks
[15Aug2026 23:33:05.773] [Server thread/DEBUG] [mixin/]: lithium.mixins.json:entity.inactive_navigations.ServerEntityHandlerMixin: Class version 61 required is higher than the class version supported by the current version of Mixin (JAVA_16 supports class version 60)
[15Aug2026 23:33:05.776] [Server thread/DEBUG] [mixin/]: Mixing entity.fast_retrieval.SectionedEntityCacheMixin from lithium.mixins.json into net.minecraft.world.level.entity.EntitySectionStorage
[15Aug2026 23:33:05.776] [Server thread/DEBUG] [mixin/]: lithium.mixins.json:entity.fast_retrieval.SectionedEntityCacheMixin: Class version 61 required is higher than the class version supported by the current version of Mixin (JAVA_16 supports class version 60)
[15Aug2026 23:33:05.777] [Server thread/DEBUG] [mixin/]: Mixing util.entity_movement_tracking.SectionedEntityCacheMixin from lithium.mixins.json into net.minecraft.world.level.entity.EntitySectionStorage
[15Aug2026 23:33:05.777] [Server thread/DEBUG] [mixin/]: lithium.mixins.json:util.entity_movement_tracking.SectionedEntityCacheMixin: Class version 61 required is higher than the class version supported by the current version of Mixin (JAVA_16 supports class version 60)
[15Aug2026 23:33:05.779] [Server thread/DEBUG] [mixin/]: Mixing util.entity_section_position.SectionedEntityCacheMixin from lithium.mixins.json into net.minecraft.world.level.entity.EntitySectionStorage
[15Aug2026 23:33:05.779] [Server thread/DEBUG] [mixin/]: lithium.mixins.json:util.entity_section_position.SectionedEntityCacheMixin: Class version 61 required is higher than the class version supported by the current version of Mixin (JAVA_16 supports class version 60)
[15Aug2026 23:33:05.790] [Server thread/DEBUG] [mixin/]: Mixing perf.ticking_chunk_alloc.ChunkHolderMixin from modernfix-modernfix.mixins.json into net.minecraft.server.level.ChunkHolder
[15Aug2026 23:33:05.791] [Server thread/DEBUG] [mixin/]: Mixing world.chunk_access.ChunkHolderMixin from lithium.mixins.json into net.minecraft.server.level.ChunkHolder
[15Aug2026 23:33:05.791] [Server thread/DEBUG] [mixin/]: lithium.mixins.json:world.chunk_access.ChunkHolderMixin: Class version 61 required is higher than the class version supported by the current version of Mixin (JAVA_16 supports class version 60)
[15Aug2026 23:33:05.791] [Server thread/DEBUG] [mixin/]: Mixing perf.release_protochunks.ChunkHolderMixin from modernfix-modernfix.mixins.json into net.minecraft.server.level.ChunkHolder
[15Aug2026 23:33:05.791] [Server thread/DEBUG] [mixin/]: Renaming synthetic method lambda$mfix$markAsNeedingProtoChunkDrop$0(Lorg/embeddedt/modernfix/duck/release_protochunks/ISuspendedHolderTrackingChunkMap;Lnet/minecraft/world/level/chunk/ChunkAccess;Ljava/lang/Throwable;)V to md61d6a6$lambda$mfix$markAsNeedingProtoChunkDrop$0$0 in modernfix-modernfix.mixins.json:perf.release_protochunks.ChunkHolderMixin
[15Aug2026 23:33:05.799] [Server thread/DEBUG] [mixin/]: Mixing world.player_chunk_tick.ThreadedAnvilChunkStorageMixin from lithium.mixins.json into net.minecraft.server.level.ChunkMap
[15Aug2026 23:33:05.800] [Server thread/DEBUG] [mixin/]: lithium.mixins.json:world.player_chunk_tick.ThreadedAnvilChunkStorageMixin: Class version 61 required is higher than the class version supported by the current version of Mixin (JAVA_16 supports class version 60)
[15Aug2026 23:33:05.802] [Server thread/DEBUG] [mixin/]: Mixing bugfix.chunk_deadlock.ChunkMapLoadMixin from modernfix-modernfix.mixins.json into net.minecraft.server.level.ChunkMap
[15Aug2026 23:33:05.803] [Server thread/DEBUG] [mixin/]: Renaming synthetic method lambda$createSurrogateFuture$1(Ljava/util/concurrent/CompletableFuture;Lcom/mojang/datafixers/util/Either;Ljava/lang/Throwable;)V to md61d6a6$lambda$createSurrogateFuture$1$0 in modernfix-modernfix.mixins.json:bugfix.chunk_deadlock.ChunkMapLoadMixin
[15Aug2026 23:33:05.803] [Server thread/DEBUG] [mixin/]: Renaming synthetic method lambda$createSurrogateFuture$0(Ljava/util/concurrent/CompletableFuture;Ljava/util/function/Function;Lcom/mojang/datafixers/util/Either;)Lcom/mojang/datafixers/util/Either; to md61d6a6$lambda$createSurrogateFuture$0$1 in modernfix-modernfix.mixins.json:bugfix.chunk_deadlock.ChunkMapLoadMixin
[15Aug2026 23:33:05.804] [Server thread/DEBUG] [mixin/]: Mixing bugfix.paper_chunk_patches.ChunkMapMixin from modernfix-modernfix.mixins.json into net.minecraft.server.level.ChunkMap
[15Aug2026 23:33:05.805] [Server thread/DEBUG] [mixin/]: Renaming synthetic method lambda$mfix$avoidSchedulingGenerationPrematurely$0(Lnet/minecraft/server/level/ChunkMap;Lnet/minecraft/server/level/ChunkHolder;Lnet/minecraft/world/level/chunk/ChunkStatus;Lcom/mojang/datafixers/util/Either;)Ljava/util/concurrent/CompletionStage; to md61d6a6$lambda$mfix$avoidSchedulingGenerationPrematurely$0$2 in modernfix-modernfix.mixins.json:bugfix.paper_chunk_patches.ChunkMapMixin
[15Aug2026 23:33:05.805] [Server thread/DEBUG] [mixin/]: Mixing perf.release_protochunks.ChunkMapMixin from modernfix-modernfix.mixins.json into net.minecraft.server.level.ChunkMap
[15Aug2026 23:33:05.805] [Server thread/DEBUG] [mixin/]: Renaming synthetic method lambda$decrementGenRefCountsOnComplete$0(ILnet/minecraft/world/level/ChunkPos;Lcom/mojang/datafixers/util/Either;Ljava/lang/Throwable;)V to md61d6a6$lambda$decrementGenRefCountsOnComplete$0$3 in modernfix-modernfix.mixins.json:perf.release_protochunks.ChunkMapMixin
[15Aug2026 23:33:05.888] [Server thread/DEBUG] [mixin/]: Mixing perf.optimize_surface_rules.SurfaceSystemMixin from modernfix-modernfix.mixins.json into net.minecraft.world.level.levelgen.SurfaceSystem
[15Aug2026 23:33:06.081] [Server thread/DEBUG] [mixin/]: Mixing perf.cache_strongholds.ChunkGeneratorMixin from modernfix-modernfix.mixins.json into net.minecraft.world.level.chunk.ChunkGeneratorStructureState
[15Aug2026 23:33:06.081] [Server thread/DEBUG] [mixin/]: Renaming synthetic method lambda$modernfix$cacheRingPositions$0(Lnet/minecraft/server/MinecraftServer;Ljava/lang/String;Ljava/util/List;)Ljava/util/List; to md61d6a6$lambda$modernfix$cacheRingPositions$0$0 in modernfix-modernfix.mixins.json:perf.cache_strongholds.ChunkGeneratorMixin
[15Aug2026 23:33:06.122] [Server thread/DEBUG] [mixin/]: Mixing chunk.no_validation.PackedIntegerArrayMixin from lithium.mixins.json into net.minecraft.util.SimpleBitStorage
[15Aug2026 23:33:06.122] [Server thread/DEBUG] [mixin/]: lithium.mixins.json:chunk.no_validation.PackedIntegerArrayMixin: Class version 61 required is higher than the class version supported by the current version of Mixin (JAVA_16 supports class version 60)
[15Aug2026 23:33:06.122] [Server thread/DEBUG] [mixin/]: Mixing chunk.serialization.PackedIntegerArrayMixin from lithium.mixins.json into net.minecraft.util.SimpleBitStorage
[15Aug2026 23:33:06.122] [Server thread/DEBUG] [mixin/]: lithium.mixins.json:chunk.serialization.PackedIntegerArrayMixin: Class version 61 required is higher than the class version supported by the current version of Mixin (JAVA_16 supports class version 60)
[15Aug2026 23:33:06.135] [Server thread/DEBUG] [mixin/]: Mixing ai.poi.PointOfInterestStorageMixin from lithium.mixins.json into net.minecraft.world.entity.ai.village.poi.PoiManager
[15Aug2026 23:33:06.135] [Server thread/DEBUG] [mixin/]: lithium.mixins.json:ai.poi.PointOfInterestStorageMixin: Class version 61 required is higher than the class version supported by the current version of Mixin (JAVA_16 supports class version 60)
[15Aug2026 23:33:06.136] [Server thread/DEBUG] [mixin/]: Renaming synthetic method lambda$withinSphereChunkSectionSorted$6(Lnet/minecraft/core/BlockPos;DLjava/util/ArrayList;Lnet/minecraft/world/entity/ai/village/poi/PoiRecord;)V to md61d6a6$lambda$withinSphereChunkSectionSorted$6$0 in lithium.mixins.json:ai.poi.PointOfInterestStorageMixin
[15Aug2026 23:33:06.136] [Server thread/DEBUG] [mixin/]: Renaming synthetic method lambda$withinSphereChunkSectionSortedStream$5(Ljava/util/function/Predicate;Lnet/minecraft/world/entity/ai/village/poi/PoiManager$Occupancy;Lnet/minecraft/core/BlockPos;DLjava/util/stream/Stream;)Ljava/util/stream/Stream; to md61d6a6$lambda$withinSphereChunkSectionSortedStream$5$1 in lithium.mixins.json:ai.poi.PointOfInterestStorageMixin
[15Aug2026 23:33:06.136] [Server thread/DEBUG] [mixin/]: Renaming synthetic method lambda$withinSphereChunkSectionSortedStream$4(Ljava/util/function/Predicate;Lnet/minecraft/world/entity/ai/village/poi/PoiManager$Occupancy;Lnet/minecraft/core/BlockPos;DLnet/minecraft/world/entity/ai/village/poi/PoiSection;)Ljava/util/stream/Stream; to md61d6a6$lambda$withinSphereChunkSectionSortedStream$4$2 in lithium.mixins.json:ai.poi.PointOfInterestStorageMixin
[15Aug2026 23:33:06.136] [Server thread/DEBUG] [mixin/]: Renaming synthetic method lambda$withinSphereChunkSectionSortedStream$3(Lnet/minecraft/core/BlockPos;DLnet/minecraft/world/entity/ai/village/poi/PoiRecord;)Z to md61d6a6$lambda$withinSphereChunkSectionSortedStream$3$3 in lithium.mixins.json:ai.poi.PointOfInterestStorageMixin
[15Aug2026 23:33:06.136] [Server thread/DEBUG] [mixin/]: Renaming synthetic method lambda$findNearestForPortalLogic$2(Lnet/minecraft/world/level/border/WorldBorder;Ljava/util/function/Predicate;Lnet/minecraft/world/entity/ai/village/poi/PoiRecord;)Z to md61d6a6$lambda$findNearestForPortalLogic$2$4 in lithium.mixins.json:ai.poi.PointOfInterestStorageMixin
[15Aug2026 23:33:06.136] [Server thread/DEBUG] [mixin/]: Renaming synthetic method lambda$getNearestPosition$1(Ljava/util/function/Predicate;Lnet/minecraft/world/entity/ai/village/poi/PoiRecord;)Z to md61d6a6$lambda$getNearestPosition$1$5 in lithium.mixins.json:ai.poi.PointOfInterestStorageMixin
[15Aug2026 23:33:06.136] [Server thread/DEBUG] [mixin/]: Renaming synthetic method lambda$getInChunk$0(Ljava/util/function/Predicate;Lnet/minecraft/world/entity/ai/village/poi/PoiManager$Occupancy;Lnet/minecraft/world/entity/ai/village/poi/PoiSection;)Ljava/util/stream/Stream; to md61d6a6$lambda$getInChunk$0$6 in lithium.mixins.json:ai.poi.PointOfInterestStorageMixin
[15Aug2026 23:33:06.140] [Server thread/DEBUG] [mixin/]: Mixing ai.poi.fast_portals.PointOfInterestStorageMixin from lithium.mixins.json into net.minecraft.world.entity.ai.village.poi.PoiManager
[15Aug2026 23:33:06.141] [Server thread/DEBUG] [mixin/]: lithium.mixins.json:ai.poi.fast_portals.PointOfInterestStorageMixin: Class version 61 required is higher than the class version supported by the current version of Mixin (JAVA_16 supports class version 60)
[15Aug2026 23:33:06.151] [Server thread/DEBUG] [mixin/]: Mixing ai.poi.SerializingRegionBasedStorageMixin from lithium.mixins.json into net.minecraft.world.level.chunk.storage.SectionStorage
[15Aug2026 23:33:06.151] [Server thread/DEBUG] [mixin/]: lithium.mixins.json:ai.poi.SerializingRegionBasedStorageMixin: Class version 61 required is higher than the class version supported by the current version of Mixin (JAVA_16 supports class version 60)
[15Aug2026 23:33:06.151] [Server thread/DEBUG] [mixin/]: Renaming synthetic method lambda$getInChunkColumn$0(Ljava/util/BitSet;Lit/unimi/dsi/fastutil/longs/Long2ObjectMap;ILnet/minecraft/world/level/LevelHeightAccessor;I)Ljava/util/Iterator; to md61d6a6$lambda$getInChunkColumn$0$0 in lithium.mixins.json:ai.poi.SerializingRegionBasedStorageMixin
[15Aug2026 23:33:06.163] [Server thread/DEBUG] [mixin/]: Mixing ai.poi.PointOfInterestSetMixin from lithium.mixins.json into net.minecraft.world.entity.ai.village.poi.PoiSection
[15Aug2026 23:33:06.163] [Server thread/DEBUG] [mixin/]: lithium.mixins.json:ai.poi.PointOfInterestSetMixin: Class version 61 required is higher than the class version supported by the current version of Mixin (JAVA_16 supports class version 60)
[15Aug2026 23:33:06.163] [Server thread/DEBUG] [mixin/]: Renaming synthetic method lambda$computeIfAbsent$0(Ljava/lang/Object;)Ljava/lang/Object; to md61d6a6$lambda$computeIfAbsent$0$0 in lithium.mixins.json:ai.poi.PointOfInterestSetMixin
[15Aug2026 23:33:06.170] [Server thread/DEBUG] [mixin/]: Mixing perf.dynamic_dfu.DataFixTypesMixin from modernfix-modernfix.mixins.json into net.minecraft.util.datafix.DataFixTypes
[15Aug2026 23:33:06.184] [Server thread/DEBUG] [mixin/]: Mixing ai.poi.fast_portals.PortalForcerMixin from lithium.mixins.json into net.minecraft.world.level.portal.PortalForcer
[15Aug2026 23:33:06.184] [Server thread/DEBUG] [mixin/]: lithium.mixins.json:ai.poi.fast_portals.PortalForcerMixin: Class version 61 required is higher than the class version supported by the current version of Mixin (JAVA_16 supports class version 60)
[15Aug2026 23:33:06.184] [Server thread/DEBUG] [mixin/]: Renaming synthetic method lambda$getPortalRect$2(Lnet/minecraft/world/entity/ai/village/poi/PoiRecord;)Lnet/minecraft/BlockUtil$FoundRectangle; to md61d6a6$lambda$getPortalRect$2$0 in lithium.mixins.json:ai.poi.fast_portals.PortalForcerMixin
[15Aug2026 23:33:06.184] [Server thread/DEBUG] [mixin/]: Renaming synthetic method lambda$getPortalRect$1(Lnet/minecraft/world/level/block/state/BlockState;Lnet/minecraft/core/BlockPos;)Z to md61d6a6$lambda$getPortalRect$1$1 in lithium.mixins.json:ai.poi.fast_portals.PortalForcerMixin
[15Aug2026 23:33:06.184] [Server thread/DEBUG] [mixin/]: Renaming synthetic method lambda$getPortalRect$0(Lnet/minecraft/world/entity/ai/village/poi/PoiRecord;)Z to md61d6a6$lambda$getPortalRect$0$2 in lithium.mixins.json:ai.poi.fast_portals.PortalForcerMixin
[15Aug2026 23:33:06.213] [Server thread/DEBUG] [mixin/]: Mixing perf.faster_structure_location.StructureCheckMixin from modernfix-modernfix.mixins.json into net.minecraft.world.level.levelgen.structure.StructureCheck
[15Aug2026 23:33:06.214] [Server thread/DEBUG] [net.minecraftforge.coremod.transformer.CoreModBaseTransformer/COREMOD]: Transforming net/minecraft/world/level/levelgen/structure/Structure
[15Aug2026 23:33:06.240] [Server thread/INFO] [voicechat/]: [voicechat] Successfully migrated config voicechat-server.toml
[15Aug2026 23:33:06.347] [Server thread/DEBUG] [mixin/]: Mixing world.chunk_tickets.SortedArraySetMixin from lithium.mixins.json into net.minecraft.util.SortedArraySet
[15Aug2026 23:33:06.347] [Server thread/DEBUG] [mixin/]: lithium.mixins.json:world.chunk_tickets.SortedArraySetMixin: Class version 61 required is higher than the class version supported by the current version of Mixin (JAVA_16 supports class version 60)
[15Aug2026 23:33:06.348] [Server thread/DEBUG] [mixin/]: Mixing bugfix.paper_chunk_patches.SortedArraySetMixin from modernfix-modernfix.mixins.json into net.minecraft.util.SortedArraySet
[15Aug2026 23:33:06.351] [Server thread/WARN] [mixin/]: Method overwrite conflict for removeIf in modernfix-modernfix.mixins.json:bugfix.paper_chunk_patches.SortedArraySetMixin, previously written by me.jellysquid.mods.lithium.mixin.world.chunk_tickets.SortedArraySetMixin. Skipping method.
[15Aug2026 23:33:06.355] [Server thread/DEBUG] [mixin/]: Unexpected: Registered method removeIf(Ljava/util/function/Predicate;)Z in net.minecraft.util.SortedArraySet was not merged
[15Aug2026 23:33:06.407] [Server thread/DEBUG] [mixin/]: Mixing chunk.no_locking.ChunkSectionMixin from lithium.mixins.json into net.minecraft.world.level.chunk.LevelChunkSection
[15Aug2026 23:33:06.408] [Server thread/DEBUG] [mixin/]: lithium.mixins.json:chunk.no_locking.ChunkSectionMixin: Class version 61 required is higher than the class version supported by the current version of Mixin (JAVA_16 supports class version 60)
[15Aug2026 23:33:06.409] [Server thread/DEBUG] [mixin/]: Mixing util.block_tracking.ChunkSectionMixin from lithium.mixins.json into net.minecraft.world.level.chunk.LevelChunkSection
[15Aug2026 23:33:06.409] [Server thread/DEBUG] [mixin/]: lithium.mixins.json:util.block_tracking.ChunkSectionMixin: Class version 61 required is higher than the class version supported by the current version of Mixin (JAVA_16 supports class version 60)
[15Aug2026 23:33:06.411] [Server thread/DEBUG] [mixin/]: Renaming synthetic method lambda$initFlagCounters$0(Lnet/minecraft/world/level/chunk/PalettedContainer$CountConsumer;Lnet/minecraft/world/level/block/state/BlockState;I)V to md61d6a6$lambda$initFlagCounters$0$0 in lithium.mixins.json:util.block_tracking.ChunkSectionMixin
[15Aug2026 23:33:06.426] [Server thread/DEBUG] [mixin/]: Mixing chunk.no_locking.PalettedContainerMixin from lithium.mixins.json into net.minecraft.world.level.chunk.PalettedContainer
[15Aug2026 23:33:06.426] [Server thread/DEBUG] [mixin/]: lithium.mixins.json:chunk.no_locking.PalettedContainerMixin: Class version 61 required is higher than the class version supported by the current version of Mixin (JAVA_16 supports class version 60)
[15Aug2026 23:33:06.426] [Server thread/DEBUG] [mixin/]: Mixing chunk.serialization.PalettedContainerMixin from lithium.mixins.json into net.minecraft.world.level.chunk.PalettedContainer
[15Aug2026 23:33:06.427] [Server thread/DEBUG] [mixin/]: lithium.mixins.json:chunk.serialization.PalettedContainerMixin: Class version 61 required is higher than the class version supported by the current version of Mixin (JAVA_16 supports class version 60)
[15Aug2026 23:33:06.427] [Server thread/DEBUG] [mixin/]: Renaming synthetic method lambda$count$2([SI)V to md61d6a6$lambda$count$2$0 in lithium.mixins.json:chunk.serialization.PalettedContainerMixin
[15Aug2026 23:33:06.427] [Server thread/DEBUG] [mixin/]: Renaming synthetic method lambda$static$1()[S to md61d6a6$lambda$static$1$1 in lithium.mixins.json:chunk.serialization.PalettedContainerMixin
[15Aug2026 23:33:06.427] [Server thread/DEBUG] [mixin/]: Renaming synthetic method lambda$static$0()[S to md61d6a6$lambda$static$0$2 in lithium.mixins.json:chunk.serialization.PalettedContainerMixin
[15Aug2026 23:33:06.429] [Server thread/DEBUG] [mixin/]: Mixing core.PalettedContainerMixin from modernfix-modernfix.mixins.json into net.minecraft.world.level.chunk.PalettedContainer
[15Aug2026 23:33:06.429] [Server thread/DEBUG] [mixin/]: Mixing perf.compact_bit_storage.PalettedContainerMixin from modernfix-modernfix.mixins.json into net.minecraft.world.level.chunk.PalettedContainer
[15Aug2026 23:33:06.438] [Server thread/DEBUG] [mixin/]: Mixing chunk.palette.PalettedContainerMixin from lithium.mixins.json into net.minecraft.world.level.chunk.PalettedContainer$Strategy
[15Aug2026 23:33:06.439] [Server thread/DEBUG] [mixin/]: lithium.mixins.json:chunk.palette.PalettedContainerMixin: Class version 61 required is higher than the class version supported by the current version of Mixin (JAVA_16 supports class version 60)
[15Aug2026 23:33:06.442] [Server thread/DEBUG] [mixin/]: Generating mapped inner class net/minecraft/world/level/chunk/PalettedContainer$Strategy$Anonymous$bbb874fece9844d0add9c429f381e641 (originally me/jellysquid/mods/lithium/mixin/chunk/palette/PalettedContainerMixin$1)
[15Aug2026 23:33:06.442] [Server thread/DEBUG] [mixin/]: Generating mapped inner class net/minecraft/world/level/chunk/PalettedContainer$Strategy$Anonymous$e9134780d9e443b5ae274feb58f17599 (originally me/jellysquid/mods/lithium/mixin/chunk/palette/PalettedContainerMixin$2)
[15Aug2026 23:33:06.449] [Server thread/DEBUG] [mixin/]: Mixing chunk.no_validation.EmptyPaletteStorageMixin from lithium.mixins.json into net.minecraft.util.ZeroBitStorage
[15Aug2026 23:33:06.449] [Server thread/DEBUG] [mixin/]: lithium.mixins.json:chunk.no_validation.EmptyPaletteStorageMixin: Class version 61 required is higher than the class version supported by the current version of Mixin (JAVA_16 supports class version 60)
[15Aug2026 23:33:19.080] [Worker-Main-2/DEBUG] [mixin/]: Mixing perf.worldgen_allocation.NoiseChunkMixin from modernfix-modernfix.mixins.json into net.minecraft.world.level.levelgen.NoiseChunk
[15Aug2026 23:33:19.139] [Worker-Main-2/DEBUG] [mixin/]: Mixing perf.worldgen_allocation.MaterialRuleListMixin from modernfix-modernfix.mixins.json into net.minecraft.world.level.levelgen.material.MaterialRuleList
[15Aug2026 23:33:19.250] [Worker-Main-3/DEBUG] [net.minecraftforge.coremod.transformer.CoreModBaseTransformer/COREMOD]: Transforming net/minecraft/world/level/levelgen/structure/templatesystem/StructureTemplate
[15Aug2026 23:33:19.274] [Worker-Main-3/DEBUG] [mixin/]: Mixing structures.TemplateAccessor from moogs_structures-common.mixins.json into net.minecraft.world.level.levelgen.structure.templatesystem.StructureTemplate
[15Aug2026 23:33:19.298] [Worker-Main-3/DEBUG] [mixin/]: Mixing perf.cache_blockstate_cache_arrays.AbstractBlockStateCacheMixin from modernfix-modernfix.mixins.json into net.minecraft.world.level.block.state.BlockBehaviour$BlockStateBase$Cache
[15Aug2026 23:33:19.299] [Worker-Main-3/DEBUG] [mixin/]: Mixing BlockStateCacheMixin from ferritecore.blockstatecache.mixin.json into net.minecraft.world.level.block.state.BlockBehaviour$BlockStateBase$Cache
[15Aug2026 23:33:19.303] [Worker-Main-3/DEBUG] [mixin/]: Mixing shapes.lazy_shape_context.EntityShapeContextMixin from lithium.mixins.json into net.minecraft.world.phys.shapes.EntityCollisionContext
[15Aug2026 23:33:19.303] [Worker-Main-3/DEBUG] [mixin/]: lithium.mixins.json:shapes.lazy_shape_context.EntityShapeContextMixin: Class version 61 required is higher than the class version supported by the current version of Mixin (JAVA_16 supports class version 60)
[15Aug2026 23:33:19.304] [Worker-Main-3/DEBUG] [mixin/]: Renaming synthetic method lambda$canWalkOnFluid$0(Lnet/minecraft/world/level/material/FluidState;)Z to md61d6a6$lambda$canWalkOnFluid$0$0 in lithium.mixins.json:shapes.lazy_shape_context.EntityShapeContextMixin
[15Aug2026 23:33:19.310] [Worker-Main-3/DEBUG] [mixin/]: Mixing ai.pathing.LandPathNodeMakerMixin from lithium.mixins.json into net.minecraft.world.level.pathfinder.WalkNodeEvaluator
[15Aug2026 23:33:19.310] [Worker-Main-3/DEBUG] [mixin/]: lithium.mixins.json:ai.pathing.LandPathNodeMakerMixin: Class version 61 required is higher than the class version supported by the current version of Mixin (JAVA_16 supports class version 60)
[15Aug2026 23:33:19.331] [Worker-Main-3/DEBUG] [mixin/]: Mixing SubShapeAccess from ferritecore.blockstatecache.mixin.json into net.minecraft.world.phys.shapes.SubShape
[15Aug2026 23:33:19.699] [Worker-Main-1/DEBUG] [ModernFix/]: Using cached upgraded version of paraglider:underground_horned_statue
[15Aug2026 23:33:20.502] [Worker-Main-3/DEBUG] [ModernFix/]: Using cached upgraded version of structory:outcast_villager/desert/copper_house1
[15Aug2026 23:33:20.515] [Worker-Main-3/DEBUG] [ModernFix/]: Using cached upgraded version of structory:harvest/chapel/graveyard2
[15Aug2026 23:33:20.535] [Worker-Main-3/DEBUG] [ModernFix/]: Using cached upgraded version of structory:harvest/camp/scarecrow
[15Aug2026 23:33:20.543] [Worker-Main-3/DEBUG] [ModernFix/]: Structure structory:outcast_villager/boat/1/top is being run through DFU (hash dd739bcfe6cf10f1f6926ed2fb63553d0301087f07543cebdcbc05c54069fa86), this will cause launch time delays
[15Aug2026 23:33:20.550] [Worker-Main-3/INFO] [ModernFix/]: Instantiating Mojang DFU
[15Aug2026 23:33:20.640] [Worker-Main-3/DEBUG] [mixin/]: Mixing perf.compact_mojang_registries.BlockStateDataMixin from modernfix-modernfix.mixins.json into net.minecraft.util.datafix.fixes.BlockStateData
[15Aug2026 23:33:21.338] [Worker-Main-3/DEBUG] [mixin/]: Mixing JigsawPlacementPlacerMixin from waystones.mixins.json into net.minecraft.world.level.levelgen.structure.pools.JigsawPlacement$Placer
[15Aug2026 23:33:21.346] [Worker-Main-3/DEBUG] [ModernFix/]: Structure structory:outcast_villager/boat/1/bottom is being run through DFU (hash 21c31d7b5be5c8a7b4121b0be3ac9ccfb8f5580260c8c7ae7a5331ea5ea71d69), this will cause launch time delays
[15Aug2026 23:33:21.481] [Worker-Main-3/DEBUG] [ModernFix/]: Using cached upgraded version of structory:harvest/manor/large1
[15Aug2026 23:33:21.516] [Worker-Main-3/DEBUG] [ModernFix/]: Using cached upgraded version of structory:harvest/manor2/spider_spawner
[15Aug2026 23:33:21.593] [Worker-Main-1/DEBUG] [ModernFix/]: Using cached upgraded version of dungeons_arise:bathhouse/bathhouse_base_5
[15Aug2026 23:33:21.616] [Worker-Main-1/DEBUG] [ModernFix/]: Using cached upgraded version of dungeons_arise:lighthouse/lighthouse_part_1
[15Aug2026 23:33:21.633] [Worker-Main-1/DEBUG] [ModernFix/]: Using cached upgraded version of dungeons_arise:wishing_well/wishing_well_0
[15Aug2026 23:33:21.652] [Worker-Main-1/DEBUG] [ModernFix/]: Using cached upgraded version of dungeons_arise:fishing_hut/fishing_hut_main
[15Aug2026 23:33:21.692] [Worker-Main-1/DEBUG] [ModernFix/]: Using cached upgraded version of dungeons_arise:jungle_tree_house/jungle_tree_house_1_roots
[15Aug2026 23:33:21.713] [Worker-Main-1/DEBUG] [ModernFix/]: Using cached upgraded version of dungeons_arise:abandoned_temple/abandoned_temple_1
[15Aug2026 23:33:21.726] [Worker-Main-3/DEBUG] [ModernFix/]: Using cached upgraded version of structory:decoration/jungle_well
[15Aug2026 23:33:21.766] [Worker-Main-3/DEBUG] [mixin/]: Mixing gen.chunk_region.ChunkRegionMixin from lithium.mixins.json into net.minecraft.server.level.WorldGenRegion
[15Aug2026 23:33:21.767] [Worker-Main-3/DEBUG] [mixin/]: lithium.mixins.json:gen.chunk_region.ChunkRegionMixin: Class version 61 required is higher than the class version supported by the current version of Mixin (JAVA_16 supports class version 60)
[15Aug2026 23:33:21.768] [Worker-Main-3/DEBUG] [mixin/]: Mixing gen.WorldGenRegionMixin from iceandfire.mixins.json into net.minecraft.server.level.WorldGenRegion
[15Aug2026 23:33:21.885] [Worker-Main-1/DEBUG] [mixin/]: Mixing terrainadaptation.BeardifierAccessor from moogs_structures-common.mixins.json into net.minecraft.world.level.levelgen.Beardifier
[15Aug2026 23:33:21.885] [Worker-Main-1/DEBUG] [mixin/]: Mixing terrainadaptation.BeardifierMixin from moogs_structures-common.mixins.json into net.minecraft.world.level.levelgen.Beardifier
[15Aug2026 23:33:21.909] [Worker-Main-3/DEBUG] [ModernFix/]: Using cached upgraded version of structory:ruin/taiga_surface/arch1
[15Aug2026 23:33:21.934] [Worker-Main-3/DEBUG] [ModernFix/]: Using cached upgraded version of structory:ruin/taiga_underground/main_piece
[15Aug2026 23:33:21.983] [Worker-Main-3/DEBUG] [ModernFix/]: Using cached upgraded version of structory:ruin/northern_ruins/castle2
[15Aug2026 23:33:22.330] [Worker-Main-2/INFO] [citadel/]: vanilla surface rule behavior unchanged
[15Aug2026 23:33:22.332] [Worker-Main-2/DEBUG] [mixin/]: Mixing perf.worldgen_allocation.SurfaceRulesContextMixin from modernfix-modernfix.mixins.json into net.minecraft.world.level.levelgen.SurfaceRules$Context
[15Aug2026 23:33:22.333] [Worker-Main-2/DEBUG] [mixin/]: Mixing perf.optimize_surface_rules.SurfaceRulesContextMixin from modernfix-modernfix.mixins.json into net.minecraft.world.level.levelgen.SurfaceRules$Context
[15Aug2026 23:33:22.354] [Worker-Main-2/DEBUG] [mixin/]: Mixing perf.worldgen_allocation.SurfaceRulesMixin from modernfix-modernfix.mixins.json into net.minecraft.world.level.levelgen.SurfaceRules$VerticalGradientConditionSource$1VerticalGradientCondition
[15Aug2026 23:33:22.355] [Worker-Main-2/DEBUG] [mixin/]: Mixing perf.worldgen_allocation.SurfaceRulesMixin from modernfix-modernfix.mixins.json into net.minecraft.world.level.levelgen.SurfaceRules$StoneDepthCheck$1StoneDepthCondition
[15Aug2026 23:33:22.356] [Worker-Main-2/DEBUG] [mixin/]: Mixing perf.worldgen_allocation.SurfaceRulesMixin from modernfix-modernfix.mixins.json into net.minecraft.world.level.levelgen.SurfaceRules$YConditionSource$1YCondition
[15Aug2026 23:33:22.358] [Worker-Main-2/DEBUG] [mixin/]: Mixing perf.worldgen_allocation.SurfaceRulesMixin from modernfix-modernfix.mixins.json into net.minecraft.world.level.levelgen.SurfaceRules$WaterConditionSource$1WaterCondition
[15Aug2026 23:33:22.359] [Worker-Main-2/DEBUG] [mixin/]: Mixing perf.worldgen_allocation.SequenceRuleMixin from modernfix-modernfix.mixins.json into net.minecraft.world.level.levelgen.SurfaceRules$SequenceRule
[15Aug2026 23:33:22.363] [Worker-Main-2/DEBUG] [mixin/]: Mixing perf.worldgen_allocation.SurfaceRulesMixin from modernfix-modernfix.mixins.json into net.minecraft.world.level.levelgen.SurfaceRules$BiomeConditionSource$1BiomeCondition
[15Aug2026 23:33:23.547] [Worker-Main-3/DEBUG] [ModernFix/]: Using cached upgraded version of paraglider:tarrey_town_goddess_statue
[15Aug2026 23:33:24.626] [Worker-Main-3/DEBUG] [net.minecraftforge.coremod.transformer.CoreModBaseTransformer/COREMOD]: Transforming net/minecraft/world/level/NaturalSpawner
[15Aug2026 23:33:24.659] [Worker-Main-3/DEBUG] [mixin/]: Mixing perf.faster_capabilities.CapabilityDispatcherMixin from modernfix-modernfix.mixins.json into net.minecraftforge.common.capabilities.CapabilityDispatcher
[15Aug2026 23:33:24.666] [Worker-Main-3/DEBUG] [ModernFix/]: Generating capability dispatcher #1 for types: [com.github.alexthe666.iceandfire.entity.props.EntityDataProvider -> indeterminate (bytecode analysis disabled), top.theillusivec4.curios.common.capability.CurioInventoryCapability$Provider -> indeterminate (bytecode analysis disabled)]
[15Aug2026 23:33:24.670] [Worker-Main-3/DEBUG] [mixin/]: Mixing CombatTrackerAccessor from playerrevive.mixins.json into net.minecraft.world.damagesource.CombatTracker
[15Aug2026 23:33:24.674] [Worker-Main-3/DEBUG] [mixin/]: Mixing collections.attributes.AttributeContainerMixin from lithium.mixins.json into net.minecraft.world.entity.ai.attributes.AttributeMap
[15Aug2026 23:33:24.674] [Worker-Main-3/DEBUG] [mixin/]: lithium.mixins.json:collections.attributes.AttributeContainerMixin: Class version 61 required is higher than the class version supported by the current version of Mixin (JAVA_16 supports class version 60)
[15Aug2026 23:33:24.676] [Worker-Main-3/DEBUG] [mixin/]: Mixing ai.task.launch.BrainMixin from lithium.mixins.json into net.minecraft.world.entity.ai.Brain
[15Aug2026 23:33:24.676] [Worker-Main-3/DEBUG] [mixin/]: lithium.mixins.json:ai.task.launch.BrainMixin: Class version 61 required is higher than the class version supported by the current version of Mixin (JAVA_16 supports class version 60)
[15Aug2026 23:33:24.679] [Worker-Main-3/DEBUG] [mixin/]: Mixing ai.task.memory_change_counting.BrainMixin from lithium.mixins.json into net.minecraft.world.entity.ai.Brain
[15Aug2026 23:33:24.679] [Worker-Main-3/DEBUG] [mixin/]: lithium.mixins.json:ai.task.memory_change_counting.BrainMixin: Class version 61 required is higher than the class version supported by the current version of Mixin (JAVA_16 supports class version 60)
[15Aug2026 23:33:24.679] [Worker-Main-3/DEBUG] [mixin/]: Mixing collections.brain.BrainMixin from lithium.mixins.json into net.minecraft.world.entity.ai.Brain
[15Aug2026 23:33:24.679] [Worker-Main-3/DEBUG] [mixin/]: lithium.mixins.json:collections.brain.BrainMixin: Class version 61 required is higher than the class version supported by the current version of Mixin (JAVA_16 supports class version 60)
[15Aug2026 23:33:24.696] [Worker-Main-3/DEBUG] [mixin/]: Mixing collections.goals.GoalSelectorMixin from lithium.mixins.json into net.minecraft.world.entity.ai.goal.GoalSelector
[15Aug2026 23:33:24.696] [Worker-Main-3/DEBUG] [mixin/]: lithium.mixins.json:collections.goals.GoalSelectorMixin: Class version 61 required is higher than the class version supported by the current version of Mixin (JAVA_16 supports class version 60)
[15Aug2026 23:33:24.714] [Server thread/DEBUG] [mixin/]: Mixing perf.compact_imposterprotochunks.ImposterProtoChunkMixin from modernfix-modernfix.mixins.json into net.minecraft.world.level.chunk.ImposterProtoChunk
[15Aug2026 23:33:24.714] [Server thread/DEBUG] [mixin/]: Mixing perf.release_protochunks.ImposterProtoChunkMixin from modernfix-modernfix.mixins.json into net.minecraft.world.level.chunk.ImposterProtoChunk
[15Aug2026 23:33:24.741] [Server thread/DEBUG] [mixin/]: Mixing chunk.entity_class_groups.EntityTrackingSectionAccessor from lithium.mixins.json into net.minecraft.world.level.entity.EntitySection
[15Aug2026 23:33:24.741] [Server thread/DEBUG] [mixin/]: lithium.mixins.json:chunk.entity_class_groups.EntityTrackingSectionAccessor: Class version 61 required is higher than the class version supported by the current version of Mixin (JAVA_16 supports class version 60)
[15Aug2026 23:33:24.741] [Server thread/DEBUG] [mixin/]: Mixing entity.collisions.unpushable_cramming.EntityTrackingSectionMixin from lithium.mixins.json into net.minecraft.world.level.entity.EntitySection
[15Aug2026 23:33:24.741] [Server thread/DEBUG] [mixin/]: lithium.mixins.json:entity.collisions.unpushable_cramming.EntityTrackingSectionMixin: Class version 61 required is higher than the class version supported by the current version of Mixin (JAVA_16 supports class version 60)
[15Aug2026 23:33:24.744] [Server thread/DEBUG] [mixin/]: Mixing util.entity_movement_tracking.EntityTrackingSectionMixin from lithium.mixins.json into net.minecraft.world.level.entity.EntitySection
[15Aug2026 23:33:24.744] [Server thread/DEBUG] [mixin/]: lithium.mixins.json:util.entity_movement_tracking.EntityTrackingSectionMixin: Class version 61 required is higher than the class version supported by the current version of Mixin (JAVA_16 supports class version 60)
[15Aug2026 23:33:24.746] [Server thread/DEBUG] [mixin/]: Mixing util.entity_section_position.EntityTrackingSectionMixin from lithium.mixins.json into net.minecraft.world.level.entity.EntitySection
[15Aug2026 23:33:24.746] [Server thread/DEBUG] [mixin/]: lithium.mixins.json:util.entity_section_position.EntityTrackingSectionMixin: Class version 61 required is higher than the class version supported by the current version of Mixin (JAVA_16 supports class version 60)
[15Aug2026 23:33:24.753] [Server thread/DEBUG] [mixin/]: Mixing chunk.entity_class_groups.TypeFilterableListMixin from lithium.mixins.json into net.minecraft.util.ClassInstanceMultiMap
[15Aug2026 23:33:24.753] [Server thread/DEBUG] [mixin/]: lithium.mixins.json:chunk.entity_class_groups.TypeFilterableListMixin: Class version 61 required is higher than the class version supported by the current version of Mixin (JAVA_16 supports class version 60)
[15Aug2026 23:33:24.755] [Server thread/DEBUG] [mixin/]: Mixing collections.entity_by_type.TypeFilterableListMixin from lithium.mixins.json into net.minecraft.util.ClassInstanceMultiMap
[15Aug2026 23:33:24.755] [Server thread/DEBUG] [mixin/]: lithium.mixins.json:collections.entity_by_type.TypeFilterableListMixin: Class version 61 required is higher than the class version supported by the current version of Mixin (JAVA_16 supports class version 60)
[15Aug2026 23:33:24.755] [Server thread/DEBUG] [mixin/]: Mixing collections.entity_filtering.TypeFilterableListMixin from lithium.mixins.json into net.minecraft.util.ClassInstanceMultiMap
[15Aug2026 23:33:24.755] [Server thread/DEBUG] [mixin/]: lithium.mixins.json:collections.entity_filtering.TypeFilterableListMixin: Class version 61 required is higher than the class version supported by the current version of Mixin (JAVA_16 supports class version 60)
[15Aug2026 23:33:24.760] [Server thread/DEBUG] [mixin/]: Mixing util.entity_movement_tracking.ServerEntityManagerListenerMixin from lithium.mixins.json into net.minecraft.world.level.entity.PersistentEntitySectionManager$Callback
[15Aug2026 23:33:24.760] [Server thread/DEBUG] [mixin/]: lithium.mixins.json:util.entity_movement_tracking.ServerEntityManagerListenerMixin: Class version 61 required is higher than the class version supported by the current version of Mixin (JAVA_16 supports class version 60)
[15Aug2026 23:33:24.830] [Server thread/INFO] [net.minecraft.server.MinecraftServer/]: Preparing start region for dimension minecraft:overworld
[15Aug2026 23:33:25.190] [Worker-Main-2/INFO] [net.minecraft.server.level.progress.LoggerChunkProgressListener/]: Preparing spawn area: 0%
[15Aug2026 23:33:25.364] [Worker-Main-3/DEBUG] [ModernFix/]: Using cached upgraded version of structory:ruin/swamp/pond2
[15Aug2026 23:33:25.395] [Worker-Main-3/INFO] [net.minecraft.server.level.progress.LoggerChunkProgressListener/]: Preparing spawn area: 0%
[15Aug2026 23:33:25.831] [Worker-Main-3/INFO] [net.minecraft.server.level.progress.LoggerChunkProgressListener/]: Preparing spawn area: 0%
[15Aug2026 23:33:26.246] [Worker-Main-1/DEBUG] [ModernFix/]: Generating capability dispatcher #2 for types: [net.blay09.mods.balm.forge.capability.ForgeBalmCapabilities$BlockEntityCapabilityProvider -> indeterminate (bytecode analysis disabled), net.blay09.mods.balm.forge.capability.ForgeBalmCapabilities$BlockEntityCapabilityProvider -> indeterminate (bytecode analysis disabled), net.blay09.mods.balm.forge.capability.ForgeBalmCapabilities$BlockEntityCapabilityProvider -> indeterminate (bytecode analysis disabled)]
[15Aug2026 23:33:26.358] [Worker-Main-3/INFO] [net.minecraft.server.level.progress.LoggerChunkProgressListener/]: Preparing spawn area: 0%
[15Aug2026 23:33:26.868] [Worker-Main-3/INFO] [net.minecraft.server.level.progress.LoggerChunkProgressListener/]: Preparing spawn area: 0%
[15Aug2026 23:33:27.537] [Worker-Main-1/INFO] [net.minecraft.server.level.progress.LoggerChunkProgressListener/]: Preparing spawn area: 0%
[15Aug2026 23:33:27.850] [Worker-Main-2/INFO] [net.minecraft.server.level.progress.LoggerChunkProgressListener/]: Preparing spawn area: 0%
[15Aug2026 23:33:28.340] [Worker-Main-2/INFO] [net.minecraft.server.level.progress.LoggerChunkProgressListener/]: Preparing spawn area: 1%
[15Aug2026 23:33:28.874] [Server thread/DEBUG] [mixin/]: Mixing cached_hashcode.BlockNeighborGroupMixin from lithium.mixins.json into net.minecraft.world.level.block.Block$BlockStatePairKey
[15Aug2026 23:33:28.876] [Server thread/DEBUG] [mixin/]: lithium.mixins.json:cached_hashcode.BlockNeighborGroupMixin: Class version 61 required is higher than the class version supported by the current version of Mixin (JAVA_16 supports class version 60)
[15Aug2026 23:33:28.894] [Worker-Main-3/INFO] [net.minecraft.server.level.progress.LoggerChunkProgressListener/]: Preparing spawn area: 1%
[15Aug2026 23:33:29.447] [Worker-Main-1/INFO] [net.minecraft.server.level.progress.LoggerChunkProgressListener/]: Preparing spawn area: 1%
[15Aug2026 23:33:29.833] [Worker-Main-3/INFO] [net.minecraft.server.level.progress.LoggerChunkProgressListener/]: Preparing spawn area: 1%
[15Aug2026 23:33:30.370] [Worker-Main-3/INFO] [net.minecraft.server.level.progress.LoggerChunkProgressListener/]: Preparing spawn area: 3%
[15Aug2026 23:33:30.656] [Server thread/DEBUG] [mixin/]: Mixing world.block_entity_ticking.world_border.DirectBlockEntityTickInvokerMixin from lithium.mixins.json into net.minecraft.world.level.chunk.LevelChunk$BoundTickingBlockEntity
[15Aug2026 23:33:30.662] [Server thread/DEBUG] [mixin/]: lithium.mixins.json:world.block_entity_ticking.world_border.DirectBlockEntityTickInvokerMixin: Class version 61 required is higher than the class version supported by the current version of Mixin (JAVA_16 supports class version 60)
[15Aug2026 23:33:30.843] [Worker-Main-3/INFO] [net.minecraft.server.level.progress.LoggerChunkProgressListener/]: Preparing spawn area: 3%
[15Aug2026 23:33:31.335] [Worker-Main-3/INFO] [net.minecraft.server.level.progress.LoggerChunkProgressListener/]: Preparing spawn area: 3%
[15Aug2026 23:33:31.740] [Server thread/DEBUG] [mixin/]: Mixing alloc.entity_tracker.EntityTrackerMixin from lithium.mixins.json into net.minecraft.server.level.ChunkMap$TrackedEntity
[15Aug2026 23:33:31.740] [Server thread/DEBUG] [mixin/]: lithium.mixins.json:alloc.entity_tracker.EntityTrackerMixin: Class version 61 required is higher than the class version supported by the current version of Mixin (JAVA_16 supports class version 60)
[15Aug2026 23:33:31.864] [Worker-Main-2/INFO] [net.minecraft.server.level.progress.LoggerChunkProgressListener/]: Preparing spawn area: 4%
[15Aug2026 23:33:32.335] [Worker-Main-2/INFO] [net.minecraft.server.level.progress.LoggerChunkProgressListener/]: Preparing spawn area: 4%
[15Aug2026 23:33:32.832] [Worker-Main-3/INFO] [net.minecraft.server.level.progress.LoggerChunkProgressListener/]: Preparing spawn area: 5%
[15Aug2026 23:33:33.343] [Worker-Main-2/INFO] [net.minecraft.server.level.progress.LoggerChunkProgressListener/]: Preparing spawn area: 6%
[15Aug2026 23:33:33.836] [Worker-Main-3/INFO] [net.minecraft.server.level.progress.LoggerChunkProgressListener/]: Preparing spawn area: 7%
[15Aug2026 23:33:34.332] [Worker-Main-3/INFO] [net.minecraft.server.level.progress.LoggerChunkProgressListener/]: Preparing spawn area: 8%
[15Aug2026 23:33:34.831] [Worker-Main-1/INFO] [net.minecraft.server.level.progress.LoggerChunkProgressListener/]: Preparing spawn area: 9%
[15Aug2026 23:33:35.344] [Worker-Main-1/INFO] [net.minecraft.server.level.progress.LoggerChunkProgressListener/]: Preparing spawn area: 9%
[15Aug2026 23:33:35.831] [Worker-Main-3/INFO] [net.minecraft.server.level.progress.LoggerChunkProgressListener/]: Preparing spawn area: 11%
[15Aug2026 23:33:36.336] [Worker-Main-1/INFO] [net.minecraft.server.level.progress.LoggerChunkProgressListener/]: Preparing spawn area: 12%
[15Aug2026 23:33:36.856] [Worker-Main-1/INFO] [net.minecraft.server.level.progress.LoggerChunkProgressListener/]: Preparing spawn area: 12%
[15Aug2026 23:33:37.260] [Worker-Main-3/DEBUG] [mixin/]: Mixing ai.task.memory_change_counting.MultiTickTaskMixin from lithium.mixins.json into net.minecraft.world.entity.ai.behavior.Behavior
[15Aug2026 23:33:37.260] [Worker-Main-3/DEBUG] [mixin/]: lithium.mixins.json:ai.task.memory_change_counting.MultiTickTaskMixin: Class version 61 required is higher than the class version supported by the current version of Mixin (JAVA_16 supports class version 60)
[15Aug2026 23:33:37.275] [Worker-Main-3/DEBUG] [mixin/]: Mixing ai.task.replace_streams.CompositeTaskMixin from lithium.mixins.json into net.minecraft.world.entity.ai.behavior.GateBehavior
[15Aug2026 23:33:37.275] [Worker-Main-3/DEBUG] [mixin/]: lithium.mixins.json:ai.task.replace_streams.CompositeTaskMixin: Class version 61 required is higher than the class version supported by the current version of Mixin (JAVA_16 supports class version 60)
[15Aug2026 23:33:37.287] [Worker-Main-3/DEBUG] [mixin/]: Mixing ai.task.replace_streams.WeightedListMixin from lithium.mixins.json into net.minecraft.world.entity.ai.behavior.ShufflingList
[15Aug2026 23:33:37.288] [Worker-Main-3/DEBUG] [mixin/]: lithium.mixins.json:ai.task.replace_streams.WeightedListMixin: Class version 61 required is higher than the class version supported by the current version of Mixin (JAVA_16 supports class version 60)
[15Aug2026 23:33:37.358] [Worker-Main-3/DEBUG] [mixin/]: Mixing ai.poi.tasks.HideInHomeTaskMixin from lithium.mixins.json into net.minecraft.world.entity.ai.behavior.LocateHidingPlace
[15Aug2026 23:33:37.359] [Worker-Main-3/DEBUG] [mixin/]: lithium.mixins.json:ai.poi.tasks.HideInHomeTaskMixin: Class version 61 required is higher than the class version supported by the current version of Mixin (JAVA_16 supports class version 60)
[15Aug2026 23:33:37.408] [Worker-Main-3/INFO] [net.minecraft.server.level.progress.LoggerChunkProgressListener/]: Preparing spawn area: 13%
[15Aug2026 23:33:37.837] [Worker-Main-2/INFO] [net.minecraft.server.level.progress.LoggerChunkProgressListener/]: Preparing spawn area: 14%
[15Aug2026 23:33:38.353] [Worker-Main-2/INFO] [net.minecraft.server.level.progress.LoggerChunkProgressListener/]: Preparing spawn area: 15%
[15Aug2026 23:33:38.843] [Worker-Main-3/INFO] [net.minecraft.server.level.progress.LoggerChunkProgressListener/]: Preparing spawn area: 15%
[15Aug2026 23:33:39.357] [Worker-Main-2/INFO] [net.minecraft.server.level.progress.LoggerChunkProgressListener/]: Preparing spawn area: 16%
[15Aug2026 23:33:39.835] [Worker-Main-1/INFO] [net.minecraft.server.level.progress.LoggerChunkProgressListener/]: Preparing spawn area: 17%
[15Aug2026 23:33:40.384] [Worker-Main-1/INFO] [net.minecraft.server.level.progress.LoggerChunkProgressListener/]: Preparing spawn area: 18%
[15Aug2026 23:33:40.859] [Worker-Main-1/INFO] [net.minecraft.server.level.progress.LoggerChunkProgressListener/]: Preparing spawn area: 20%
[15Aug2026 23:33:41.376] [Worker-Main-2/INFO] [net.minecraft.server.level.progress.LoggerChunkProgressListener/]: Preparing spawn area: 20%
[15Aug2026 23:33:41.847] [Worker-Main-3/INFO] [net.minecraft.server.level.progress.LoggerChunkProgressListener/]: Preparing spawn area: 22%
[15Aug2026 23:33:42.358] [Worker-Main-2/INFO] [net.minecraft.server.level.progress.LoggerChunkProgressListener/]: Preparing spawn area: 22%
[15Aug2026 23:33:42.844] [Worker-Main-2/INFO] [net.minecraft.server.level.progress.LoggerChunkProgressListener/]: Preparing spawn area: 23%
[15Aug2026 23:33:43.350] [Worker-Main-3/INFO] [net.minecraft.server.level.progress.LoggerChunkProgressListener/]: Preparing spawn area: 24%
[15Aug2026 23:33:43.850] [Worker-Main-2/INFO] [net.minecraft.server.level.progress.LoggerChunkProgressListener/]: Preparing spawn area: 25%
[15Aug2026 23:33:44.334] [Worker-Main-3/INFO] [net.minecraft.server.level.progress.LoggerChunkProgressListener/]: Preparing spawn area: 26%
[15Aug2026 23:33:44.833] [Worker-Main-2/INFO] [net.minecraft.server.level.progress.LoggerChunkProgressListener/]: Preparing spawn area: 28%
[15Aug2026 23:33:45.352] [Worker-Main-1/INFO] [net.minecraft.server.level.progress.LoggerChunkProgressListener/]: Preparing spawn area: 28%
[15Aug2026 23:33:45.913] [Worker-Main-2/INFO] [net.minecraft.server.level.progress.LoggerChunkProgressListener/]: Preparing spawn area: 31%
[15Aug2026 23:33:46.345] [Worker-Main-2/INFO] [net.minecraft.server.level.progress.LoggerChunkProgressListener/]: Preparing spawn area: 31%
[15Aug2026 23:33:46.855] [Worker-Main-3/INFO] [net.minecraft.server.level.progress.LoggerChunkProgressListener/]: Preparing spawn area: 32%
[15Aug2026 23:33:47.360] [Worker-Main-3/INFO] [net.minecraft.server.level.progress.LoggerChunkProgressListener/]: Preparing spawn area: 32%
[15Aug2026 23:33:47.833] [Worker-Main-3/INFO] [net.minecraft.server.level.progress.LoggerChunkProgressListener/]: Preparing spawn area: 34%
[15Aug2026 23:33:48.335] [Worker-Main-1/INFO] [net.minecraft.server.level.progress.LoggerChunkProgressListener/]: Preparing spawn area: 37%
[15Aug2026 23:33:48.831] [Worker-Main-3/INFO] [net.minecraft.server.level.progress.LoggerChunkProgressListener/]: Preparing spawn area: 40%
[15Aug2026 23:33:49.349] [Worker-Main-3/INFO] [net.minecraft.server.level.progress.LoggerChunkProgressListener/]: Preparing spawn area: 42%
[15Aug2026 23:33:49.833] [Worker-Main-3/INFO] [net.minecraft.server.level.progress.LoggerChunkProgressListener/]: Preparing spawn area: 42%
[15Aug2026 23:33:50.333] [Worker-Main-2/INFO] [net.minecraft.server.level.progress.LoggerChunkProgressListener/]: Preparing spawn area: 44%
[15Aug2026 23:33:50.863] [Worker-Main-2/INFO] [net.minecraft.server.level.progress.LoggerChunkProgressListener/]: Preparing spawn area: 46%
[15Aug2026 23:33:51.333] [Worker-Main-3/INFO] [net.minecraft.server.level.progress.LoggerChunkProgressListener/]: Preparing spawn area: 50%
[15Aug2026 23:33:51.848] [Worker-Main-2/INFO] [net.minecraft.server.level.progress.LoggerChunkProgressListener/]: Preparing spawn area: 52%
[15Aug2026 23:33:52.344] [Worker-Main-2/INFO] [net.minecraft.server.level.progress.LoggerChunkProgressListener/]: Preparing spawn area: 54%
[15Aug2026 23:33:52.846] [Worker-Main-1/INFO] [net.minecraft.server.level.progress.LoggerChunkProgressListener/]: Preparing spawn area: 56%
[15Aug2026 23:33:53.336] [Worker-Main-1/INFO] [net.minecraft.server.level.progress.LoggerChunkProgressListener/]: Preparing spawn area: 59%
[15Aug2026 23:33:53.839] [Worker-Main-3/INFO] [net.minecraft.server.level.progress.LoggerChunkProgressListener/]: Preparing spawn area: 61%
[15Aug2026 23:33:54.337] [Worker-Main-3/INFO] [net.minecraft.server.level.progress.LoggerChunkProgressListener/]: Preparing spawn area: 63%
[15Aug2026 23:33:54.846] [Worker-Main-1/INFO] [net.minecraft.server.level.progress.LoggerChunkProgressListener/]: Preparing spawn area: 65%
[15Aug2026 23:33:55.333] [Worker-Main-1/INFO] [net.minecraft.server.level.progress.LoggerChunkProgressListener/]: Preparing spawn area: 68%
[15Aug2026 23:33:55.880] [Worker-Main-1/INFO] [net.minecraft.server.level.progress.LoggerChunkProgressListener/]: Preparing spawn area: 70%
[15Aug2026 23:33:56.331] [Worker-Main-3/INFO] [net.minecraft.server.level.progress.LoggerChunkProgressListener/]: Preparing spawn area: 71%
[15Aug2026 23:33:56.848] [Worker-Main-3/INFO] [net.minecraft.server.level.progress.LoggerChunkProgressListener/]: Preparing spawn area: 75%
[15Aug2026 23:33:57.331] [Worker-Main-1/INFO] [net.minecraft.server.level.progress.LoggerChunkProgressListener/]: Preparing spawn area: 76%
[15Aug2026 23:33:57.334] [Worker-Main-1/DEBUG] [ModernFix/]: Using cached upgraded version of structory:ruin/swamp/ruin2
[15Aug2026 23:33:57.839] [Worker-Main-3/INFO] [net.minecraft.server.level.progress.LoggerChunkProgressListener/]: Preparing spawn area: 78%
[15Aug2026 23:33:58.343] [Worker-Main-2/INFO] [net.minecraft.server.level.progress.LoggerChunkProgressListener/]: Preparing spawn area: 80%
[15Aug2026 23:33:58.832] [Worker-Main-2/INFO] [net.minecraft.server.level.progress.LoggerChunkProgressListener/]: Preparing spawn area: 83%
[15Aug2026 23:33:59.335] [Worker-Main-2/INFO] [net.minecraft.server.level.progress.LoggerChunkProgressListener/]: Preparing spawn area: 85%
[15Aug2026 23:33:59.840] [Worker-Main-3/INFO] [net.minecraft.server.level.progress.LoggerChunkProgressListener/]: Preparing spawn area: 87%
[15Aug2026 23:34:00.346] [Worker-Main-1/INFO] [net.minecraft.server.level.progress.LoggerChunkProgressListener/]: Preparing spawn area: 90%
[15Aug2026 23:34:00.839] [Worker-Main-3/INFO] [net.minecraft.server.level.progress.LoggerChunkProgressListener/]: Preparing spawn area: 92%
[15Aug2026 23:34:01.333] [Worker-Main-3/INFO] [net.minecraft.server.level.progress.LoggerChunkProgressListener/]: Preparing spawn area: 93%
[15Aug2026 23:34:01.833] [Worker-Main-1/INFO] [net.minecraft.server.level.progress.LoggerChunkProgressListener/]: Preparing spawn area: 95%
[15Aug2026 23:34:02.333] [Worker-Main-2/INFO] [net.minecraft.server.level.progress.LoggerChunkProgressListener/]: Preparing spawn area: 98%
[15Aug2026 23:34:02.518] [Server thread/INFO] [net.minecraft.server.level.progress.LoggerChunkProgressListener/]: Time elapsed: 37688 ms
[15Aug2026 23:34:02.518] [Server thread/INFO] [net.minecraft.server.dedicated.DedicatedServer/]: Done (57.063s)! For help, type "help"
[15Aug2026 23:34:02.528] [Server thread/DEBUG] [net.minecraftforge.network.DualStackUtils/]: Detected IPv6 address: "0:0:0:0:0:0:0:0"
[15Aug2026 23:34:02.555] [Server thread/DEBUG] [net.minecraftforge.common.ForgeI18n/CORE]: Loading I18N data entries: 7755
[15Aug2026 23:34:02.558] [Server thread/INFO] [net.minecraftforge.server.permission.PermissionAPI/]: Successfully initialized permission handler forge:default_handler
[15Aug2026 23:34:02.565] [Server thread/INFO] [com.github.alexthe666.iceandfire.IceAndFire/]: {iceandfire:fire_dragon_roost=true, iceandfire:fire_lily=true, iceandfire:spawn_dragon_skeleton_fire=true, iceandfire:lightning_dragon_roost=true, iceandfire:spawn_dragon_skeleton_lightning=true, iceandfire:ice_dragon_roost=true, iceandfire:ice_dragon_cave=true, iceandfire:lightning_dragon_cave=true, iceandfire:cyclops_cave=true, iceandfire:spawn_wandering_cyclops=true, iceandfire:spawn_sea_serpent=true, iceandfire:frost_lily=true, iceandfire:hydra_cave=true, iceandfire:lightning_lily=true, iceandfire:pixie_village=true, iceandfire:myrmex_hive_jungle=true, iceandfire:myrmex_hive_desert=true, iceandfire:silver_ore=true, iceandfire:siren_island=true, iceandfire:spawn_dragon_skeleton_ice=true, iceandfire:spawn_stymphalian_bird=true, iceandfire:fire_dragon_cave=true, iceandfire:sapphire_ore=true, iceandfire:spawn_hippocampus=true, iceandfire:spawn_death_worm=true}
[15Aug2026 23:34:02.565] [Server thread/INFO] [com.github.alexthe666.iceandfire.IceAndFire/]: {TROLL_S=true, HIPPOGRYPH=true, AMPHITHERE=true, COCKATRICE=true, TROLL_M=true, DREAD_LICH=true, TROLL_F=true}
[15Aug2026 23:34:02.673] [Server thread/INFO] [net.bettercombat.logic.WeaponRegistry/]: Encoded Weapon Attribute registry size: 335316 bytes (uncompressed), 9252 bytes (compressed), compression ratio: 97.2% (in 1 string chunks with the size of 10000)
[15Aug2026 23:34:02.674] [Server thread/WARN] [voicechat/]: [voicechat] Running in offline mode - Voice chat encryption is not secure!
[15Aug2026 23:34:02.678] [Server thread/DEBUG] [voicechat/]: [voicechat] Using default voicechat socket implementation
[15Aug2026 23:34:02.683] [Server thread/DEBUG] [voicechat/]: [voicechat] Synchronizing volume category own_voice with all players
[15Aug2026 23:34:02.683] [VoiceChatServerThread/INFO] [voicechat/]: [voicechat] Voice chat server started at port 24454
[15Aug2026 23:34:02.684] [Server thread/WARN] [ModernFix/]: Dedicated server took 93.913 seconds to load
[15Aug2026 23:34:02.798] [Server thread/DEBUG] [mixin/]: Mixing ai.pathing.ChunkCacheMixin from lithium.mixins.json into net.minecraft.world.level.PathNavigationRegion
[15Aug2026 23:34:02.798] [Server thread/DEBUG] [mixin/]: lithium.mixins.json:ai.pathing.ChunkCacheMixin: Class version 61 required is higher than the class version supported by the current version of Mixin (JAVA_16 supports class version 60)
[15Aug2026 23:34:02.800] [Server thread/DEBUG] [mixin/]: Mixing util.chunk_access.ChunkCacheMixin from lithium.mixins.json into net.minecraft.world.level.PathNavigationRegion
[15Aug2026 23:34:02.800] [Server thread/DEBUG] [mixin/]: lithium.mixins.json:util.chunk_access.ChunkCacheMixin: Class version 61 required is higher than the class version supported by the current version of Mixin (JAVA_16 supports class version 60)
[15Aug2026 23:34:03.284] [Server thread/DEBUG] [mixin/]: Mixing MixinChunkSerializer from architectury.mixins.json into net.minecraft.world.level.chunk.storage.ChunkSerializer
[15Aug2026 23:35:12.792] [Server thread/INFO] [com.github.alexthe666.alexsmobs.AlexsMobs/]: Found Pupfish chunk at 1919 ~ -1968 after 1122 tries
[15Aug2026 23:35:27.204] [Netty Epoll Server IO #1/DEBUG] [io.netty.util.Recycler/]: -Dio.netty.recycler.maxCapacityPerThread: 4096
[15Aug2026 23:35:27.204] [Netty Epoll Server IO #1/DEBUG] [io.netty.util.Recycler/]: -Dio.netty.recycler.ratio: 8
[15Aug2026 23:35:27.204] [Netty Epoll Server IO #1/DEBUG] [io.netty.util.Recycler/]: -Dio.netty.recycler.chunkSize: 32
[15Aug2026 23:35:27.204] [Netty Epoll Server IO #1/DEBUG] [io.netty.util.Recycler/]: -Dio.netty.recycler.blocking: false
[15Aug2026 23:35:27.217] [Netty Epoll Server IO #1/DEBUG] [mixin/]: Mixing core.NetworkHooksMixin from modernfix-modernfix.mixins.json into net.minecraftforge.network.NetworkHooks
[15Aug2026 23:35:27.311] [Netty Epoll Server IO #2/DEBUG] [net.minecraftforge.network.HandshakeHandler/FMLHANDSHAKE]: Starting new modded impl connection. Found 29 messages to dispatch.
[15Aug2026 23:35:27.336] [Server thread/DEBUG] [net.minecraftforge.network.HandshakeHandler/FMLHANDSHAKE]: Sending ticking packet info 'net.minecraftforge.network.HandshakeMessages$S2CModData' to 'fml:handshake' sequence 0
[15Aug2026 23:35:27.337] [Server thread/DEBUG] [net.minecraftforge.network.HandshakeHandler/FMLHANDSHAKE]: Sending ticking packet info 'net.minecraftforge.network.HandshakeMessages$S2CModList' to 'fml:handshake' sequence 1
[15Aug2026 23:35:27.337] [Server thread/DEBUG] [net.minecraftforge.network.HandshakeHandler/FMLHANDSHAKE]: Sending ticking packet info 'Registry minecraft:command_argument_type' to 'fml:handshake' sequence 2
[15Aug2026 23:35:27.337] [Server thread/DEBUG] [net.minecraftforge.network.HandshakeHandler/FMLHANDSHAKE]: Sending ticking packet info 'Registry minecraft:recipe_serializer' to 'fml:handshake' sequence 3
[15Aug2026 23:35:27.337] [Server thread/DEBUG] [net.minecraftforge.network.HandshakeHandler/FMLHANDSHAKE]: Sending ticking packet info 'Registry minecraft:sound_event' to 'fml:handshake' sequence 4
[15Aug2026 23:35:27.338] [Server thread/DEBUG] [net.minecraftforge.network.HandshakeHandler/FMLHANDSHAKE]: Sending ticking packet info 'Registry minecraft:particle_type' to 'fml:handshake' sequence 5
[15Aug2026 23:35:27.338] [Server thread/DEBUG] [net.minecraftforge.network.HandshakeHandler/FMLHANDSHAKE]: Sending ticking packet info 'Registry minecraft:villager_profession' to 'fml:handshake' sequence 6
[15Aug2026 23:35:27.338] [Server thread/DEBUG] [net.minecraftforge.network.HandshakeHandler/FMLHANDSHAKE]: Sending ticking packet info 'Registry minecraft:item' to 'fml:handshake' sequence 7
[15Aug2026 23:35:27.338] [Server thread/DEBUG] [net.minecraftforge.network.HandshakeHandler/FMLHANDSHAKE]: Sending ticking packet info 'Registry minecraft:potion' to 'fml:handshake' sequence 8
[15Aug2026 23:35:27.339] [Server thread/DEBUG] [net.minecraftforge.network.HandshakeHandler/FMLHANDSHAKE]: Sending ticking packet info 'Registry minecraft:painting_variant' to 'fml:handshake' sequence 9
[15Aug2026 23:35:27.339] [Server thread/DEBUG] [net.minecraftforge.network.HandshakeHandler/FMLHANDSHAKE]: Sending ticking packet info 'Registry forge:fluid_type' to 'fml:handshake' sequence 10
[15Aug2026 23:35:27.339] [Server thread/DEBUG] [net.minecraftforge.network.HandshakeHandler/FMLHANDSHAKE]: Sending ticking packet info 'Registry minecraft:block_entity_type' to 'fml:handshake' sequence 11
[15Aug2026 23:35:27.339] [Server thread/DEBUG] [net.minecraftforge.network.HandshakeHandler/FMLHANDSHAKE]: Sending ticking packet info 'Registry forge:display_contexts' to 'fml:handshake' sequence 12
[15Aug2026 23:35:27.339] [Server thread/DEBUG] [net.minecraftforge.network.HandshakeHandler/FMLHANDSHAKE]: Sending ticking packet info 'Registry minecraft:block' to 'fml:handshake' sequence 13
[15Aug2026 23:35:27.339] [Server thread/DEBUG] [net.minecraftforge.network.HandshakeHandler/FMLHANDSHAKE]: Sending ticking packet info 'Registry forge:entity_data_serializers' to 'fml:handshake' sequence 14
[15Aug2026 23:35:27.339] [Server thread/DEBUG] [net.minecraftforge.network.HandshakeHandler/FMLHANDSHAKE]: Sending ticking packet info 'Registry minecraft:mob_effect' to 'fml:handshake' sequence 15
[15Aug2026 23:35:27.339] [Server thread/DEBUG] [net.minecraftforge.network.HandshakeHandler/FMLHANDSHAKE]: Sending ticking packet info 'Registry minecraft:stat_type' to 'fml:handshake' sequence 16
[15Aug2026 23:35:27.340] [Server thread/DEBUG] [net.minecraftforge.network.HandshakeHandler/FMLHANDSHAKE]: Sending ticking packet info 'Registry minecraft:menu' to 'fml:handshake' sequence 17
[15Aug2026 23:35:27.340] [Server thread/DEBUG] [net.minecraftforge.network.HandshakeHandler/FMLHANDSHAKE]: Sending ticking packet info 'Registry minecraft:enchantment' to 'fml:handshake' sequence 18
[15Aug2026 23:35:27.340] [Server thread/DEBUG] [net.minecraftforge.network.HandshakeHandler/FMLHANDSHAKE]: Sending ticking packet info 'Registry minecraft:fluid' to 'fml:handshake' sequence 19
[15Aug2026 23:35:27.340] [Server thread/DEBUG] [net.minecraftforge.network.HandshakeHandler/FMLHANDSHAKE]: Sending ticking packet info 'Registry minecraft:entity_type' to 'fml:handshake' sequence 20
[15Aug2026 23:35:27.340] [Server thread/DEBUG] [net.minecraftforge.network.HandshakeHandler/FMLHANDSHAKE]: Sending ticking packet info 'Config parcool-server.toml' to 'fml:handshake' sequence 21
[15Aug2026 23:35:27.341] [Server thread/DEBUG] [net.minecraftforge.network.HandshakeHandler/FMLHANDSHAKE]: Sending ticking packet info 'Config curios-server.toml' to 'fml:handshake' sequence 22
[15Aug2026 23:35:27.341] [Server thread/DEBUG] [net.minecraftforge.network.HandshakeHandler/FMLHANDSHAKE]: Sending ticking packet info 'Config paraglider-server.toml' to 'fml:handshake' sequence 23
[15Aug2026 23:35:27.341] [Server thread/DEBUG] [net.minecraftforge.network.HandshakeHandler/FMLHANDSHAKE]: Sending ticking packet info 'Config globalxp-server.toml' to 'fml:handshake' sequence 24
[15Aug2026 23:35:27.341] [Server thread/DEBUG] [net.minecraftforge.network.HandshakeHandler/FMLHANDSHAKE]: Sending ticking packet info 'Config travelersbackpack-server.toml' to 'fml:handshake' sequence 25
[15Aug2026 23:35:27.341] [Server thread/DEBUG] [net.minecraftforge.network.HandshakeHandler/FMLHANDSHAKE]: Sending ticking packet info 'Config corpse-server.toml' to 'fml:handshake' sequence 26
[15Aug2026 23:35:27.342] [Server thread/DEBUG] [net.minecraftforge.network.HandshakeHandler/FMLHANDSHAKE]: Sending ticking packet info 'Config jei-server.toml' to 'fml:handshake' sequence 27
[15Aug2026 23:35:27.342] [Server thread/DEBUG] [net.minecraftforge.network.HandshakeHandler/FMLHANDSHAKE]: Sending ticking packet info 'Config forge-server.toml' to 'fml:handshake' sequence 28
[15Aug2026 23:35:27.540] [Server thread/INFO] [net.minecraft.server.network.ServerLoginPacketListenerImpl/]: com.mojang.authlib.GameProfile@3a24fc46[id=<null>,name=crisbpl,properties={},legacy=false] (/10.147.17.189:64033) lost connection: Disconnected
[15Aug2026 23:39:02.649] [Server thread/DEBUG] [net.minecraftforge.common.ForgeHooks/WP]: Gathering id map for writing to world save world
[15Aug2026 23:39:02.680] [Server thread/DEBUG] [net.minecraftforge.common.ForgeHooks/WP]: ID Map collection complete world
[15Aug2026 23:44:02.642] [Server thread/DEBUG] [net.minecraftforge.common.ForgeHooks/WP]: Gathering id map for writing to world save world
[15Aug2026 23:44:02.652] [Server thread/DEBUG] [net.minecraftforge.common.ForgeHooks/WP]: ID Map collection complete world
[15Aug2026 23:49:02.641] [Server thread/DEBUG] [net.minecraftforge.common.ForgeHooks/WP]: Gathering id map for writing to world save world
[15Aug2026 23:49:02.652] [Server thread/DEBUG] [net.minecraftforge.common.ForgeHooks/WP]: ID Map collection complete world
[15Aug2026 23:54:02.642] [Server thread/DEBUG] [net.minecraftforge.common.ForgeHooks/WP]: Gathering id map for writing to world save world
[15Aug2026 23:54:02.650] [Server thread/DEBUG] [net.minecraftforge.common.ForgeHooks/WP]: ID Map collection complete world
[15Aug2026 23:59:02.640] [Server thread/DEBUG] [net.minecraftforge.common.ForgeHooks/WP]: Gathering id map for writing to world save world
[15Aug2026 23:59:02.650] [Server thread/DEBUG] [net.minecraftforge.common.ForgeHooks/WP]: ID Map collection complete world
