[15Aug2026 23:32:35.336] [main/INFO] [cpw.mods.modlauncher.Launcher/MODLAUNCHER]: ModLauncher running: args [--launchTarget, forgeserver, --fml.forgeVersion, 47.3.7, --fml.mcVersion, 1.20.1, --fml.forgeGroup, net.minecraftforge, --fml.mcpVersion, 20230612.114412, nogui]
[15Aug2026 23:32:35.339] [main/INFO] [cpw.mods.modlauncher.Launcher/MODLAUNCHER]: ModLauncher 10.0.9+10.0.9+main.dcd20f30 starting: java version 17.0.19 by Ubuntu; OS Linux arch amd64 version 6.8.0-1052-azure
[15Aug2026 23:32:42.013] [main/INFO] [net.minecraftforge.fml.loading.ImmediateWindowHandler/]: ImmediateWindowProvider not loading because launch target is forgeserver
[15Aug2026 23:32:42.107] [main/INFO] [mixin/]: SpongePowered MIXIN Subsystem Version=0.8.5 Source=union:/workspaces/server/servidor_minecraft/libraries/org/spongepowered/mixin/0.8.5/mixin-0.8.5.jar%2365!/ Service=ModLauncher Env=SERVER
[15Aug2026 23:32:42.718] [main/WARN] [net.minecraftforge.fml.loading.moddiscovery.ModFileParser/LOADING]: Mod file /workspaces/server/servidor_minecraft/libraries/net/minecraftforge/fmlcore/1.20.1-47.3.7/fmlcore-1.20.1-47.3.7.jar is missing mods.toml file
[15Aug2026 23:32:42.720] [main/WARN] [net.minecraftforge.fml.loading.moddiscovery.ModFileParser/LOADING]: Mod file /workspaces/server/servidor_minecraft/libraries/net/minecraftforge/javafmllanguage/1.20.1-47.3.7/javafmllanguage-1.20.1-47.3.7.jar is missing mods.toml file
[15Aug2026 23:32:42.721] [main/WARN] [net.minecraftforge.fml.loading.moddiscovery.ModFileParser/LOADING]: Mod file /workspaces/server/servidor_minecraft/libraries/net/minecraftforge/lowcodelanguage/1.20.1-47.3.7/lowcodelanguage-1.20.1-47.3.7.jar is missing mods.toml file
[15Aug2026 23:32:42.722] [main/WARN] [net.minecraftforge.fml.loading.moddiscovery.ModFileParser/LOADING]: Mod file /workspaces/server/servidor_minecraft/libraries/net/minecraftforge/mclanguage/1.20.1-47.3.7/mclanguage-1.20.1-47.3.7.jar is missing mods.toml file
[15Aug2026 23:32:43.217] [main/INFO] [net.minecraftforge.fml.loading.moddiscovery.JarInJarDependencyLocator/]: Found 15 dependencies adding them to mods collection
[15Aug2026 23:32:46.464] [main/INFO] [mixin/]: Compatibility level set to JAVA_17
[15Aug2026 23:32:46.486] [main/ERROR] [mixin/]: Mixin config firstperson.mixins.json does not specify "minVersion" property
[15Aug2026 23:32:46.677] [main/INFO] [mixin/]: Successfully loaded Mixin Connector [org.tlauncher.MixinConnector]
[15Aug2026 23:32:46.678] [main/INFO] [mixin/]: Successfully loaded Mixin Connector [com.sonicether.soundphysics.MixinConnector]
[15Aug2026 23:32:46.682] [main/INFO] [cpw.mods.modlauncher.LaunchServiceHandler/MODLAUNCHER]: Launching target 'forgeserver' with arguments [nogui]
[15Aug2026 23:32:46.977] [main/INFO] [Radium Config/]: Loaded configuration file for Radium: 125 options available, 1 override(s) found
[15Aug2026 23:32:47.208] [main/INFO] [ModernFix/]: Loaded configuration file for ModernFix 5.27.66+mc1.20.1: 110 options available, 0 override(s) found
[15Aug2026 23:32:47.210] [main/INFO] [ModernFix/]: Applying Nashorn fix
[15Aug2026 23:32:47.236] [main/INFO] [ModernFix/]: Applied Forge config corruption patch
[15Aug2026 23:32:47.458] [main/WARN] [mixin/]: Reference map 'puzzlesaccessapi.common.refmap.json' for puzzlesaccessapi.common.mixins.json could not be read. If this is a development environment you can ignore this message
[15Aug2026 23:32:47.521] [main/WARN] [mixin/]: Reference map 'mixins.epic_knights_ice_and_fire.refmap.json' for mixins.epic_knights_ice_and_fire.json could not be read. If this is a development environment you can ignore this message
[15Aug2026 23:32:47.601] [main/INFO] [Puzzles Lib/]: Loading 72 mods:
	- alexsmobs 1.22.9
	- ambientsounds 6.3.7
	- appleskin 2.5.1+mc1.20.1
	- architectury 9.2.14
	- balm 7.3.41
		\-- kuma_api 20.1.12
	- bettercombat 1.9.0+1.20.1
	- carryon 2.1.2.7
	- citadel 2.6.3
	- cloth_config 11.1.136
	- clumps 12.0.0.4
	- collective 8.39
	- corpse 1.20.1-1.0.23
	- creativecore 2.12.39
	- curios 5.14.1+1.20.1
	- dungeons_arise 2.1.58-1.20.x
	- epic_knights_ice_and_fire 1.0
	- epic_knights_x_better_combat 1.0.1-1.20.1+1.21.1
	- ferritecore 6.0.1
	- firstperson 2.7.2
		\-- trender 1.0.15
	- forge 47.3.7
	- geckolib 4.8.4
	- geophilic 3.6
	- globalxp 1.11
	- grue_remake 1.5.0
	- healingbed 1.20.1
	- healingcampfire 6.3
	- i_heard_it_too_remastered 1.6
	- iceandfire 2.1.13-1.20.1
	- immediatelyfast 1.5.5+1.20.4
	- itemphysic 1.8.13
	- jei 15.21.0.148
	- magistuarmory 10.11
	- mcwdoors 1.1.2
	- mcwtrpdoors 1.1.5
	- minecraft 1.20.1
	- modernfix 5.27.66+mc1.20.1
	- moogs_structures 3.0.0
	- mr_epic_structuresvillages 1.3.0
	- mr_epicterrain 0.2.5
	- mr_serversleep 1-datapack
	- mvs 5.0.6
	- notenoughanimations 1.12.4
		\-- transition 1.0.21
	- nyfsspiders 3.0.1
		\-- awcapi 1.0.2
	- octolib 0.4.2
	- paraglider 20.1.3
	- parcool 3.4.3.3
	- playeranimator 1.0.2-rc1+1.20
	- playerrevive 2.0.31
	- puzzleslib 8.1.33
		\-- puzzlesaccessapi 20.1.1
	- radium 0.12.4+git.26c9d8e
	- relics 0.8.0.7
	- shieldexp 1.3.7
	- simpleshops 1.2.2
	- sodiumdynamiclights 1.0.9
		\-- fabric_api_base 0.4.31+ef105b4977
	- sound_physics_remastered 1.20.1-1.5.1
	- storagedrawers 12.14.3
	- structory 1.3.5
	- tlskincape 1.32
	- travelersbackpack 9.1.56
	- trmt 0.5.1b-1.20.1-forge
	- visualworkbench 8.0.1
	- vm 1.0.10
	- voicechat 1.20.1-2.6.18
		\-- voicechat_api 2.6.13
	- waystones 14.1.20
	- xaeroworldmap 1.40.4
		\-- xaerolib 1.0.45
[15Aug2026 23:32:47.669] [main/WARN] [Radium Config/]: Force-disabling mixin 'alloc.blockstate.StateMixin' as option 'mixin.alloc.blockstate' (added by mods [ferritecore]) disables it and children
[15Aug2026 23:32:49.261] [main/ERROR] [net.minecraftforge.fml.loading.RuntimeDistCleaner/DISTXFORM]: Attempted to load class net/minecraft/client/gui/screens/Screen for invalid dist DEDICATED_SERVER
[15Aug2026 23:32:49.262] [main/WARN] [mixin/]: Error loading class: net/minecraft/client/gui/screens/Screen (java.lang.RuntimeException: Attempted to load class net/minecraft/client/gui/screens/Screen for invalid dist DEDICATED_SERVER)
[15Aug2026 23:32:49.263] [main/WARN] [mixin/]: @Mixin target net.minecraft.client.gui.screens.Screen was not found relics.mixins.json:ScreenMixin
[15Aug2026 23:32:49.663] [main/ERROR] [net.minecraftforge.fml.loading.RuntimeDistCleaner/DISTXFORM]: Attempted to load class net/minecraft/client/player/AbstractClientPlayer for invalid dist DEDICATED_SERVER
[15Aug2026 23:32:49.664] [main/WARN] [mixin/]: Error loading class: net/minecraft/client/player/AbstractClientPlayer (java.lang.RuntimeException: Attempted to load class net/minecraft/client/player/AbstractClientPlayer for invalid dist DEDICATED_SERVER)
[15Aug2026 23:32:49.664] [main/WARN] [mixin/]: @Mixin target net.minecraft.client.player.AbstractClientPlayer was not found tlskincape-mixins.json:MixinAbstractPlayer
[15Aug2026 23:32:49.665] [main/ERROR] [net.minecraftforge.fml.loading.RuntimeDistCleaner/DISTXFORM]: Attempted to load class net/minecraft/client/gui/screens/TitleScreen for invalid dist DEDICATED_SERVER
[15Aug2026 23:32:49.666] [main/WARN] [mixin/]: Error loading class: net/minecraft/client/gui/screens/TitleScreen (java.lang.RuntimeException: Attempted to load class net/minecraft/client/gui/screens/TitleScreen for invalid dist DEDICATED_SERVER)
[15Aug2026 23:32:49.666] [main/WARN] [mixin/]: @Mixin target net.minecraft.client.gui.screens.TitleScreen was not found tlskincape-mixins.json:MixinMainMenu
[15Aug2026 23:32:49.667] [main/WARN] [mixin/]: Error loading class: net/minecraft/client/model/PlayerModel (java.lang.ClassNotFoundException: net.minecraft.client.model.PlayerModel)
[15Aug2026 23:32:49.668] [main/WARN] [mixin/]: @Mixin target net.minecraft.client.model.PlayerModel was not found tlskincape-mixins.json:MixinPlayerModel
[15Aug2026 23:32:50.210] [main/INFO] [MixinExtras|Service/]: Initializing MixinExtras via com.llamalad7.mixinextras.service.MixinExtrasServiceImpl(version=0.5.2).
[15Aug2026 23:32:51.083] [main/INFO] [net.minecraft.server.Bootstrap/]: ModernFix reached bootstrap stage (22.31 s after launch)
[15Aug2026 23:32:51.379] [main/WARN] [mixin/]: @Final field delegatesByName:Ljava/util/Map; in modernfix-modernfix.mixins.json:perf.forge_registry_alloc.ForgeRegistryMixin should be final
[15Aug2026 23:32:51.381] [main/WARN] [mixin/]: @Final field delegatesByValue:Ljava/util/Map; in modernfix-modernfix.mixins.json:perf.forge_registry_alloc.ForgeRegistryMixin should be final
[15Aug2026 23:32:51.516] [main/INFO] [ModernFix/]: Injecting BlockStateBase cache population hook into getNeighborPathNodeType from me.jellysquid.mods.lithium.mixin.ai.pathing.AbstractBlockStateMixin
[15Aug2026 23:32:51.516] [main/INFO] [ModernFix/]: Injecting BlockStateBase cache population hook into getPathNodeType from me.jellysquid.mods.lithium.mixin.ai.pathing.AbstractBlockStateMixin
[15Aug2026 23:32:51.516] [main/INFO] [ModernFix/]: Injecting BlockStateBase cache population hook into getAllFlags from me.jellysquid.mods.lithium.mixin.util.block_tracking.AbstractBlockStateMixin
[15Aug2026 23:32:53.306] [main/INFO] [net.minecraft.server.Bootstrap/]: Vanilla bootstrap took 2207 milliseconds
[15Aug2026 23:32:55.875] [main/WARN] [mixin/]: Method overwrite conflict for m_47505_ in modernfix-modernfix.mixins.json:perf.remove_biome_temperature_cache.BiomeMixin, previously written by me.jellysquid.mods.lithium.mixin.world.temperature_cache.BiomeMixin. Skipping method.
[15Aug2026 23:32:56.396] [modloading-worker-0/INFO] [Puzzles Lib/]: Constructing common components for visualworkbench:main
[15Aug2026 23:32:56.401] [modloading-worker-0/INFO] [milkucha.trmt.TRMTConfig/]: [TRMT] Config loaded from /workspaces/server/servidor_minecraft/config/trmt.json
[15Aug2026 23:32:56.433] [modloading-worker-0/INFO] [xaero.lib.XaeroLib/]: Registering common data for channel xaerolib:main!
[15Aug2026 23:32:56.442] [modloading-worker-0/INFO] [xaero.lib.XaeroLib/]: Loading primary common config for channel xaerolib:main!
[15Aug2026 23:32:56.448] [modloading-worker-0/INFO] [xaero.lib.XaeroLib/]: Loading server config profiles for channel xaerolib:main!
[15Aug2026 23:32:56.453] [modloading-worker-0/INFO] [xaero.map.WorldMap/]: Registering common data for channel xaeroworldmap:main!
[15Aug2026 23:32:56.482] [modloading-worker-0/INFO] [xaero.map.WorldMap/]: Loading primary common config for channel xaeroworldmap:main!
[15Aug2026 23:32:56.483] [modloading-worker-0/INFO] [xaero.map.WorldMap/]: Loading server config profiles for channel xaeroworldmap:main!
[15Aug2026 23:32:56.574] [modloading-worker-0/INFO] [STDOUT/]: [com.tiviacz.travelersbackpack.TravelersBackpack:readOldCommonConfig:180]: curiosIntegration not found in the [common.backpackSettings] section.
[15Aug2026 23:32:56.596] [modloading-worker-0/INFO] [net.blay09.mods.balm.forge.config.ForgeBalmConfig/]: Registering config for waystones:common (COMMON) with 46 properties.
[15Aug2026 23:32:57.028] [modloading-worker-0/INFO] [net.minecraftforge.common.ForgeMod/FORGEMOD]: Forge mod loading, version 47.3.7, for MC 1.20.1 with MCP 20230612.114412
[15Aug2026 23:32:57.028] [modloading-worker-0/INFO] [net.minecraftforge.common.MinecraftForge/FORGE]: MinecraftForge v47.3.7 Initialized
[15Aug2026 23:32:57.393] [modloading-worker-0/INFO] [Advanced Wall Climber API/]: Advanced Wall Climber API initialized!
[15Aug2026 23:32:57.515] [modloading-worker-0/INFO] [Collective/]: Loading Collective version 8.39.
[15Aug2026 23:32:57.797] [modloading-worker-0/INFO] [dev.architectury.networking.forge.NetworkManagerImpl/]: Registering C2S receiver with id architectury:sync_ids
[15Aug2026 23:32:57.821] [modloading-worker-0/INFO] [STDOUT/]: [com.magistuarmory.iceandfire.EpicKnightsIceAndFire:init:28]: Hello from Epic Knights Ice and Fire init!
[15Aug2026 23:32:57.882] [modloading-worker-0/INFO] [Puzzles Lib/]: Constructing common components for puzzleslib:main
[15Aug2026 23:32:58.049] [modloading-worker-0/INFO] [dev.architectury.networking.forge.NetworkManagerImpl/]: Registering C2S receiver with id magistuarmory:packet_long_reach_attack
[15Aug2026 23:32:58.050] [modloading-worker-0/INFO] [dev.architectury.networking.forge.NetworkManagerImpl/]: Registering C2S receiver with id magistuarmory:packet_lance_collision
[15Aug2026 23:32:58.069] [modloading-worker-0/INFO] [STDOUT/]: [com.magistuarmory.item.armor.ArmorType:<init>:64]: magistuarmory:minicrown
[15Aug2026 23:32:58.070] [modloading-worker-0/INFO] [STDOUT/]: [com.magistuarmory.item.armor.ArmorType:<init>:64]: magistuarmory:crown
[15Aug2026 23:32:58.071] [modloading-worker-0/INFO] [STDOUT/]: [com.magistuarmory.item.armor.ArmorType:<init>:64]: magistuarmory:flowercrown
[15Aug2026 23:32:58.071] [modloading-worker-0/INFO] [STDOUT/]: [com.magistuarmory.item.armor.ArmorType:<init>:64]: minecraft:default
[15Aug2026 23:32:58.071] [modloading-worker-0/INFO] [STDOUT/]: [com.magistuarmory.item.armor.ArmorType:<init>:64]: magistuarmory:armet
[15Aug2026 23:32:58.072] [modloading-worker-0/INFO] [STDOUT/]: [com.magistuarmory.item.armor.ArmorType:<init>:64]: magistuarmory:stechhelm
[15Aug2026 23:32:58.072] [modloading-worker-0/INFO] [STDOUT/]: [com.magistuarmory.item.armor.ArmorType:<init>:64]: minecraft:default
[15Aug2026 23:32:58.073] [modloading-worker-0/INFO] [STDOUT/]: [com.magistuarmory.item.armor.ArmorType:<init>:64]: magistuarmory:sallet
[15Aug2026 23:32:58.074] [modloading-worker-0/INFO] [STDOUT/]: [com.magistuarmory.item.armor.ArmorType:<init>:64]: minecraft:default
[15Aug2026 23:32:58.074] [modloading-worker-0/INFO] [STDOUT/]: [com.magistuarmory.item.armor.ArmorType:<init>:64]: magistuarmory:maximilian_helmet
[15Aug2026 23:32:58.074] [modloading-worker-0/INFO] [STDOUT/]: [com.magistuarmory.item.armor.ArmorType:<init>:64]: minecraft:default
[15Aug2026 23:32:58.074] [modloading-worker-0/INFO] [STDOUT/]: [com.magistuarmory.item.armor.ArmorType:<init>:64]: minecraft:default
[15Aug2026 23:32:58.075] [modloading-worker-0/INFO] [STDOUT/]: [com.magistuarmory.item.armor.ArmorType:<init>:64]: magistuarmory:kettlehat
[15Aug2026 23:32:58.075] [modloading-worker-0/INFO] [STDOUT/]: [com.magistuarmory.item.armor.ArmorType:<init>:64]: minecraft:default
[15Aug2026 23:32:58.077] [modloading-worker-0/INFO] [STDOUT/]: [com.magistuarmory.item.armor.ArmorType:<init>:64]: magistuarmory:barbute
[15Aug2026 23:32:58.078] [modloading-worker-0/INFO] [STDOUT/]: [com.magistuarmory.item.armor.ArmorType:<init>:64]: minecraft:default
[15Aug2026 23:32:58.078] [modloading-worker-0/INFO] [STDOUT/]: [com.magistuarmory.item.armor.ArmorType:<init>:64]: magistuarmory:crusader
[15Aug2026 23:32:58.078] [modloading-worker-0/INFO] [STDOUT/]: [com.magistuarmory.item.armor.ArmorType:<init>:64]: minecraft:default
[15Aug2026 23:32:58.078] [modloading-worker-0/INFO] [STDOUT/]: [com.magistuarmory.item.armor.ArmorType:<init>:64]: minecraft:default
[15Aug2026 23:32:58.078] [modloading-worker-0/INFO] [STDOUT/]: [com.magistuarmory.item.armor.ArmorType:<init>:64]: minecraft:default
[15Aug2026 23:32:58.079] [modloading-worker-0/INFO] [STDOUT/]: [com.magistuarmory.item.armor.ArmorType:<init>:64]: magistuarmory:armet
[15Aug2026 23:32:58.079] [modloading-worker-0/INFO] [STDOUT/]: [com.magistuarmory.item.armor.ArmorType:<init>:64]: minecraft:default
[15Aug2026 23:32:58.080] [modloading-worker-0/INFO] [STDOUT/]: [com.magistuarmory.item.armor.ArmorType:<init>:64]: magistuarmory:conic_helmet
[15Aug2026 23:32:58.080] [modloading-worker-0/INFO] [STDOUT/]: [com.magistuarmory.item.armor.ArmorType:<init>:64]: magistuarmory:conic_helmet
[15Aug2026 23:32:58.080] [modloading-worker-0/INFO] [STDOUT/]: [com.magistuarmory.item.armor.ArmorType:<init>:64]: magistuarmory:barbute
[15Aug2026 23:32:58.082] [modloading-worker-0/INFO] [STDOUT/]: [com.magistuarmory.item.armor.ArmorType:<init>:64]: minecraft:default
[15Aug2026 23:32:58.083] [modloading-worker-0/INFO] [STDOUT/]: [com.magistuarmory.item.armor.ArmorType:<init>:64]: minecraft:default
[15Aug2026 23:32:58.083] [modloading-worker-0/INFO] [STDOUT/]: [com.magistuarmory.item.armor.ArmorType:<init>:64]: magistuarmory:kettlehat
[15Aug2026 23:32:58.083] [modloading-worker-0/INFO] [STDOUT/]: [com.magistuarmory.item.armor.ArmorType:<init>:64]: magistuarmory:conic_helmet
[15Aug2026 23:32:58.083] [modloading-worker-0/INFO] [STDOUT/]: [com.magistuarmory.item.armor.ArmorType:<init>:64]: magistuarmory:crusader
[15Aug2026 23:32:58.083] [modloading-worker-0/INFO] [STDOUT/]: [com.magistuarmory.item.armor.ArmorType:<init>:64]: minecraft:default
[15Aug2026 23:32:58.083] [modloading-worker-0/INFO] [STDOUT/]: [com.magistuarmory.item.armor.ArmorType:<init>:64]: magistuarmory:bascinet
[15Aug2026 23:32:58.084] [modloading-worker-0/INFO] [STDOUT/]: [com.magistuarmory.item.armor.ArmorType:<init>:64]: minecraft:default
[15Aug2026 23:32:58.084] [modloading-worker-0/INFO] [STDOUT/]: [com.magistuarmory.item.armor.ArmorType:<init>:64]: magistuarmory:wingedhussarchestplate
[15Aug2026 23:32:58.084] [modloading-worker-0/INFO] [STDOUT/]: [com.magistuarmory.item.armor.ArmorType:<init>:64]: minecraft:default
[15Aug2026 23:32:58.085] [modloading-worker-0/INFO] [STDOUT/]: [com.magistuarmory.item.armor.ArmorType:<init>:64]: minecraft:default
[15Aug2026 23:32:58.085] [modloading-worker-0/INFO] [STDOUT/]: [com.magistuarmory.item.armor.ArmorType:<init>:64]: magistuarmory:grand_bascinet
[15Aug2026 23:32:58.085] [modloading-worker-0/INFO] [STDOUT/]: [com.magistuarmory.item.armor.ArmorType:<init>:64]: minecraft:default
[15Aug2026 23:33:00.392] [main/WARN] [com.lupicus.vm.config.MyConfig/]: Unknown entry in ExcludeMods: botania
[15Aug2026 23:33:00.392] [main/WARN] [com.lupicus.vm.config.MyConfig/]: Unknown entry in ExcludeMods: draconicevolution
[15Aug2026 23:33:00.393] [main/WARN] [com.lupicus.vm.config.MyConfig/]: Unknown entry in ExcludeMods: avaritia
[15Aug2026 23:33:00.556] [modloading-worker-0/INFO] [xaero.lib.XaeroLib/]: Loading XaeroLib common 1/2!
[15Aug2026 23:33:00.586] [Forge Version Check/INFO] [net.minecraftforge.fml.VersionChecker/]: [radium] Starting version check at https://api.modrinth.com/updates/radium/forge_updates.json
[15Aug2026 23:33:00.598] [modloading-worker-0/INFO] [voicechat/]: [voicechat] Compatibility version 20
[15Aug2026 23:33:00.669] [modloading-worker-0/INFO] [voicechat/]: [voicechat] Loading plugins
[15Aug2026 23:33:00.675] [modloading-worker-0/INFO] [voicechat/]: [voicechat] Loaded 1 plugin(s)
[15Aug2026 23:33:00.675] [modloading-worker-0/INFO] [voicechat/]: [voicechat] Initializing plugins
[15Aug2026 23:33:00.686] [modloading-worker-0/INFO] [Sound Physics - General/]: Initializing Simple Voice Chat integration
[15Aug2026 23:33:00.687] [modloading-worker-0/INFO] [voicechat/]: [voicechat] Initialized 1 plugin(s)
[15Aug2026 23:33:00.695] [modloading-worker-0/INFO] [voicechat/]: [voicechat] Registering events for 'sound_physics_remastered'
[15Aug2026 23:33:00.696] [modloading-worker-0/INFO] [com.jaquadro.minecraft.storagedrawers.ModServices/]: New compacting rule 4 clay_ball = 1 clay
[15Aug2026 23:33:00.697] [modloading-worker-0/INFO] [com.jaquadro.minecraft.storagedrawers.ModServices/]: New compacting rule 4 snowball = 1 snow_block
[15Aug2026 23:33:00.699] [modloading-worker-0/INFO] [com.jaquadro.minecraft.storagedrawers.ModServices/]: New compacting rule 4 glowstone_dust = 1 glowstone
[15Aug2026 23:33:00.700] [modloading-worker-0/INFO] [com.jaquadro.minecraft.storagedrawers.ModServices/]: New compacting rule 4 brick = 1 bricks
[15Aug2026 23:33:00.700] [modloading-worker-0/INFO] [com.jaquadro.minecraft.storagedrawers.ModServices/]: New compacting rule 4 nether_brick = 1 nether_bricks
[15Aug2026 23:33:00.701] [modloading-worker-0/INFO] [com.jaquadro.minecraft.storagedrawers.ModServices/]: New compacting rule 9 nether_wart = 1 nether_wart_block
[15Aug2026 23:33:00.701] [modloading-worker-0/INFO] [com.jaquadro.minecraft.storagedrawers.ModServices/]: New compacting rule 4 quartz = 1 quartz_block
[15Aug2026 23:33:00.701] [modloading-worker-0/INFO] [com.jaquadro.minecraft.storagedrawers.ModServices/]: New compacting rule 9 melon_slice = 1 melon
[15Aug2026 23:33:00.702] [modloading-worker-0/INFO] [com.jaquadro.minecraft.storagedrawers.ModServices/]: New compacting rule 9 bamboo = 1 bamboo_block
[15Aug2026 23:33:00.702] [modloading-worker-0/INFO] [com.jaquadro.minecraft.storagedrawers.ModServices/]: New compacting rule 4 clay_ball = 1 clay
[15Aug2026 23:33:00.707] [modloading-worker-0/INFO] [com.jaquadro.minecraft.storagedrawers.ModServices/]: New denied storage item creative_vending_upgrade
[15Aug2026 23:33:00.713] [modloading-worker-0/INFO] [com.jaquadro.minecraft.storagedrawers.ModServices/]: Adding ore conversions for types: forge:storage_blocks, forge:ingots, forge:nuggets
[15Aug2026 23:33:00.713] [modloading-worker-0/INFO] [com.jaquadro.minecraft.storagedrawers.ModServices/]: Adding ore conversions for materials: aluminum, constantan, steel, uranium, invar, tin, lead, silver, platinum, nickel, osmium, bronze, electrum
[15Aug2026 23:33:00.784] [Forge Version Check/INFO] [net.minecraftforge.fml.VersionChecker/]: [radium] Found status: AHEAD Current: 0.12.4+git.26c9d8e Target: null
[15Aug2026 23:33:00.784] [Forge Version Check/INFO] [net.minecraftforge.fml.VersionChecker/]: [mr_epic_structuresvillages] Starting version check at https://api.modrinth.com/updates/4OeMBkiG/forge_updates.json
[15Aug2026 23:33:00.850] [Forge Version Check/INFO] [net.minecraftforge.fml.VersionChecker/]: [mr_epic_structuresvillages] Found status: OUTDATED Current: 1.3.0 Target: 1.3.3
[15Aug2026 23:33:00.851] [Forge Version Check/INFO] [net.minecraftforge.fml.VersionChecker/]: [visualworkbench] Starting version check at https://raw.githubusercontent.com/Fuzss/modresources/main/update/visualworkbench.json
[15Aug2026 23:33:00.902] [Forge Version Check/INFO] [net.minecraftforge.fml.VersionChecker/]: [visualworkbench] Found status: UP_TO_DATE Current: 8.0.1 Target: null
[15Aug2026 23:33:00.902] [Forge Version Check/INFO] [net.minecraftforge.fml.VersionChecker/]: [clumps] Starting version check at https://updates.blamejared.com/get?n=clumps&gv=1.20.1
[15Aug2026 23:33:01.137] [main/INFO] [com.tiviacz.travelersbackpack.TravelersBackpack/]: Registered the FluidEffect with Unique ID of minecraft:water for Water (Fluid Amount Required: 1000) with the ID 0
[15Aug2026 23:33:01.137] [main/INFO] [com.tiviacz.travelersbackpack.TravelersBackpack/]: Registered the FluidEffect with Unique ID of minecraft:lava for Lava (Fluid Amount Required: 1000) with the ID 1
[15Aug2026 23:33:01.138] [main/INFO] [com.tiviacz.travelersbackpack.TravelersBackpack/]: Registered the FluidEffect with Unique ID of travelersbackpack:potion for Uncraftable Potion (Fluid Amount Required: 250) with the ID 2
[15Aug2026 23:33:01.138] [main/INFO] [com.tiviacz.travelersbackpack.TravelersBackpack/]: Registered the FluidEffect with Unique ID of minecraft:milk for Milk (Fluid Amount Required: 1000) with the ID 3
[15Aug2026 23:33:01.250] [Thread-0/INFO] [ModernFix/]: Please use /mfsrc to reload any changed mod config files
[15Aug2026 23:33:01.253] [Forge Version Check/INFO] [net.minecraftforge.fml.VersionChecker/]: [clumps] Found status: BETA Current: 12.0.0.4 Target: 12.0.0.4
[15Aug2026 23:33:01.253] [Forge Version Check/INFO] [net.minecraftforge.fml.VersionChecker/]: [mr_epicterrain] Starting version check at https://api.modrinth.com/updates/7qSJGSHp/forge_updates.json
[15Aug2026 23:33:01.255] [modloading-worker-0/INFO] [xaero.lib.XaeroLib/]: Loading XaeroLib server 1/2!
[15Aug2026 23:33:01.255] [modloading-worker-0/INFO] [xaero.map.server.WorldMapServer/]: Loading Xaero's World Map - Stage 1/2 (Server)
[15Aug2026 23:33:01.276] [Forge Version Check/INFO] [net.minecraftforge.fml.VersionChecker/]: [mr_epicterrain] Found status: BETA_OUTDATED Current: 0.2.5 Target: 0.3.0+mod
[15Aug2026 23:33:01.276] [Forge Version Check/INFO] [net.minecraftforge.fml.VersionChecker/]: [mcwdoors] Starting version check at https://raw.githubusercontent.com/sketchmacaw/macawsmods/master/doors.json
[15Aug2026 23:33:01.280] [main/INFO] [xaero.map.server.WorldMapServer/]: Loading Xaero's World Map - Stage 2/2 (Server)
[15Aug2026 23:33:01.281] [main/INFO] [xaero.lib.XaeroLib/]: Loading XaeroLib common 2/2!
[15Aug2026 23:33:01.281] [main/INFO] [xaero.lib.XaeroLib/]: Loading XaeroLib server 2/2!
[15Aug2026 23:33:01.286] [Forge Version Check/INFO] [net.minecraftforge.fml.VersionChecker/]: [mcwdoors] Found status: UP_TO_DATE Current: 1.1.2 Target: null
[15Aug2026 23:33:01.286] [Forge Version Check/INFO] [net.minecraftforge.fml.VersionChecker/]: [puzzlesaccessapi] Starting version check at https://raw.githubusercontent.com/Fuzss/modresources/main/update/puzzlesaccessapi.json
[15Aug2026 23:33:01.297] [Forge Version Check/INFO] [net.minecraftforge.fml.VersionChecker/]: [puzzlesaccessapi] Found status: BETA Current: 20.1.1 Target: null
[15Aug2026 23:33:01.297] [Forge Version Check/INFO] [net.minecraftforge.fml.VersionChecker/]: [forge] Starting version check at https://files.minecraftforge.net/net/minecraftforge/forge/promotions_slim.json
[15Aug2026 23:33:01.384] [Forge Version Check/INFO] [net.minecraftforge.fml.VersionChecker/]: [forge] Found status: OUTDATED Current: 47.3.7 Target: 47.4.10
[15Aug2026 23:33:01.385] [Forge Version Check/INFO] [net.minecraftforge.fml.VersionChecker/]: [corpse] Starting version check at https://update.maxhenkel.de/forge/corpse
[15Aug2026 23:33:01.905] [Forge Version Check/INFO] [net.minecraftforge.fml.VersionChecker/]: [corpse] Found status: AHEAD Current: 1.20.1-1.0.23 Target: null
[15Aug2026 23:33:01.906] [Forge Version Check/INFO] [net.minecraftforge.fml.VersionChecker/]: [voicechat] Starting version check at https://update.maxhenkel.de/forge/voicechat
[15Aug2026 23:33:02.008] [Forge Version Check/INFO] [net.minecraftforge.fml.VersionChecker/]: [voicechat] Found status: OUTDATED Current: 1.20.1-2.6.18 Target: 1.20.1-2.6.22
[15Aug2026 23:33:02.009] [Forge Version Check/INFO] [net.minecraftforge.fml.VersionChecker/]: [sound_physics_remastered] Starting version check at https://update.maxhenkel.de/forge/sound_physics_remastered
[15Aug2026 23:33:02.110] [Forge Version Check/INFO] [net.minecraftforge.fml.VersionChecker/]: [sound_physics_remastered] Found status: AHEAD Current: 1.20.1-1.5.1 Target: null
[15Aug2026 23:33:02.111] [Forge Version Check/INFO] [net.minecraftforge.fml.VersionChecker/]: [mr_serversleep] Starting version check at https://api.modrinth.com/updates/Cw8IlnGM/forge_updates.json
[15Aug2026 23:33:02.177] [Forge Version Check/INFO] [net.minecraftforge.fml.VersionChecker/]: [mr_serversleep] Found status: AHEAD Current: 1-datapack Target: null
[15Aug2026 23:33:02.177] [Forge Version Check/INFO] [net.minecraftforge.fml.VersionChecker/]: [mcwtrpdoors] Starting version check at https://raw.githubusercontent.com/sketchmacaw/macawsmods/master/trapdoors.json
[15Aug2026 23:33:02.185] [main/INFO] [com.mojang.authlib.yggdrasil.YggdrasilAuthenticationService/]: Environment: authHost='https://authserver.mojang.com', accountsHost='https://api.mojang.com', sessionHost='https://sessionserver.mojang.com', servicesHost='https://api.minecraftservices.com', name='PROD'
[15Aug2026 23:33:02.189] [Forge Version Check/INFO] [net.minecraftforge.fml.VersionChecker/]: [mcwtrpdoors] Found status: UP_TO_DATE Current: 1.1.5 Target: null
[15Aug2026 23:33:02.189] [Forge Version Check/INFO] [net.minecraftforge.fml.VersionChecker/]: [epic_knights_x_better_combat] Starting version check at https://modrinth.com/datapack/epic-knights-bettercombat-compatibility/updates.json
[15Aug2026 23:33:02.274] [Forge Version Check/WARN] [net.minecraftforge.fml.VersionChecker/]: Failed to process update information
java.lang.NullPointerException: Cannot invoke "java.util.Map.get(Object)" because "promos" is null
	at net.minecraftforge.fml.VersionChecker$1.process(VersionChecker.java:189) ~[fmlcore-1.20.1-47.3.7.jar%23230!/:?]
	at java.lang.Iterable.forEach(Iterable.java:75) ~[?:?]
	at net.minecraftforge.fml.VersionChecker$1.run(VersionChecker.java:114) ~[fmlcore-1.20.1-47.3.7.jar%23230!/:?]
[15Aug2026 23:33:02.274] [Forge Version Check/INFO] [net.minecraftforge.fml.VersionChecker/]: [puzzleslib] Starting version check at https://raw.githubusercontent.com/Fuzss/modresources/main/update/puzzleslib.json
[15Aug2026 23:33:02.287] [Forge Version Check/INFO] [net.minecraftforge.fml.VersionChecker/]: [puzzleslib] Found status: UP_TO_DATE Current: 8.1.33 Target: null
[15Aug2026 23:33:02.289] [main/INFO] [ModernFix/]: Bypassed Mojang DFU
[15Aug2026 23:33:02.305] [main/WARN] [net.minecraft.server.packs.VanillaPackResourcesBuilder/]: Assets URL 'union:/workspaces/server/servidor_minecraft/libraries/net/minecraft/server/1.20.1-20230612.114412/server-1.20.1-20230612.114412-srg.jar%23229!/assets/.mcassetsroot' uses unexpected schema
[15Aug2026 23:33:02.305] [main/WARN] [net.minecraft.server.packs.VanillaPackResourcesBuilder/]: Assets URL 'union:/workspaces/server/servidor_minecraft/libraries/net/minecraft/server/1.20.1-20230612.114412/server-1.20.1-20230612.114412-srg.jar%23229!/data/.mcassetsroot' uses unexpected schema
[15Aug2026 23:33:03.951] [main/INFO] [com.github.alexthe666.alexsmobs.AlexsMobs/]: Adding datapack listener capsid_recipes
[15Aug2026 23:33:04.574] [Worker-Main-2/ERROR] [net.minecraftforge.common.ForgeHooks/]: Couldn't parse element loot_tables:parcool:grant_parcool_guide
com.google.gson.JsonSyntaxException: Expected name to be an item, was unknown string 'patchouli:guide_book'
	at net.minecraft.util.GsonHelper.m_13866_(GsonHelper.java:145) ~[server-1.20.1-20230612.114412-srg.jar%23229!/:?]
	at java.util.Optional.orElseThrow(Optional.java:403) ~[?:?]
	at net.minecraft.util.GsonHelper.m_13874_(GsonHelper.java:145) ~[server-1.20.1-20230612.114412-srg.jar%23229!/:?]
	at net.minecraft.util.GsonHelper.m_13909_(GsonHelper.java:153) ~[server-1.20.1-20230612.114412-srg.jar%23229!/:?]
	at net.minecraft.world.level.storage.loot.entries.LootItem$Serializer.m_7267_(LootItem.java:55) ~[server-1.20.1-20230612.114412-srg.jar%23229!/:?]
	at net.minecraft.world.level.storage.loot.entries.LootItem$Serializer.m_7267_(LootItem.java:40) ~[server-1.20.1-20230612.114412-srg.jar%23229!/:?]
	at net.minecraft.world.level.storage.loot.entries.LootPoolSingletonContainer$Serializer.m_5921_(LootPoolSingletonContainer.java:151) ~[server-1.20.1-20230612.114412-srg.jar%23229!/:?]
	at net.minecraft.world.level.storage.loot.entries.LootPoolSingletonContainer$Serializer.m_5921_(LootPoolSingletonContainer.java:129) ~[server-1.20.1-20230612.114412-srg.jar%23229!/:?]
	at net.minecraft.world.level.storage.loot.entries.LootPoolEntryContainer$Serializer.m_7561_(LootPoolEntryContainer.java:86) ~[server-1.20.1-20230612.114412-srg.jar%23229!/:?]
	at net.minecraft.world.level.storage.loot.entries.LootPoolEntryContainer$Serializer.m_7561_(LootPoolEntryContainer.java:74) ~[server-1.20.1-20230612.114412-srg.jar%23229!/:?]
	at net.minecraft.world.level.storage.loot.GsonAdapterFactory$JsonAdapter.deserialize(GsonAdapterFactory.java:102) ~[server-1.20.1-20230612.114412-srg.jar%23229!/:?]
	at com.google.gson.internal.bind.TreeTypeAdapter.read(TreeTypeAdapter.java:76) ~[gson-2.10.jar%2372!/:?]
	at com.google.gson.internal.bind.TypeAdapterRuntimeTypeWrapper.read(TypeAdapterRuntimeTypeWrapper.java:40) ~[gson-2.10.jar%2372!/:?]
	at com.google.gson.internal.bind.ArrayTypeAdapter.read(ArrayTypeAdapter.java:72) ~[gson-2.10.jar%2372!/:?]
	at com.google.gson.Gson.fromJson(Gson.java:1214) ~[gson-2.10.jar%2372!/:?]
	at com.google.gson.Gson.fromJson(Gson.java:1319) ~[gson-2.10.jar%2372!/:?]
	at com.google.gson.Gson.fromJson(Gson.java:1290) ~[gson-2.10.jar%2372!/:?]
	at com.google.gson.internal.bind.TreeTypeAdapter$GsonContextImpl.deserialize(TreeTypeAdapter.java:179) ~[gson-2.10.jar%2372!/:?]
	at net.minecraft.util.GsonHelper.m_13808_(GsonHelper.java:463) ~[server-1.20.1-20230612.114412-srg.jar%23229!/:?]
	at net.minecraft.util.GsonHelper.m_13836_(GsonHelper.java:471) ~[server-1.20.1-20230612.114412-srg.jar%23229!/:?]
	at net.minecraft.world.level.storage.loot.LootPool$Serializer.deserialize(LootPool.java:192) ~[server-1.20.1-20230612.114412-srg.jar%23229!/:?]
	at net.minecraft.world.level.storage.loot.LootPool$Serializer.deserialize(LootPool.java:189) ~[server-1.20.1-20230612.114412-srg.jar%23229!/:?]
	at com.google.gson.internal.bind.TreeTypeAdapter.read(TreeTypeAdapter.java:76) ~[gson-2.10.jar%2372!/:?]
	at com.google.gson.internal.bind.TypeAdapterRuntimeTypeWrapper.read(TypeAdapterRuntimeTypeWrapper.java:40) ~[gson-2.10.jar%2372!/:?]
	at com.google.gson.internal.bind.ArrayTypeAdapter.read(ArrayTypeAdapter.java:72) ~[gson-2.10.jar%2372!/:?]
	at com.google.gson.Gson.fromJson(Gson.java:1214) ~[gson-2.10.jar%2372!/:?]
	at com.google.gson.Gson.fromJson(Gson.java:1319) ~[gson-2.10.jar%2372!/:?]
	at com.google.gson.Gson.fromJson(Gson.java:1290) ~[gson-2.10.jar%2372!/:?]
	at com.google.gson.internal.bind.TreeTypeAdapter$GsonContextImpl.deserialize(TreeTypeAdapter.java:179) ~[gson-2.10.jar%2372!/:?]
	at net.minecraft.util.GsonHelper.m_13808_(GsonHelper.java:463) ~[server-1.20.1-20230612.114412-srg.jar%23229!/:?]
	at net.minecraft.util.GsonHelper.m_13845_(GsonHelper.java:481) ~[server-1.20.1-20230612.114412-srg.jar%23229!/:?]
	at net.minecraft.world.level.storage.loot.LootTable$Serializer.deserialize(LootTable.java:294) ~[server-1.20.1-20230612.114412-srg.jar%23229!/:?]
	at net.minecraft.world.level.storage.loot.LootTable$Serializer.deserialize(LootTable.java:291) ~[server-1.20.1-20230612.114412-srg.jar%23229!/:?]
	at com.google.gson.internal.bind.TreeTypeAdapter.read(TreeTypeAdapter.java:76) ~[gson-2.10.jar%2372!/:?]
	at com.google.gson.Gson.fromJson(Gson.java:1214) ~[gson-2.10.jar%2372!/:?]
	at com.google.gson.Gson.fromJson(Gson.java:1319) ~[gson-2.10.jar%2372!/:?]
	at com.google.gson.Gson.fromJson(Gson.java:1261) ~[gson-2.10.jar%2372!/:?]
	at net.minecraftforge.common.ForgeHooks.loadLootTable(ForgeHooks.java:871) ~[forge-1.20.1-47.3.7-universal.jar%23234!/:?]
	at net.minecraftforge.common.ForgeHooks.lambda$getLootTableDeserializer$3(ForgeHooks.java:848) ~[forge-1.20.1-47.3.7-universal.jar%23234!/:?]
	at net.minecraft.world.level.storage.loot.LootDataType.deserialize(LootDataType.java:45) ~[server-1.20.1-20230612.114412-srg.jar%23229!/:?]
	at net.minecraft.world.level.storage.loot.LootDataManager.lambda$scheduleElementParse$4(LootDataManager.java:56) ~[server-1.20.1-20230612.114412-srg.jar%23229!/:?]
	at java.util.HashMap.forEach(HashMap.java:1421) ~[?:?]
	at net.minecraft.world.level.storage.loot.LootDataManager.m_278660_(LootDataManager.java:55) ~[server-1.20.1-20230612.114412-srg.jar%23229!/:?]
	at java.util.concurrent.CompletableFuture$AsyncRun.run(CompletableFuture.java:1804) ~[?:?]
	at java.util.concurrent.CompletableFuture$AsyncRun.exec(CompletableFuture.java:1796) ~[?:?]
	at java.util.concurrent.ForkJoinTask.doExec(ForkJoinTask.java:373) ~[?:?]
	at java.util.concurrent.ForkJoinPool$WorkQueue.topLevelExec(ForkJoinPool.java:1182) ~[?:?]
	at java.util.concurrent.ForkJoinPool.scan(ForkJoinPool.java:1655) ~[?:?]
	at java.util.concurrent.ForkJoinPool.runWorker(ForkJoinPool.java:1622) ~[?:?]
	at java.util.concurrent.ForkJoinWorkerThread.run(ForkJoinWorkerThread.java:165) ~[?:?]
[15Aug2026 23:33:04.723] [main/ERROR] [net.minecraft.world.item.crafting.RecipeManager/]: Parsing error loading recipe parcool:parcool_guide: com.google.gson.JsonSyntaxException: Unknown item 'patchouli:guide_book'
[15Aug2026 23:33:04.778] [main/INFO] [net.minecraft.world.item.crafting.RecipeManager/]: Loaded 10 recipes
[15Aug2026 23:33:04.891] [main/INFO] [net.minecraft.advancements.AdvancementList/]: Loaded 2204 advancements
[15Aug2026 23:33:04.906] [main/INFO] [top.theillusivec4.curios.Curios/]: Loaded 11 curio slots
[15Aug2026 23:33:04.908] [main/ERROR] [top.theillusivec4.curios.Curios/]: talisman is not a registered slot type!
[15Aug2026 23:33:04.909] [main/INFO] [top.theillusivec4.curios.Curios/]: Loaded 1 curio entities
[15Aug2026 23:33:04.956] [main/WARN] [ModernFix/]: Initial datapack load took 2.636 s
[15Aug2026 23:33:05.144] [Server thread/INFO] [net.minecraft.server.dedicated.DedicatedServer/]: Starting minecraft server version 1.20.1
[15Aug2026 23:33:05.144] [Server thread/INFO] [net.minecraft.server.dedicated.DedicatedServer/]: Loading properties
[15Aug2026 23:33:05.144] [Server thread/INFO] [net.minecraft.server.dedicated.DedicatedServer/]: Default game type: SURVIVAL
[15Aug2026 23:33:05.144] [Server thread/INFO] [net.minecraft.server.MinecraftServer/]: Generating keypair
[15Aug2026 23:33:05.342] [Server thread/INFO] [net.minecraft.server.dedicated.DedicatedServer/]: Starting Minecraft server on *:25565
[15Aug2026 23:33:05.363] [Server thread/INFO] [net.minecraft.server.network.ServerConnectionListener/]: Using epoll channel type
[15Aug2026 23:33:05.442] [Server thread/WARN] [net.minecraft.server.dedicated.DedicatedServer/]: **** SERVER IS RUNNING IN OFFLINE/INSECURE MODE!
[15Aug2026 23:33:05.443] [Server thread/WARN] [net.minecraft.server.dedicated.DedicatedServer/]: The server will make no attempt to authenticate usernames. Beware.
[15Aug2026 23:33:05.443] [Server thread/WARN] [net.minecraft.server.dedicated.DedicatedServer/]: While this makes the game possible to play without internet access, it also opens up the ability for hackers to connect with any username they choose.
[15Aug2026 23:33:05.443] [Server thread/WARN] [net.minecraft.server.dedicated.DedicatedServer/]: To change this, set "online-mode" to "true" in the server.properties file.
[15Aug2026 23:33:05.456] [Server thread/WARN] [net.minecraftforge.common.ForgeConfigSpec/CORE]: Configuration file ./world/serverconfig/jei-server.toml is not correct. Correcting
[15Aug2026 23:33:05.457] [Server thread/WARN] [net.minecraftforge.common.ForgeConfigSpec/CORE]: Incorrect key cheat mode was corrected from null to its default, SimpleCommentedConfig:{}. 
[15Aug2026 23:33:05.458] [Server thread/WARN] [net.minecraftforge.common.ForgeConfigSpec/CORE]: Incorrect key cheat mode.enableCheatModeForOp was corrected from null to its default, true. 
[15Aug2026 23:33:05.459] [Server thread/WARN] [net.minecraftforge.common.ForgeConfigSpec/CORE]: Incorrect key cheat mode.enableCheatModeForCreative was corrected from null to its default, true. 
[15Aug2026 23:33:05.459] [Server thread/WARN] [net.minecraftforge.common.ForgeConfigSpec/CORE]: Incorrect key cheat mode.enableCheatModeForGive was corrected from null to its default, false. 
[15Aug2026 23:33:05.460] [Server thread/WARN] [net.minecraftforge.common.ForgeConfigSpec/CORE]: Configuration file ./world/serverconfig/travelersbackpack-server.toml is not correct. Correcting
[15Aug2026 23:33:05.462] [Server thread/WARN] [net.minecraftforge.common.ForgeConfigSpec/CORE]: Incorrect key server was corrected from null to its default, SimpleCommentedConfig:{}. 
[15Aug2026 23:33:05.462] [Server thread/WARN] [net.minecraftforge.common.ForgeConfigSpec/CORE]: Incorrect key server.backpackSettings was corrected from null to its default, SimpleCommentedConfig:{}. 
[15Aug2026 23:33:05.462] [Server thread/WARN] [net.minecraftforge.common.ForgeConfigSpec/CORE]: Incorrect key server.backpackSettings.leatherTierBackpack was corrected from null to its default, SimpleCommentedConfig:{}. 
[15Aug2026 23:33:05.462] [Server thread/WARN] [net.minecraftforge.common.ForgeConfigSpec/CORE]: Incorrect key server.backpackSettings.leatherTierBackpack.inventorySlotCount was corrected from null to its default, 27. 
[15Aug2026 23:33:05.462] [Server thread/WARN] [net.minecraftforge.common.ForgeConfigSpec/CORE]: Incorrect key server.backpackSettings.leatherTierBackpack.upgradeSlotCount was corrected from null to its default, 2. 
[15Aug2026 23:33:05.463] [Server thread/WARN] [net.minecraftforge.common.ForgeConfigSpec/CORE]: Incorrect key server.backpackSettings.leatherTierBackpack.toolSlotCount was corrected from null to its default, 2. 
[15Aug2026 23:33:05.463] [Server thread/WARN] [net.minecraftforge.common.ForgeConfigSpec/CORE]: Incorrect key server.backpackSettings.leatherTierBackpack.tankCapacity was corrected from null to its default, 1000. 
[15Aug2026 23:33:05.463] [Server thread/WARN] [net.minecraftforge.common.ForgeConfigSpec/CORE]: Incorrect key server.backpackSettings.ironTierBackpack was corrected from null to its default, SimpleCommentedConfig:{}. 
[15Aug2026 23:33:05.463] [Server thread/WARN] [net.minecraftforge.common.ForgeConfigSpec/CORE]: Incorrect key server.backpackSettings.ironTierBackpack.inventorySlotCount was corrected from null to its default, 45. 
[15Aug2026 23:33:05.463] [Server thread/WARN] [net.minecraftforge.common.ForgeConfigSpec/CORE]: Incorrect key server.backpackSettings.ironTierBackpack.upgradeSlotCount was corrected from null to its default, 3. 
[15Aug2026 23:33:05.464] [Server thread/WARN] [net.minecraftforge.common.ForgeConfigSpec/CORE]: Incorrect key server.backpackSettings.ironTierBackpack.toolSlotCount was corrected from null to its default, 3. 
[15Aug2026 23:33:05.465] [Server thread/WARN] [net.minecraftforge.common.ForgeConfigSpec/CORE]: Incorrect key server.backpackSettings.ironTierBackpack.tankCapacity was corrected from null to its default, 1000. 
[15Aug2026 23:33:05.465] [Server thread/WARN] [net.minecraftforge.common.ForgeConfigSpec/CORE]: Incorrect key server.backpackSettings.goldTierBackpack was corrected from null to its default, SimpleCommentedConfig:{}. 
[15Aug2026 23:33:05.465] [Server thread/WARN] [net.minecraftforge.common.ForgeConfigSpec/CORE]: Incorrect key server.backpackSettings.goldTierBackpack.inventorySlotCount was corrected from null to its default, 63. 
[15Aug2026 23:33:05.465] [Server thread/WARN] [net.minecraftforge.common.ForgeConfigSpec/CORE]: Incorrect key server.backpackSettings.goldTierBackpack.upgradeSlotCount was corrected from null to its default, 4. 
[15Aug2026 23:33:05.466] [Server thread/WARN] [net.minecraftforge.common.ForgeConfigSpec/CORE]: Incorrect key server.backpackSettings.goldTierBackpack.toolSlotCount was corrected from null to its default, 4. 
[15Aug2026 23:33:05.466] [Server thread/WARN] [net.minecraftforge.common.ForgeConfigSpec/CORE]: Incorrect key server.backpackSettings.goldTierBackpack.tankCapacity was corrected from null to its default, 1000. 
[15Aug2026 23:33:05.467] [Server thread/WARN] [net.minecraftforge.common.ForgeConfigSpec/CORE]: Incorrect key server.backpackSettings.diamondTierBackpack was corrected from null to its default, SimpleCommentedConfig:{}. 
[15Aug2026 23:33:05.467] [Server thread/WARN] [net.minecraftforge.common.ForgeConfigSpec/CORE]: Incorrect key server.backpackSettings.diamondTierBackpack.inventorySlotCount was corrected from null to its default, 81. 
[15Aug2026 23:33:05.467] [Server thread/WARN] [net.minecraftforge.common.ForgeConfigSpec/CORE]: Incorrect key server.backpackSettings.diamondTierBackpack.upgradeSlotCount was corrected from null to its default, 5. 
[15Aug2026 23:33:05.467] [Server thread/WARN] [net.minecraftforge.common.ForgeConfigSpec/CORE]: Incorrect key server.backpackSettings.diamondTierBackpack.toolSlotCount was corrected from null to its default, 5. 
[15Aug2026 23:33:05.467] [Server thread/WARN] [net.minecraftforge.common.ForgeConfigSpec/CORE]: Incorrect key server.backpackSettings.diamondTierBackpack.tankCapacity was corrected from null to its default, 1000. 
[15Aug2026 23:33:05.468] [Server thread/WARN] [net.minecraftforge.common.ForgeConfigSpec/CORE]: Incorrect key server.backpackSettings.netheriteTierBackpack was corrected from null to its default, SimpleCommentedConfig:{}. 
[15Aug2026 23:33:05.468] [Server thread/WARN] [net.minecraftforge.common.ForgeConfigSpec/CORE]: Incorrect key server.backpackSettings.netheriteTierBackpack.inventorySlotCount was corrected from null to its default, 99. 
[15Aug2026 23:33:05.468] [Server thread/WARN] [net.minecraftforge.common.ForgeConfigSpec/CORE]: Incorrect key server.backpackSettings.netheriteTierBackpack.upgradeSlotCount was corrected from null to its default, 6. 
[15Aug2026 23:33:05.468] [Server thread/WARN] [net.minecraftforge.common.ForgeConfigSpec/CORE]: Incorrect key server.backpackSettings.netheriteTierBackpack.toolSlotCount was corrected from null to its default, 6. 
[15Aug2026 23:33:05.468] [Server thread/WARN] [net.minecraftforge.common.ForgeConfigSpec/CORE]: Incorrect key server.backpackSettings.netheriteTierBackpack.tankCapacity was corrected from null to its default, 1000. 
[15Aug2026 23:33:05.469] [Server thread/WARN] [net.minecraftforge.common.ForgeConfigSpec/CORE]: Incorrect key server.backpackSettings.rightClickEquip was corrected from null to its default, true. 
[15Aug2026 23:33:05.469] [Server thread/WARN] [net.minecraftforge.common.ForgeConfigSpec/CORE]: Incorrect key server.backpackSettings.rightClickUnequip was corrected from null to its default, false. 
[15Aug2026 23:33:05.469] [Server thread/WARN] [net.minecraftforge.common.ForgeConfigSpec/CORE]: Incorrect key server.backpackSettings.allowOnlyEquippedBackpack was corrected from null to its default, false. 
[15Aug2026 23:33:05.469] [Server thread/WARN] [net.minecraftforge.common.ForgeConfigSpec/CORE]: Incorrect key server.backpackSettings.allowOpeningFromSlot was corrected from null to its default, false. 
[15Aug2026 23:33:05.470] [Server thread/WARN] [net.minecraftforge.common.ForgeConfigSpec/CORE]: Incorrect key server.backpackSettings.preventMultiplePlayersAccess was corrected from null to its default, false. 
[15Aug2026 23:33:05.470] [Server thread/WARN] [net.minecraftforge.common.ForgeConfigSpec/CORE]: Incorrect key server.backpackSettings.invulnerableBackpack was corrected from null to its default, true. 
[15Aug2026 23:33:05.470] [Server thread/WARN] [net.minecraftforge.common.ForgeConfigSpec/CORE]: Incorrect key server.backpackSettings.allowToolSwapping was corrected from null to its default, true. 
[15Aug2026 23:33:05.470] [Server thread/WARN] [net.minecraftforge.common.ForgeConfigSpec/CORE]: Incorrect key server.backpackSettings.toolSlotsAcceptEverything was corrected from null to its default, false. 
[15Aug2026 23:33:05.471] [Server thread/WARN] [net.minecraftforge.common.ForgeConfigSpec/CORE]: Incorrect key server.backpackSettings.toolSlotsAcceptableItems was corrected from null to its default, []. 
[15Aug2026 23:33:05.471] [Server thread/WARN] [net.minecraftforge.common.ForgeConfigSpec/CORE]: Incorrect key server.backpackSettings.blacklistedItems was corrected from null to its default, []. 
[15Aug2026 23:33:05.471] [Server thread/WARN] [net.minecraftforge.common.ForgeConfigSpec/CORE]: Incorrect key server.backpackSettings.allowShulkerBoxes was corrected from null to its default, false. 
[15Aug2026 23:33:05.471] [Server thread/WARN] [net.minecraftforge.common.ForgeConfigSpec/CORE]: Incorrect key server.backpackSettings.voidProtection was corrected from null to its default, true. 
[15Aug2026 23:33:05.472] [Server thread/WARN] [net.minecraftforge.common.ForgeConfigSpec/CORE]: Incorrect key server.backpackSettings.backpackDeathPlace was corrected from null to its default, true. 
[15Aug2026 23:33:05.472] [Server thread/WARN] [net.minecraftforge.common.ForgeConfigSpec/CORE]: Incorrect key server.backpackSettings.backpackForceDeathPlace was corrected from null to its default, false. 
[15Aug2026 23:33:05.472] [Server thread/WARN] [net.minecraftforge.common.ForgeConfigSpec/CORE]: Incorrect key server.backpackSettings.quickSleepingBag was corrected from null to its default, true. 
[15Aug2026 23:33:05.472] [Server thread/WARN] [net.minecraftforge.common.ForgeConfigSpec/CORE]: Incorrect key server.backpackSettings.enableSleepingBagSpawnPoint was corrected from null to its default, false. 
[15Aug2026 23:33:05.472] [Server thread/WARN] [net.minecraftforge.common.ForgeConfigSpec/CORE]: Incorrect key server.backpackSettings.backSlotIntegration was corrected from null to its default, true. 
[15Aug2026 23:33:05.472] [Server thread/WARN] [net.minecraftforge.common.ForgeConfigSpec/CORE]: Incorrect key server.backpackUpgrades was corrected from null to its default, SimpleCommentedConfig:{}. 
[15Aug2026 23:33:05.473] [Server thread/WARN] [net.minecraftforge.common.ForgeConfigSpec/CORE]: Incorrect key server.backpackUpgrades.enableSleepingBag was corrected from null to its default, true. 
[15Aug2026 23:33:05.473] [Server thread/WARN] [net.minecraftforge.common.ForgeConfigSpec/CORE]: Incorrect key server.backpackUpgrades.enableTanksUpgrade was corrected from null to its default, true. 
[15Aug2026 23:33:05.473] [Server thread/WARN] [net.minecraftforge.common.ForgeConfigSpec/CORE]: Incorrect key server.backpackUpgrades.enableCraftingUpgrade was corrected from null to its default, true. 
[15Aug2026 23:33:05.473] [Server thread/WARN] [net.minecraftforge.common.ForgeConfigSpec/CORE]: Incorrect key server.backpackUpgrades.enableFurnaceUpgrade was corrected from null to its default, true. 
[15Aug2026 23:33:05.473] [Server thread/WARN] [net.minecraftforge.common.ForgeConfigSpec/CORE]: Incorrect key server.backpackUpgrades.enableSmokerUpgrade was corrected from null to its default, true. 
[15Aug2026 23:33:05.473] [Server thread/WARN] [net.minecraftforge.common.ForgeConfigSpec/CORE]: Incorrect key server.backpackUpgrades.enableBlastFurnaceUpgrade was corrected from null to its default, true. 
[15Aug2026 23:33:05.474] [Server thread/WARN] [net.minecraftforge.common.ForgeConfigSpec/CORE]: Incorrect key server.backpackUpgrades.pickupUpgradeSettings was corrected from null to its default, SimpleCommentedConfig:{}. 
[15Aug2026 23:33:05.474] [Server thread/WARN] [net.minecraftforge.common.ForgeConfigSpec/CORE]: Incorrect key server.backpackUpgrades.pickupUpgradeSettings.enablePickupUpgrade was corrected from null to its default, true. 
[15Aug2026 23:33:05.474] [Server thread/WARN] [net.minecraftforge.common.ForgeConfigSpec/CORE]: Incorrect key server.backpackUpgrades.pickupUpgradeSettings.filterSlotCount was corrected from null to its default, 9. 
[15Aug2026 23:33:05.474] [Server thread/WARN] [net.minecraftforge.common.ForgeConfigSpec/CORE]: Incorrect key server.backpackUpgrades.pickupUpgradeSettings.slotsInRow was corrected from null to its default, 3. 
[15Aug2026 23:33:05.474] [Server thread/WARN] [net.minecraftforge.common.ForgeConfigSpec/CORE]: Incorrect key server.backpackUpgrades.enableJukeboxUpgrade was corrected from null to its default, true. 
[15Aug2026 23:33:05.475] [Server thread/WARN] [net.minecraftforge.common.ForgeConfigSpec/CORE]: Incorrect key server.backpackUpgrades.magnetUpgradeSettings was corrected from null to its default, SimpleCommentedConfig:{}. 
[15Aug2026 23:33:05.475] [Server thread/WARN] [net.minecraftforge.common.ForgeConfigSpec/CORE]: Incorrect key server.backpackUpgrades.magnetUpgradeSettings.enableMagnetUpgrade was corrected from null to its default, true. 
[15Aug2026 23:33:05.475] [Server thread/WARN] [net.minecraftforge.common.ForgeConfigSpec/CORE]: Incorrect key server.backpackUpgrades.magnetUpgradeSettings.filterSlotCount was corrected from null to its default, 9. 
[15Aug2026 23:33:05.475] [Server thread/WARN] [net.minecraftforge.common.ForgeConfigSpec/CORE]: Incorrect key server.backpackUpgrades.magnetUpgradeSettings.slotsInRow was corrected from null to its default, 3. 
[15Aug2026 23:33:05.475] [Server thread/WARN] [net.minecraftforge.common.ForgeConfigSpec/CORE]: Incorrect key server.backpackUpgrades.magnetUpgradeSettings.pullRange was corrected from null to its default, 5. 
[15Aug2026 23:33:05.476] [Server thread/WARN] [net.minecraftforge.common.ForgeConfigSpec/CORE]: Incorrect key server.backpackUpgrades.magnetUpgradeSettings.tickRate was corrected from null to its default, 10. 
[15Aug2026 23:33:05.476] [Server thread/WARN] [net.minecraftforge.common.ForgeConfigSpec/CORE]: Incorrect key server.backpackUpgrades.feedingUpgradeSettings was corrected from null to its default, SimpleCommentedConfig:{}. 
[15Aug2026 23:33:05.476] [Server thread/WARN] [net.minecraftforge.common.ForgeConfigSpec/CORE]: Incorrect key server.backpackUpgrades.feedingUpgradeSettings.enableFeedingUpgrade was corrected from null to its default, true. 
[15Aug2026 23:33:05.476] [Server thread/WARN] [net.minecraftforge.common.ForgeConfigSpec/CORE]: Incorrect key server.backpackUpgrades.feedingUpgradeSettings.filterSlotCount was corrected from null to its default, 9. 
[15Aug2026 23:33:05.477] [Server thread/WARN] [net.minecraftforge.common.ForgeConfigSpec/CORE]: Incorrect key server.backpackUpgrades.feedingUpgradeSettings.slotsInRow was corrected from null to its default, 3. 
[15Aug2026 23:33:05.477] [Server thread/WARN] [net.minecraftforge.common.ForgeConfigSpec/CORE]: Incorrect key server.backpackUpgrades.feedingUpgradeSettings.tickRate was corrected from null to its default, 100. 
[15Aug2026 23:33:05.477] [Server thread/WARN] [net.minecraftforge.common.ForgeConfigSpec/CORE]: Incorrect key server.backpackUpgrades.refillUpgradeSettings was corrected from null to its default, SimpleCommentedConfig:{}. 
[15Aug2026 23:33:05.477] [Server thread/WARN] [net.minecraftforge.common.ForgeConfigSpec/CORE]: Incorrect key server.backpackUpgrades.refillUpgradeSettings.enableRefillUpgrade was corrected from null to its default, true. 
[15Aug2026 23:33:05.477] [Server thread/WARN] [net.minecraftforge.common.ForgeConfigSpec/CORE]: Incorrect key server.backpackUpgrades.refillUpgradeSettings.filterSlotCount was corrected from null to its default, 9. 
[15Aug2026 23:33:05.478] [Server thread/WARN] [net.minecraftforge.common.ForgeConfigSpec/CORE]: Incorrect key server.backpackUpgrades.refillUpgradeSettings.slotsInRow was corrected from null to its default, 3. 
[15Aug2026 23:33:05.478] [Server thread/WARN] [net.minecraftforge.common.ForgeConfigSpec/CORE]: Incorrect key server.backpackUpgrades.refillUpgradeSettings.tickRate was corrected from null to its default, 5. 
[15Aug2026 23:33:05.478] [Server thread/WARN] [net.minecraftforge.common.ForgeConfigSpec/CORE]: Incorrect key server.backpackUpgrades.voidUpgradeSettings was corrected from null to its default, SimpleCommentedConfig:{}. 
[15Aug2026 23:33:05.478] [Server thread/WARN] [net.minecraftforge.common.ForgeConfigSpec/CORE]: Incorrect key server.backpackUpgrades.voidUpgradeSettings.enableVoidUpgrade was corrected from null to its default, true. 
[15Aug2026 23:33:05.478] [Server thread/WARN] [net.minecraftforge.common.ForgeConfigSpec/CORE]: Incorrect key server.backpackUpgrades.voidUpgradeSettings.filterSlotCount was corrected from null to its default, 9. 
[15Aug2026 23:33:05.478] [Server thread/WARN] [net.minecraftforge.common.ForgeConfigSpec/CORE]: Incorrect key server.backpackUpgrades.voidUpgradeSettings.slotsInRow was corrected from null to its default, 3. 
[15Aug2026 23:33:05.479] [Server thread/WARN] [net.minecraftforge.common.ForgeConfigSpec/CORE]: Incorrect key server.world was corrected from null to its default, SimpleCommentedConfig:{}. 
[15Aug2026 23:33:05.479] [Server thread/WARN] [net.minecraftforge.common.ForgeConfigSpec/CORE]: Incorrect key server.world.spawnEntitiesWithBackpack was corrected from null to its default, true. 
[15Aug2026 23:33:05.479] [Server thread/WARN] [net.minecraftforge.common.ForgeConfigSpec/CORE]: Incorrect key server.world.chance was corrected from null to its default, 0.005. 
[15Aug2026 23:33:05.482] [Server thread/WARN] [net.minecraftforge.common.ForgeConfigSpec/CORE]: Incorrect key server.world.possibleOverworldEntityTypes was corrected from null to its default, [minecraft:zombie, minecraft:skeleton, minecraft:enderman]. 
[15Aug2026 23:33:05.482] [Server thread/WARN] [net.minecraftforge.common.ForgeConfigSpec/CORE]: Incorrect key server.world.possibleNetherEntityTypes was corrected from null to its default, [minecraft:wither_skeleton, minecraft:piglin]. 
[15Aug2026 23:33:05.483] [Server thread/WARN] [net.minecraftforge.common.ForgeConfigSpec/CORE]: Incorrect key server.world.overworldBackpacks was corrected from null to its default, [travelersbackpack:standard, travelersbackpack:diamond, travelersbackpack:gold, travelersbackpack:emerald, travelersbackpack:iron, travelersbackpack:lapis, travelersbackpack:redstone, travelersbackpack:coal, travelersbackpack:bookshelf, travelersbackpack:sandstone, travelersbackpack:snow, travelersbackpack:sponge, travelersbackpack:cake, travelersbackpack:cactus, travelersbackpack:hay, travelersbackpack:melon, travelersbackpack:pumpkin, travelersbackpack:creeper, travelersbackpack:enderman, travelersbackpack:skeleton, travelersbackpack:spider, travelersbackpack:bee, travelersbackpack:wolf, travelersbackpack:fox, travelersbackpack:ocelot, travelersbackpack:horse, travelersbackpack:cow, travelersbackpack:pig, travelersbackpack:sheep, travelersbackpack:chicken, travelersbackpack:squid]. 
[15Aug2026 23:33:05.483] [Server thread/WARN] [net.minecraftforge.common.ForgeConfigSpec/CORE]: Incorrect key server.world.netherBackpacks was corrected from null to its default, [travelersbackpack:quartz, travelersbackpack:nether, travelersbackpack:blaze, travelersbackpack:ghast, travelersbackpack:magma_cube, travelersbackpack:wither]. 
[15Aug2026 23:33:05.483] [Server thread/WARN] [net.minecraftforge.common.ForgeConfigSpec/CORE]: Incorrect key server.backpackAbilities was corrected from null to its default, SimpleCommentedConfig:{}. 
[15Aug2026 23:33:05.483] [Server thread/WARN] [net.minecraftforge.common.ForgeConfigSpec/CORE]: Incorrect key server.backpackAbilities.enableBackpackAbilities was corrected from null to its default, true. 
[15Aug2026 23:33:05.484] [Server thread/WARN] [net.minecraftforge.common.ForgeConfigSpec/CORE]: Incorrect key server.backpackAbilities.forceAbilityEnabled was corrected from null to its default, true. 
[15Aug2026 23:33:05.484] [Server thread/WARN] [net.minecraftforge.common.ForgeConfigSpec/CORE]: Incorrect key server.backpackAbilities.allowedAbilities was corrected from null to its default, [travelersbackpack:netherite, travelersbackpack:diamond, travelersbackpack:gold, travelersbackpack:emerald, travelersbackpack:iron, travelersbackpack:lapis, travelersbackpack:redstone, travelersbackpack:bookshelf, travelersbackpack:sponge, travelersbackpack:cake, travelersbackpack:cactus, travelersbackpack:melon, travelersbackpack:pumpkin, travelersbackpack:creeper, travelersbackpack:dragon, travelersbackpack:enderman, travelersbackpack:blaze, travelersbackpack:ghast, travelersbackpack:magma_cube, travelersbackpack:spider, travelersbackpack:wither, travelersbackpack:warden, travelersbackpack:bat, travelersbackpack:bee, travelersbackpack:ocelot, travelersbackpack:cow, travelersbackpack:chicken, travelersbackpack:squid, travelersbackpack:hay, travelersbackpack:fox]. 
[15Aug2026 23:33:05.484] [Server thread/WARN] [net.minecraftforge.common.ForgeConfigSpec/CORE]: Incorrect key server.backpackAbilities.backpackEffects was corrected from null to its default, [travelersbackpack:bat, minecraft:night_vision, 260, 300, 0, travelersbackpack:magma_cube, minecraft:fire_resistance, 260, 300, 0, travelersbackpack:squid, minecraft:water_breathing, 260, 300, 0, travelersbackpack:squid, minecraft:night_vision, 260, 300, 0, travelersbackpack:dragon, minecraft:regeneration, 260, 300, 0, travelersbackpack:dragon, minecraft:strength, 250, 290, 0, travelersbackpack:quartz, minecraft:haste, 260, 300, 0, travelersbackpack:fox, minecraft:jump_boost, 260, 300, 0]. 
[15Aug2026 23:33:05.485] [Server thread/WARN] [net.minecraftforge.common.ForgeConfigSpec/CORE]: Incorrect key server.backpackAbilities.cooldowns was corrected from null to its default, [travelersbackpack:creeper, 1200, 1800, travelersbackpack:cow, 480, 540, travelersbackpack:chicken, 360, 600, travelersbackpack:cake, 360, 480, travelersbackpack:melon, 120, 480]. 
[15Aug2026 23:33:05.485] [Server thread/WARN] [net.minecraftforge.common.ForgeConfigSpec/CORE]: Incorrect key server.slownessDebuff was corrected from null to its default, SimpleCommentedConfig:{}. 
[15Aug2026 23:33:05.485] [Server thread/WARN] [net.minecraftforge.common.ForgeConfigSpec/CORE]: Incorrect key server.slownessDebuff.tooManyBackpacksSlowness was corrected from null to its default, false. 
[15Aug2026 23:33:05.486] [Server thread/WARN] [net.minecraftforge.common.ForgeConfigSpec/CORE]: Incorrect key server.slownessDebuff.maxNumberOfBackpacks was corrected from null to its default, 3. 
[15Aug2026 23:33:05.487] [Server thread/WARN] [net.minecraftforge.common.ForgeConfigSpec/CORE]: Incorrect key server.slownessDebuff.slownessPerExcessedBackpack was corrected from null to its default, 1.0. 
[15Aug2026 23:33:05.496] [Server thread/WARN] [net.minecraftforge.common.ForgeConfigSpec/CORE]: Configuration file ./world/serverconfig/corpse-server.toml is not correct. Correcting
[15Aug2026 23:33:05.496] [Server thread/WARN] [net.minecraftforge.common.ForgeConfigSpec/CORE]: Incorrect key corpse was corrected from null to its default, SimpleCommentedConfig:{}. 
[15Aug2026 23:33:05.496] [Server thread/WARN] [net.minecraftforge.common.ForgeConfigSpec/CORE]: Incorrect key corpse.access was corrected from null to its default, SimpleCommentedConfig:{}. 
[15Aug2026 23:33:05.497] [Server thread/WARN] [net.minecraftforge.common.ForgeConfigSpec/CORE]: Incorrect key corpse.access.only_owner was corrected from null to its default, false. 
[15Aug2026 23:33:05.497] [Server thread/WARN] [net.minecraftforge.common.ForgeConfigSpec/CORE]: Incorrect key corpse.access.skeleton was corrected from null to its default, false. 
[15Aug2026 23:33:05.497] [Server thread/WARN] [net.minecraftforge.common.ForgeConfigSpec/CORE]: Incorrect key corpse.despawn was corrected from null to its default, SimpleCommentedConfig:{}. 
[15Aug2026 23:33:05.497] [Server thread/WARN] [net.minecraftforge.common.ForgeConfigSpec/CORE]: Incorrect key corpse.despawn.time was corrected from null to its default, 600. 
[15Aug2026 23:33:05.497] [Server thread/WARN] [net.minecraftforge.common.ForgeConfigSpec/CORE]: Incorrect key corpse.despawn.force_time was corrected from null to its default, -1. 
[15Aug2026 23:33:05.497] [Server thread/WARN] [net.minecraftforge.common.ForgeConfigSpec/CORE]: Incorrect key corpse.skeleton_time was corrected from null to its default, 72000. 
[15Aug2026 23:33:05.498] [Server thread/WARN] [net.minecraftforge.common.ForgeConfigSpec/CORE]: Incorrect key corpse.lie_on_face was corrected from null to its default, false. 
[15Aug2026 23:33:05.498] [Server thread/WARN] [net.minecraftforge.common.ForgeConfigSpec/CORE]: Incorrect key corpse.show_equipment was corrected from null to its default, true. 
[15Aug2026 23:33:05.498] [Server thread/WARN] [net.minecraftforge.common.ForgeConfigSpec/CORE]: Incorrect key corpse.fall_into_void was corrected from null to its default, false. 
[15Aug2026 23:33:05.498] [Server thread/WARN] [net.minecraftforge.common.ForgeConfigSpec/CORE]: Incorrect key corpse.lava_damage was corrected from null to its default, false. 
[15Aug2026 23:33:05.498] [Server thread/WARN] [net.minecraftforge.common.ForgeConfigSpec/CORE]: Incorrect key death_storage_duration was corrected from null to its default, -1. 
[15Aug2026 23:33:05.500] [Server thread/WARN] [net.minecraftforge.common.ForgeConfigSpec/CORE]: Configuration file ./world/serverconfig/forge-server.toml is not correct. Correcting
[15Aug2026 23:33:05.500] [Server thread/WARN] [net.minecraftforge.common.ForgeConfigSpec/CORE]: Incorrect key server was corrected from null to its default, SimpleCommentedConfig:{}. 
[15Aug2026 23:33:05.500] [Server thread/WARN] [net.minecraftforge.common.ForgeConfigSpec/CORE]: Incorrect key server.removeErroringBlockEntities was corrected from null to its default, false. 
[15Aug2026 23:33:05.500] [Server thread/WARN] [net.minecraftforge.common.ForgeConfigSpec/CORE]: Incorrect key server.removeErroringEntities was corrected from null to its default, false. 
[15Aug2026 23:33:05.500] [Server thread/WARN] [net.minecraftforge.common.ForgeConfigSpec/CORE]: Incorrect key server.fullBoundingBoxLadders was corrected from null to its default, false. 
[15Aug2026 23:33:05.500] [Server thread/WARN] [net.minecraftforge.common.ForgeConfigSpec/CORE]: Incorrect key server.zombieBaseSummonChance was corrected from null to its default, 0.1. 
[15Aug2026 23:33:05.501] [Server thread/WARN] [net.minecraftforge.common.ForgeConfigSpec/CORE]: Incorrect key server.zombieBabyChance was corrected from null to its default, 0.05. 
[15Aug2026 23:33:05.501] [Server thread/WARN] [net.minecraftforge.common.ForgeConfigSpec/CORE]: Incorrect key server.permissionHandler was corrected from null to its default, forge:default_handler. 
[15Aug2026 23:33:05.501] [Server thread/WARN] [net.minecraftforge.common.ForgeConfigSpec/CORE]: Incorrect key server.advertiseDedicatedServerToLan was corrected from null to its default, true. 
[15Aug2026 23:33:05.503] [Server thread/WARN] [net.minecraftforge.common.ForgeConfigSpec/CORE]: Configuration file ./world/serverconfig/curios-server.toml is not correct. Correcting
[15Aug2026 23:33:05.503] [Server thread/WARN] [net.minecraftforge.common.ForgeConfigSpec/CORE]: Incorrect key keepCurios was corrected from null to its default, DEFAULT. 
[15Aug2026 23:33:05.504] [Server thread/WARN] [net.minecraftforge.common.ForgeConfigSpec/CORE]: Incorrect key menu was corrected from null to its default, SimpleCommentedConfig:{}. 
[15Aug2026 23:33:05.504] [Server thread/WARN] [net.minecraftforge.common.ForgeConfigSpec/CORE]: Incorrect key menu.enableLegacyMenu was corrected from null to its default, false. 
[15Aug2026 23:33:05.505] [Server thread/WARN] [net.minecraftforge.common.ForgeConfigSpec/CORE]: Incorrect key menu.experimental was corrected from null to its default, SimpleCommentedConfig:{}. 
[15Aug2026 23:33:05.505] [Server thread/WARN] [net.minecraftforge.common.ForgeConfigSpec/CORE]: Incorrect key menu.experimental.minimumColumns was corrected from null to its default, 1. 
[15Aug2026 23:33:05.505] [Server thread/WARN] [net.minecraftforge.common.ForgeConfigSpec/CORE]: Incorrect key menu.experimental.maxSlotsPerPage was corrected from null to its default, 48. 
[15Aug2026 23:33:05.506] [Server thread/WARN] [net.minecraftforge.common.ForgeConfigSpec/CORE]: Configuration file ./world/serverconfig/parcool-server.toml is not correct. Correcting
[15Aug2026 23:33:05.506] [Server thread/WARN] [net.minecraftforge.common.ForgeConfigSpec/CORE]: Incorrect key Limitations was corrected from null to its default, SimpleCommentedConfig:{}. 
[15Aug2026 23:33:05.507] [Server thread/WARN] [net.minecraftforge.common.ForgeConfigSpec/CORE]: Incorrect key Limitations.limitation_imposed was corrected from null to its default, false. 
[15Aug2026 23:33:05.507] [Server thread/WARN] [net.minecraftforge.common.ForgeConfigSpec/CORE]: Incorrect key Limitations.Action_Permissions was corrected from null to its default, SimpleCommentedConfig:{}. 
[15Aug2026 23:33:05.507] [Server thread/WARN] [net.minecraftforge.common.ForgeConfigSpec/CORE]: Incorrect key Limitations.Action_Permissions.permit_BreakfallReady was corrected from null to its default, true. 
[15Aug2026 23:33:05.507] [Server thread/WARN] [net.minecraftforge.common.ForgeConfigSpec/CORE]: Incorrect key Limitations.Action_Permissions.permit_CatLeap was corrected from null to its default, true. 
[15Aug2026 23:33:05.507] [Server thread/WARN] [net.minecraftforge.common.ForgeConfigSpec/CORE]: Incorrect key Limitations.Action_Permissions.permit_ChargeJump was corrected from null to its default, true. 
[15Aug2026 23:33:05.507] [Server thread/WARN] [net.minecraftforge.common.ForgeConfigSpec/CORE]: Incorrect key Limitations.Action_Permissions.permit_ClimbPoles was corrected from null to its default, true. 
[15Aug2026 23:33:05.507] [Server thread/WARN] [net.minecraftforge.common.ForgeConfigSpec/CORE]: Incorrect key Limitations.Action_Permissions.permit_ClimbUp was corrected from null to its default, true. 
[15Aug2026 23:33:05.507] [Server thread/WARN] [net.minecraftforge.common.ForgeConfigSpec/CORE]: Incorrect key Limitations.Action_Permissions.permit_ClingToCliff was corrected from null to its default, true. 
[15Aug2026 23:33:05.508] [Server thread/WARN] [net.minecraftforge.common.ForgeConfigSpec/CORE]: Incorrect key Limitations.Action_Permissions.permit_HideInBlock was corrected from null to its default, true. 
[15Aug2026 23:33:05.508] [Server thread/WARN] [net.minecraftforge.common.ForgeConfigSpec/CORE]: Incorrect key Limitations.Action_Permissions.permit_Crawl was corrected from null to its default, true. 
[15Aug2026 23:33:05.508] [Server thread/WARN] [net.minecraftforge.common.ForgeConfigSpec/CORE]: Incorrect key Limitations.Action_Permissions.permit_Dive was corrected from null to its default, true. 
[15Aug2026 23:33:05.508] [Server thread/WARN] [net.minecraftforge.common.ForgeConfigSpec/CORE]: Incorrect key Limitations.Action_Permissions.permit_Dodge was corrected from null to its default, true. 
[15Aug2026 23:33:05.508] [Server thread/WARN] [net.minecraftforge.common.ForgeConfigSpec/CORE]: Incorrect key Limitations.Action_Permissions.permit_FastRun was corrected from null to its default, true. 
[15Aug2026 23:33:05.508] [Server thread/WARN] [net.minecraftforge.common.ForgeConfigSpec/CORE]: Incorrect key Limitations.Action_Permissions.permit_FastSwim was corrected from null to its default, true. 
[15Aug2026 23:33:05.508] [Server thread/WARN] [net.minecraftforge.common.ForgeConfigSpec/CORE]: Incorrect key Limitations.Action_Permissions.permit_Flipping was corrected from null to its default, true. 
[15Aug2026 23:33:05.509] [Server thread/WARN] [net.minecraftforge.common.ForgeConfigSpec/CORE]: Incorrect key Limitations.Action_Permissions.permit_HangDown was corrected from null to its default, true. 
[15Aug2026 23:33:05.509] [Server thread/WARN] [net.minecraftforge.common.ForgeConfigSpec/CORE]: Incorrect key Limitations.Action_Permissions.permit_HorizontalWallRun was corrected from null to its default, true. 
[15Aug2026 23:33:05.509] [Server thread/WARN] [net.minecraftforge.common.ForgeConfigSpec/CORE]: Incorrect key Limitations.Action_Permissions.permit_JumpFromBar was corrected from null to its default, true. 
[15Aug2026 23:33:05.509] [Server thread/WARN] [net.minecraftforge.common.ForgeConfigSpec/CORE]: Incorrect key Limitations.Action_Permissions.permit_QuickTurn was corrected from null to its default, true. 
[15Aug2026 23:33:05.509] [Server thread/WARN] [net.minecraftforge.common.ForgeConfigSpec/CORE]: Incorrect key Limitations.Action_Permissions.permit_RideZipline was corrected from null to its default, true. 
[15Aug2026 23:33:05.509] [Server thread/WARN] [net.minecraftforge.common.ForgeConfigSpec/CORE]: Incorrect key Limitations.Action_Permissions.permit_Roll was corrected from null to its default, true. 
[15Aug2026 23:33:05.510] [Server thread/WARN] [net.minecraftforge.common.ForgeConfigSpec/CORE]: Incorrect key Limitations.Action_Permissions.permit_SkyDive was corrected from null to its default, true. 
[15Aug2026 23:33:05.510] [Server thread/WARN] [net.minecraftforge.common.ForgeConfigSpec/CORE]: Incorrect key Limitations.Action_Permissions.permit_Slide was corrected from null to its default, true. 
[15Aug2026 23:33:05.510] [Server thread/WARN] [net.minecraftforge.common.ForgeConfigSpec/CORE]: Incorrect key Limitations.Action_Permissions.permit_Tap was corrected from null to its default, true. 
[15Aug2026 23:33:05.510] [Server thread/WARN] [net.minecraftforge.common.ForgeConfigSpec/CORE]: Incorrect key Limitations.Action_Permissions.permit_Vault was corrected from null to its default, true. 
[15Aug2026 23:33:05.510] [Server thread/WARN] [net.minecraftforge.common.ForgeConfigSpec/CORE]: Incorrect key Limitations.Action_Permissions.permit_VerticalWallRun was corrected from null to its default, true. 
[15Aug2026 23:33:05.510] [Server thread/WARN] [net.minecraftforge.common.ForgeConfigSpec/CORE]: Incorrect key Limitations.Action_Permissions.permit_WallJump was corrected from null to its default, true. 
[15Aug2026 23:33:05.510] [Server thread/WARN] [net.minecraftforge.common.ForgeConfigSpec/CORE]: Incorrect key Limitations.Action_Permissions.permit_WallSlide was corrected from null to its default, true. 
[15Aug2026 23:33:05.510] [Server thread/WARN] [net.minecraftforge.common.ForgeConfigSpec/CORE]: Incorrect key Limitations.Action_Permissions.permit_StartSwimByCrawl was corrected from null to its default, true. 
[15Aug2026 23:33:05.511] [Server thread/WARN] [net.minecraftforge.common.ForgeConfigSpec/CORE]: Incorrect key Limitations.Stamina was corrected from null to its default, SimpleCommentedConfig:{}. 
[15Aug2026 23:33:05.511] [Server thread/WARN] [net.minecraftforge.common.ForgeConfigSpec/CORE]: Incorrect key Limitations.Stamina.Least_Consumption was corrected from null to its default, SimpleCommentedConfig:{}. 
[15Aug2026 23:33:05.511] [Server thread/WARN] [net.minecraftforge.common.ForgeConfigSpec/CORE]: Incorrect key Limitations.Stamina.Least_Consumption.stamina_consumption_of_BreakfallReady was corrected from null to its default, 0. 
[15Aug2026 23:33:05.511] [Server thread/WARN] [net.minecraftforge.common.ForgeConfigSpec/CORE]: Incorrect key Limitations.Stamina.Least_Consumption.stamina_consumption_of_CatLeap was corrected from null to its default, 200. 
[15Aug2026 23:33:05.511] [Server thread/WARN] [net.minecraftforge.common.ForgeConfigSpec/CORE]: Incorrect key Limitations.Stamina.Least_Consumption.stamina_consumption_of_ChargeJump was corrected from null to its default, 100. 
[15Aug2026 23:33:05.511] [Server thread/WARN] [net.minecraftforge.common.ForgeConfigSpec/CORE]: Incorrect key Limitations.Stamina.Least_Consumption.stamina_consumption_of_ClimbPoles was corrected from null to its default, 0. 
[15Aug2026 23:33:05.511] [Server thread/WARN] [net.minecraftforge.common.ForgeConfigSpec/CORE]: Incorrect key Limitations.Stamina.Least_Consumption.stamina_consumption_of_ClimbUp was corrected from null to its default, 150. 
[15Aug2026 23:33:05.512] [Server thread/WARN] [net.minecraftforge.common.ForgeConfigSpec/CORE]: Incorrect key Limitations.Stamina.Least_Consumption.stamina_consumption_of_ClingToCliff was corrected from null to its default, 2. 
[15Aug2026 23:33:05.512] [Server thread/WARN] [net.minecraftforge.common.ForgeConfigSpec/CORE]: Incorrect key Limitations.Stamina.Least_Consumption.stamina_consumption_of_HideInBlock was corrected from null to its default, 0. 
[15Aug2026 23:33:05.512] [Server thread/WARN] [net.minecraftforge.common.ForgeConfigSpec/CORE]: Incorrect key Limitations.Stamina.Least_Consumption.stamina_consumption_of_Crawl was corrected from null to its default, 0. 
[15Aug2026 23:33:05.512] [Server thread/WARN] [net.minecraftforge.common.ForgeConfigSpec/CORE]: Incorrect key Limitations.Stamina.Least_Consumption.stamina_consumption_of_Dive was corrected from null to its default, 0. 
[15Aug2026 23:33:05.512] [Server thread/WARN] [net.minecraftforge.common.ForgeConfigSpec/CORE]: Incorrect key Limitations.Stamina.Least_Consumption.stamina_consumption_of_Dodge was corrected from null to its default, 80. 
[15Aug2026 23:33:05.512] [Server thread/WARN] [net.minecraftforge.common.ForgeConfigSpec/CORE]: Incorrect key Limitations.Stamina.Least_Consumption.stamina_consumption_of_FastRun was corrected from null to its default, 2. 
[15Aug2026 23:33:05.513] [Server thread/WARN] [net.minecraftforge.common.ForgeConfigSpec/CORE]: Incorrect key Limitations.Stamina.Least_Consumption.stamina_consumption_of_FastSwim was corrected from null to its default, 3. 
[15Aug2026 23:33:05.513] [Server thread/WARN] [net.minecraftforge.common.ForgeConfigSpec/CORE]: Incorrect key Limitations.Stamina.Least_Consumption.stamina_consumption_of_Flipping was corrected from null to its default, 80. 
[15Aug2026 23:33:05.513] [Server thread/WARN] [net.minecraftforge.common.ForgeConfigSpec/CORE]: Incorrect key Limitations.Stamina.Least_Consumption.stamina_consumption_of_HangDown was corrected from null to its default, 3. 
[15Aug2026 23:33:05.513] [Server thread/WARN] [net.minecraftforge.common.ForgeConfigSpec/CORE]: Incorrect key Limitations.Stamina.Least_Consumption.stamina_consumption_of_HorizontalWallRun was corrected from null to its default, 2. 
[15Aug2026 23:33:05.513] [Server thread/WARN] [net.minecraftforge.common.ForgeConfigSpec/CORE]: Incorrect key Limitations.Stamina.Least_Consumption.stamina_consumption_of_JumpFromBar was corrected from null to its default, 100. 
[15Aug2026 23:33:05.513] [Server thread/WARN] [net.minecraftforge.common.ForgeConfigSpec/CORE]: Incorrect key Limitations.Stamina.Least_Consumption.stamina_consumption_of_QuickTurn was corrected from null to its default, 0. 
[15Aug2026 23:33:05.513] [Server thread/WARN] [net.minecraftforge.common.ForgeConfigSpec/CORE]: Incorrect key Limitations.Stamina.Least_Consumption.stamina_consumption_of_RideZipline was corrected from null to its default, 2. 
[15Aug2026 23:33:05.514] [Server thread/WARN] [net.minecraftforge.common.ForgeConfigSpec/CORE]: Incorrect key Limitations.Stamina.Least_Consumption.stamina_consumption_of_Roll was corrected from null to its default, 100. 
[15Aug2026 23:33:05.514] [Server thread/WARN] [net.minecraftforge.common.ForgeConfigSpec/CORE]: Incorrect key Limitations.Stamina.Least_Consumption.stamina_consumption_of_SkyDive was corrected from null to its default, 0. 
[15Aug2026 23:33:05.514] [Server thread/WARN] [net.minecraftforge.common.ForgeConfigSpec/CORE]: Incorrect key Limitations.Stamina.Least_Consumption.stamina_consumption_of_Slide was corrected from null to its default, 0. 
[15Aug2026 23:33:05.514] [Server thread/WARN] [net.minecraftforge.common.ForgeConfigSpec/CORE]: Incorrect key Limitations.Stamina.Least_Consumption.stamina_consumption_of_Tap was corrected from null to its default, 100. 
[15Aug2026 23:33:05.514] [Server thread/WARN] [net.minecraftforge.common.ForgeConfigSpec/CORE]: Incorrect key Limitations.Stamina.Least_Consumption.stamina_consumption_of_Vault was corrected from null to its default, 50. 
[15Aug2026 23:33:05.514] [Server thread/WARN] [net.minecraftforge.common.ForgeConfigSpec/CORE]: Incorrect key Limitations.Stamina.Least_Consumption.stamina_consumption_of_VerticalWallRun was corrected from null to its default, 150. 
[15Aug2026 23:33:05.514] [Server thread/WARN] [net.minecraftforge.common.ForgeConfigSpec/CORE]: Incorrect key Limitations.Stamina.Least_Consumption.stamina_consumption_of_WallJump was corrected from null to its default, 120. 
[15Aug2026 23:33:05.515] [Server thread/WARN] [net.minecraftforge.common.ForgeConfigSpec/CORE]: Incorrect key Limitations.Stamina.Least_Consumption.stamina_consumption_of_WallSlide was corrected from null to its default, 8. 
[15Aug2026 23:33:05.515] [Server thread/WARN] [net.minecraftforge.common.ForgeConfigSpec/CORE]: Incorrect key Limitations.Stamina.Least_Consumption.stamina_consumption_of_StartSwimByCrawl was corrected from null to its default, 0. 
[15Aug2026 23:33:05.515] [Server thread/WARN] [net.minecraftforge.common.ForgeConfigSpec/CORE]: Incorrect key Limitations.Stamina.allow_infinite_stamina was corrected from null to its default, true. 
[15Aug2026 23:33:05.515] [Server thread/WARN] [net.minecraftforge.common.ForgeConfigSpec/CORE]: Incorrect key Limitations.Stamina.max_stamina_limit was corrected from null to its default, 2147483647. 
[15Aug2026 23:33:05.515] [Server thread/WARN] [net.minecraftforge.common.ForgeConfigSpec/CORE]: Incorrect key Limitations.Stamina.max_stamina_recovery_limit was corrected from null to its default, 2147483647. 
[15Aug2026 23:33:05.516] [Server thread/WARN] [net.minecraftforge.common.ForgeConfigSpec/CORE]: Incorrect key Limitations.Control was corrected from null to its default, SimpleCommentedConfig:{}. 
[15Aug2026 23:33:05.516] [Server thread/WARN] [net.minecraftforge.common.ForgeConfigSpec/CORE]: Incorrect key Limitations.Control.allow_disabling_wall_jump_cooldown was corrected from null to its default, true. 
[15Aug2026 23:33:05.516] [Server thread/WARN] [net.minecraftforge.common.ForgeConfigSpec/CORE]: Incorrect key Limitations.Control.least_successive_dodge_cool_time was corrected from null to its default, 0. 
[15Aug2026 23:33:05.516] [Server thread/WARN] [net.minecraftforge.common.ForgeConfigSpec/CORE]: Incorrect key Limitations.Control.least_dodge_cool_time was corrected from null to its default, 11. 
[15Aug2026 23:33:05.516] [Server thread/WARN] [net.minecraftforge.common.ForgeConfigSpec/CORE]: Incorrect key Limitations.Control.max_successive_dodge_count was corrected from null to its default, 2147483647. 
[15Aug2026 23:33:05.517] [Server thread/WARN] [net.minecraftforge.common.ForgeConfigSpec/CORE]: Incorrect key Limitations.Control.justtime_breakfall_tick was corrected from null to its default, 5. 
[15Aug2026 23:33:05.517] [Server thread/WARN] [net.minecraftforge.common.ForgeConfigSpec/CORE]: Incorrect key Limitations.Control.max_coyote_time was corrected from null to its default, 3. 
[15Aug2026 23:33:05.517] [Server thread/WARN] [net.minecraftforge.common.ForgeConfigSpec/CORE]: Incorrect key Limitations.Control.lowest_fall_distance_for_breakfall was corrected from null to its default, 2.0. 
[15Aug2026 23:33:05.517] [Server thread/WARN] [net.minecraftforge.common.ForgeConfigSpec/CORE]: Incorrect key Limitations.Control.max_breakfall_damage_remove_height was corrected from null to its default, 6.0. 
[15Aug2026 23:33:05.517] [Server thread/WARN] [net.minecraftforge.common.ForgeConfigSpec/CORE]: Incorrect key Limitations.Control.max_breakfall_damage_reduction_rate was corrected from null to its default, 0.6. 
[15Aug2026 23:33:05.518] [Server thread/WARN] [net.minecraftforge.common.ForgeConfigSpec/CORE]: Incorrect key Limitations.Modifier was corrected from null to its default, SimpleCommentedConfig:{}. 
[15Aug2026 23:33:05.518] [Server thread/WARN] [net.minecraftforge.common.ForgeConfigSpec/CORE]: Incorrect key Limitations.Modifier.wall-run_continuable_tick was corrected from null to its default, 40. 
[15Aug2026 23:33:05.518] [Server thread/WARN] [net.minecraftforge.common.ForgeConfigSpec/CORE]: Incorrect key Limitations.Modifier.sliding_continuable_tick was corrected from null to its default, 30. 
[15Aug2026 23:33:05.518] [Server thread/WARN] [net.minecraftforge.common.ForgeConfigSpec/CORE]: Incorrect key Limitations.Modifier.max_fast-run_modifier was corrected from null to its default, 2.0. 
[15Aug2026 23:33:05.518] [Server thread/WARN] [net.minecraftforge.common.ForgeConfigSpec/CORE]: Incorrect key Limitations.Modifier.max_fast-swim_modifier was corrected from null to its default, 2.0. 
[15Aug2026 23:33:05.518] [Server thread/WARN] [net.minecraftforge.common.ForgeConfigSpec/CORE]: Incorrect key Limitations.Modifier.max_dodge-speed_modifier was corrected from null to its default, 1.0. 
[15Aug2026 23:33:05.518] [Server thread/WARN] [net.minecraftforge.common.ForgeConfigSpec/CORE]: Incorrect key Limitations.Modifier.min_sky-dive_speed_decrease was corrected from null to its default, 0.98. 
[15Aug2026 23:33:05.520] [Server thread/WARN] [net.minecraftforge.common.ForgeConfigSpec/CORE]: Configuration file ./world/serverconfig/globalxp-server.toml is not correct. Correcting
[15Aug2026 23:33:05.521] [Server thread/WARN] [net.minecraftforge.common.ForgeConfigSpec/CORE]: Incorrect key xpForComparator was corrected from null to its default, 93. 
[15Aug2026 23:33:05.521] [Server thread/WARN] [net.minecraftforge.common.ForgeConfigSpec/CORE]: Incorrect key pickupXP was corrected from null to its default, true. 
[15Aug2026 23:33:05.522] [Server thread/WARN] [net.minecraftforge.common.ForgeConfigSpec/CORE]: Incorrect key pickupRange was corrected from null to its default, 3.0. 
[15Aug2026 23:33:05.523] [Server thread/WARN] [net.minecraftforge.common.ForgeConfigSpec/CORE]: Incorrect key retrieve_until_next_level was corrected from null to its default, true. 
[15Aug2026 23:33:05.523] [Server thread/WARN] [net.minecraftforge.common.ForgeConfigSpec/CORE]: Incorrect key retrieval_amount was corrected from null to its default, -1. 
[15Aug2026 23:33:05.524] [Server thread/WARN] [net.minecraftforge.common.ForgeConfigSpec/CORE]: Incorrect key store_until_previous_level was corrected from null to its default, false. 
[15Aug2026 23:33:05.525] [Server thread/WARN] [net.minecraftforge.common.ForgeConfigSpec/CORE]: Incorrect key storing_amount was corrected from null to its default, -1. 
[15Aug2026 23:33:05.526] [Server thread/WARN] [net.minecraftforge.common.ForgeConfigSpec/CORE]: Incorrect key retrieval_percentage was corrected from null to its default, 1.0. 
[15Aug2026 23:33:05.526] [Server thread/WARN] [net.minecraftforge.common.ForgeConfigSpec/CORE]: Incorrect key retrieve_xp_orbs was corrected from null to its default, false. 
[15Aug2026 23:33:05.528] [Server thread/WARN] [net.minecraftforge.common.ForgeConfigSpec/CORE]: Configuration file ./world/serverconfig/paraglider-server.toml is not correct. Correcting
[15Aug2026 23:33:05.529] [Server thread/WARN] [net.minecraftforge.common.ForgeConfigSpec/CORE]: Incorrect key ascendingWinds was corrected from null to its default, true. 
[15Aug2026 23:33:05.529] [Server thread/WARN] [net.minecraftforge.common.ForgeConfigSpec/CORE]: Incorrect key windSources was corrected from null to its default, [fire, soul_fire, campfire#lit=true, soul_campfire#lit=true]. 
[15Aug2026 23:33:05.530] [Server thread/WARN] [net.minecraftforge.common.ForgeConfigSpec/CORE]: Incorrect key paraglidingSpeed was corrected from null to its default, 1.0. 
[15Aug2026 23:33:05.531] [Server thread/WARN] [net.minecraftforge.common.ForgeConfigSpec/CORE]: Incorrect key paragliderDurability was corrected from null to its default, 0. 
[15Aug2026 23:33:05.532] [Server thread/WARN] [net.minecraftforge.common.ForgeConfigSpec/CORE]: Incorrect key spiritOrbs was corrected from null to its default, SimpleCommentedConfig:{}. 
[15Aug2026 23:33:05.532] [Server thread/WARN] [net.minecraftforge.common.ForgeConfigSpec/CORE]: Incorrect key spiritOrbs.enderDragonDropsVessel was corrected from null to its default, true. 
[15Aug2026 23:33:05.532] [Server thread/WARN] [net.minecraftforge.common.ForgeConfigSpec/CORE]: Incorrect key spiritOrbs.raidGivesVessel was corrected from null to its default, true. 
[15Aug2026 23:33:05.532] [Server thread/WARN] [net.minecraftforge.common.ForgeConfigSpec/CORE]: Incorrect key spiritOrbs.spawnerSpiritOrbDrops was corrected from null to its default, 2. 
[15Aug2026 23:33:05.533] [Server thread/WARN] [net.minecraftforge.common.ForgeConfigSpec/CORE]: Incorrect key spiritOrbs.spiritOrbLoots was corrected from null to its default, true. 
[15Aug2026 23:33:05.533] [Server thread/WARN] [net.minecraftforge.common.ForgeConfigSpec/CORE]: Incorrect key vessels was corrected from null to its default, SimpleCommentedConfig:{}. 
[15Aug2026 23:33:05.533] [Server thread/WARN] [net.minecraftforge.common.ForgeConfigSpec/CORE]: Incorrect key vessels.startingHearts was corrected from null to its default, 10. 
[15Aug2026 23:33:05.533] [Server thread/WARN] [net.minecraftforge.common.ForgeConfigSpec/CORE]: Incorrect key vessels.maxHeartContainers was corrected from null to its default, 20. 
[15Aug2026 23:33:05.534] [Server thread/WARN] [net.minecraftforge.common.ForgeConfigSpec/CORE]: Incorrect key vessels.maxStamina was corrected from null to its default, 3000. 
[15Aug2026 23:33:05.534] [Server thread/WARN] [net.minecraftforge.common.ForgeConfigSpec/CORE]: Incorrect key vessels.startingStamina was corrected from null to its default, 1000. 
[15Aug2026 23:33:05.534] [Server thread/WARN] [net.minecraftforge.common.ForgeConfigSpec/CORE]: Incorrect key vessels.maxStaminaVessels was corrected from null to its default, 10. 
[15Aug2026 23:33:05.534] [Server thread/WARN] [net.minecraftforge.common.ForgeConfigSpec/CORE]: Incorrect key stamina was corrected from null to its default, SimpleCommentedConfig:{}. 
[15Aug2026 23:33:05.535] [Server thread/WARN] [net.minecraftforge.common.ForgeConfigSpec/CORE]: Incorrect key stamina.paraglidingConsumesStamina was corrected from null to its default, true. 
[15Aug2026 23:33:05.535] [Server thread/WARN] [net.minecraftforge.common.ForgeConfigSpec/CORE]: Incorrect key stamina.runningAndSwimmingConsumesStamina was corrected from null to its default, false. 
[15Aug2026 23:33:05.535] [Server thread/WARN] [net.minecraftforge.common.ForgeConfigSpec/CORE]: Incorrect key paragliderInTowersOfTheWild was corrected from null to its default, DEFAULT. 
[15Aug2026 23:33:05.658] [Server thread/INFO] [net.minecraft.server.dedicated.DedicatedServer/]: Preparing level "world"
[15Aug2026 23:33:06.240] [Server thread/INFO] [voicechat/]: [voicechat] Successfully migrated config voicechat-server.toml
[15Aug2026 23:33:06.351] [Server thread/WARN] [mixin/]: Method overwrite conflict for removeIf in modernfix-modernfix.mixins.json:bugfix.paper_chunk_patches.SortedArraySetMixin, previously written by me.jellysquid.mods.lithium.mixin.world.chunk_tickets.SortedArraySetMixin. Skipping method.
[15Aug2026 23:33:20.550] [Worker-Main-3/INFO] [ModernFix/]: Instantiating Mojang DFU
[15Aug2026 23:33:22.330] [Worker-Main-2/INFO] [citadel/]: vanilla surface rule behavior unchanged
[15Aug2026 23:33:24.830] [Server thread/INFO] [net.minecraft.server.MinecraftServer/]: Preparing start region for dimension minecraft:overworld
[15Aug2026 23:33:25.190] [Worker-Main-2/INFO] [net.minecraft.server.level.progress.LoggerChunkProgressListener/]: Preparing spawn area: 0%
[15Aug2026 23:33:25.395] [Worker-Main-3/INFO] [net.minecraft.server.level.progress.LoggerChunkProgressListener/]: Preparing spawn area: 0%
[15Aug2026 23:33:25.831] [Worker-Main-3/INFO] [net.minecraft.server.level.progress.LoggerChunkProgressListener/]: Preparing spawn area: 0%
[15Aug2026 23:33:26.358] [Worker-Main-3/INFO] [net.minecraft.server.level.progress.LoggerChunkProgressListener/]: Preparing spawn area: 0%
[15Aug2026 23:33:26.868] [Worker-Main-3/INFO] [net.minecraft.server.level.progress.LoggerChunkProgressListener/]: Preparing spawn area: 0%
[15Aug2026 23:33:27.537] [Worker-Main-1/INFO] [net.minecraft.server.level.progress.LoggerChunkProgressListener/]: Preparing spawn area: 0%
[15Aug2026 23:33:27.850] [Worker-Main-2/INFO] [net.minecraft.server.level.progress.LoggerChunkProgressListener/]: Preparing spawn area: 0%
[15Aug2026 23:33:28.340] [Worker-Main-2/INFO] [net.minecraft.server.level.progress.LoggerChunkProgressListener/]: Preparing spawn area: 1%
[15Aug2026 23:33:28.894] [Worker-Main-3/INFO] [net.minecraft.server.level.progress.LoggerChunkProgressListener/]: Preparing spawn area: 1%
[15Aug2026 23:33:29.447] [Worker-Main-1/INFO] [net.minecraft.server.level.progress.LoggerChunkProgressListener/]: Preparing spawn area: 1%
[15Aug2026 23:33:29.833] [Worker-Main-3/INFO] [net.minecraft.server.level.progress.LoggerChunkProgressListener/]: Preparing spawn area: 1%
[15Aug2026 23:33:30.370] [Worker-Main-3/INFO] [net.minecraft.server.level.progress.LoggerChunkProgressListener/]: Preparing spawn area: 3%
[15Aug2026 23:33:30.843] [Worker-Main-3/INFO] [net.minecraft.server.level.progress.LoggerChunkProgressListener/]: Preparing spawn area: 3%
[15Aug2026 23:33:31.335] [Worker-Main-3/INFO] [net.minecraft.server.level.progress.LoggerChunkProgressListener/]: Preparing spawn area: 3%
[15Aug2026 23:33:31.864] [Worker-Main-2/INFO] [net.minecraft.server.level.progress.LoggerChunkProgressListener/]: Preparing spawn area: 4%
[15Aug2026 23:33:32.335] [Worker-Main-2/INFO] [net.minecraft.server.level.progress.LoggerChunkProgressListener/]: Preparing spawn area: 4%
[15Aug2026 23:33:32.832] [Worker-Main-3/INFO] [net.minecraft.server.level.progress.LoggerChunkProgressListener/]: Preparing spawn area: 5%
[15Aug2026 23:33:33.343] [Worker-Main-2/INFO] [net.minecraft.server.level.progress.LoggerChunkProgressListener/]: Preparing spawn area: 6%
[15Aug2026 23:33:33.836] [Worker-Main-3/INFO] [net.minecraft.server.level.progress.LoggerChunkProgressListener/]: Preparing spawn area: 7%
[15Aug2026 23:33:34.332] [Worker-Main-3/INFO] [net.minecraft.server.level.progress.LoggerChunkProgressListener/]: Preparing spawn area: 8%
[15Aug2026 23:33:34.831] [Worker-Main-1/INFO] [net.minecraft.server.level.progress.LoggerChunkProgressListener/]: Preparing spawn area: 9%
[15Aug2026 23:33:35.344] [Worker-Main-1/INFO] [net.minecraft.server.level.progress.LoggerChunkProgressListener/]: Preparing spawn area: 9%
[15Aug2026 23:33:35.831] [Worker-Main-3/INFO] [net.minecraft.server.level.progress.LoggerChunkProgressListener/]: Preparing spawn area: 11%
[15Aug2026 23:33:36.336] [Worker-Main-1/INFO] [net.minecraft.server.level.progress.LoggerChunkProgressListener/]: Preparing spawn area: 12%
[15Aug2026 23:33:36.856] [Worker-Main-1/INFO] [net.minecraft.server.level.progress.LoggerChunkProgressListener/]: Preparing spawn area: 12%
[15Aug2026 23:33:37.408] [Worker-Main-3/INFO] [net.minecraft.server.level.progress.LoggerChunkProgressListener/]: Preparing spawn area: 13%
[15Aug2026 23:33:37.837] [Worker-Main-2/INFO] [net.minecraft.server.level.progress.LoggerChunkProgressListener/]: Preparing spawn area: 14%
[15Aug2026 23:33:38.353] [Worker-Main-2/INFO] [net.minecraft.server.level.progress.LoggerChunkProgressListener/]: Preparing spawn area: 15%
[15Aug2026 23:33:38.843] [Worker-Main-3/INFO] [net.minecraft.server.level.progress.LoggerChunkProgressListener/]: Preparing spawn area: 15%
[15Aug2026 23:33:39.357] [Worker-Main-2/INFO] [net.minecraft.server.level.progress.LoggerChunkProgressListener/]: Preparing spawn area: 16%
[15Aug2026 23:33:39.835] [Worker-Main-1/INFO] [net.minecraft.server.level.progress.LoggerChunkProgressListener/]: Preparing spawn area: 17%
[15Aug2026 23:33:40.384] [Worker-Main-1/INFO] [net.minecraft.server.level.progress.LoggerChunkProgressListener/]: Preparing spawn area: 18%
[15Aug2026 23:33:40.859] [Worker-Main-1/INFO] [net.minecraft.server.level.progress.LoggerChunkProgressListener/]: Preparing spawn area: 20%
[15Aug2026 23:33:41.376] [Worker-Main-2/INFO] [net.minecraft.server.level.progress.LoggerChunkProgressListener/]: Preparing spawn area: 20%
[15Aug2026 23:33:41.847] [Worker-Main-3/INFO] [net.minecraft.server.level.progress.LoggerChunkProgressListener/]: Preparing spawn area: 22%
[15Aug2026 23:33:42.358] [Worker-Main-2/INFO] [net.minecraft.server.level.progress.LoggerChunkProgressListener/]: Preparing spawn area: 22%
[15Aug2026 23:33:42.844] [Worker-Main-2/INFO] [net.minecraft.server.level.progress.LoggerChunkProgressListener/]: Preparing spawn area: 23%
[15Aug2026 23:33:43.350] [Worker-Main-3/INFO] [net.minecraft.server.level.progress.LoggerChunkProgressListener/]: Preparing spawn area: 24%
[15Aug2026 23:33:43.850] [Worker-Main-2/INFO] [net.minecraft.server.level.progress.LoggerChunkProgressListener/]: Preparing spawn area: 25%
[15Aug2026 23:33:44.334] [Worker-Main-3/INFO] [net.minecraft.server.level.progress.LoggerChunkProgressListener/]: Preparing spawn area: 26%
[15Aug2026 23:33:44.833] [Worker-Main-2/INFO] [net.minecraft.server.level.progress.LoggerChunkProgressListener/]: Preparing spawn area: 28%
[15Aug2026 23:33:45.352] [Worker-Main-1/INFO] [net.minecraft.server.level.progress.LoggerChunkProgressListener/]: Preparing spawn area: 28%
[15Aug2026 23:33:45.913] [Worker-Main-2/INFO] [net.minecraft.server.level.progress.LoggerChunkProgressListener/]: Preparing spawn area: 31%
[15Aug2026 23:33:46.345] [Worker-Main-2/INFO] [net.minecraft.server.level.progress.LoggerChunkProgressListener/]: Preparing spawn area: 31%
[15Aug2026 23:33:46.855] [Worker-Main-3/INFO] [net.minecraft.server.level.progress.LoggerChunkProgressListener/]: Preparing spawn area: 32%
[15Aug2026 23:33:47.360] [Worker-Main-3/INFO] [net.minecraft.server.level.progress.LoggerChunkProgressListener/]: Preparing spawn area: 32%
[15Aug2026 23:33:47.833] [Worker-Main-3/INFO] [net.minecraft.server.level.progress.LoggerChunkProgressListener/]: Preparing spawn area: 34%
[15Aug2026 23:33:48.335] [Worker-Main-1/INFO] [net.minecraft.server.level.progress.LoggerChunkProgressListener/]: Preparing spawn area: 37%
[15Aug2026 23:33:48.831] [Worker-Main-3/INFO] [net.minecraft.server.level.progress.LoggerChunkProgressListener/]: Preparing spawn area: 40%
[15Aug2026 23:33:49.349] [Worker-Main-3/INFO] [net.minecraft.server.level.progress.LoggerChunkProgressListener/]: Preparing spawn area: 42%
[15Aug2026 23:33:49.833] [Worker-Main-3/INFO] [net.minecraft.server.level.progress.LoggerChunkProgressListener/]: Preparing spawn area: 42%
[15Aug2026 23:33:50.333] [Worker-Main-2/INFO] [net.minecraft.server.level.progress.LoggerChunkProgressListener/]: Preparing spawn area: 44%
[15Aug2026 23:33:50.863] [Worker-Main-2/INFO] [net.minecraft.server.level.progress.LoggerChunkProgressListener/]: Preparing spawn area: 46%
[15Aug2026 23:33:51.333] [Worker-Main-3/INFO] [net.minecraft.server.level.progress.LoggerChunkProgressListener/]: Preparing spawn area: 50%
[15Aug2026 23:33:51.848] [Worker-Main-2/INFO] [net.minecraft.server.level.progress.LoggerChunkProgressListener/]: Preparing spawn area: 52%
[15Aug2026 23:33:52.344] [Worker-Main-2/INFO] [net.minecraft.server.level.progress.LoggerChunkProgressListener/]: Preparing spawn area: 54%
[15Aug2026 23:33:52.846] [Worker-Main-1/INFO] [net.minecraft.server.level.progress.LoggerChunkProgressListener/]: Preparing spawn area: 56%
[15Aug2026 23:33:53.336] [Worker-Main-1/INFO] [net.minecraft.server.level.progress.LoggerChunkProgressListener/]: Preparing spawn area: 59%
[15Aug2026 23:33:53.839] [Worker-Main-3/INFO] [net.minecraft.server.level.progress.LoggerChunkProgressListener/]: Preparing spawn area: 61%
[15Aug2026 23:33:54.337] [Worker-Main-3/INFO] [net.minecraft.server.level.progress.LoggerChunkProgressListener/]: Preparing spawn area: 63%
[15Aug2026 23:33:54.846] [Worker-Main-1/INFO] [net.minecraft.server.level.progress.LoggerChunkProgressListener/]: Preparing spawn area: 65%
[15Aug2026 23:33:55.333] [Worker-Main-1/INFO] [net.minecraft.server.level.progress.LoggerChunkProgressListener/]: Preparing spawn area: 68%
[15Aug2026 23:33:55.880] [Worker-Main-1/INFO] [net.minecraft.server.level.progress.LoggerChunkProgressListener/]: Preparing spawn area: 70%
[15Aug2026 23:33:56.331] [Worker-Main-3/INFO] [net.minecraft.server.level.progress.LoggerChunkProgressListener/]: Preparing spawn area: 71%
[15Aug2026 23:33:56.848] [Worker-Main-3/INFO] [net.minecraft.server.level.progress.LoggerChunkProgressListener/]: Preparing spawn area: 75%
[15Aug2026 23:33:57.331] [Worker-Main-1/INFO] [net.minecraft.server.level.progress.LoggerChunkProgressListener/]: Preparing spawn area: 76%
[15Aug2026 23:33:57.839] [Worker-Main-3/INFO] [net.minecraft.server.level.progress.LoggerChunkProgressListener/]: Preparing spawn area: 78%
[15Aug2026 23:33:58.343] [Worker-Main-2/INFO] [net.minecraft.server.level.progress.LoggerChunkProgressListener/]: Preparing spawn area: 80%
[15Aug2026 23:33:58.832] [Worker-Main-2/INFO] [net.minecraft.server.level.progress.LoggerChunkProgressListener/]: Preparing spawn area: 83%
[15Aug2026 23:33:59.335] [Worker-Main-2/INFO] [net.minecraft.server.level.progress.LoggerChunkProgressListener/]: Preparing spawn area: 85%
[15Aug2026 23:33:59.840] [Worker-Main-3/INFO] [net.minecraft.server.level.progress.LoggerChunkProgressListener/]: Preparing spawn area: 87%
[15Aug2026 23:34:00.346] [Worker-Main-1/INFO] [net.minecraft.server.level.progress.LoggerChunkProgressListener/]: Preparing spawn area: 90%
[15Aug2026 23:34:00.839] [Worker-Main-3/INFO] [net.minecraft.server.level.progress.LoggerChunkProgressListener/]: Preparing spawn area: 92%
[15Aug2026 23:34:01.333] [Worker-Main-3/INFO] [net.minecraft.server.level.progress.LoggerChunkProgressListener/]: Preparing spawn area: 93%
[15Aug2026 23:34:01.833] [Worker-Main-1/INFO] [net.minecraft.server.level.progress.LoggerChunkProgressListener/]: Preparing spawn area: 95%
[15Aug2026 23:34:02.333] [Worker-Main-2/INFO] [net.minecraft.server.level.progress.LoggerChunkProgressListener/]: Preparing spawn area: 98%
[15Aug2026 23:34:02.518] [Server thread/INFO] [net.minecraft.server.level.progress.LoggerChunkProgressListener/]: Time elapsed: 37688 ms
[15Aug2026 23:34:02.518] [Server thread/INFO] [net.minecraft.server.dedicated.DedicatedServer/]: Done (57.063s)! For help, type "help"
[15Aug2026 23:34:02.558] [Server thread/INFO] [net.minecraftforge.server.permission.PermissionAPI/]: Successfully initialized permission handler forge:default_handler
[15Aug2026 23:34:02.565] [Server thread/INFO] [com.github.alexthe666.iceandfire.IceAndFire/]: {iceandfire:fire_dragon_roost=true, iceandfire:fire_lily=true, iceandfire:spawn_dragon_skeleton_fire=true, iceandfire:lightning_dragon_roost=true, iceandfire:spawn_dragon_skeleton_lightning=true, iceandfire:ice_dragon_roost=true, iceandfire:ice_dragon_cave=true, iceandfire:lightning_dragon_cave=true, iceandfire:cyclops_cave=true, iceandfire:spawn_wandering_cyclops=true, iceandfire:spawn_sea_serpent=true, iceandfire:frost_lily=true, iceandfire:hydra_cave=true, iceandfire:lightning_lily=true, iceandfire:pixie_village=true, iceandfire:myrmex_hive_jungle=true, iceandfire:myrmex_hive_desert=true, iceandfire:silver_ore=true, iceandfire:siren_island=true, iceandfire:spawn_dragon_skeleton_ice=true, iceandfire:spawn_stymphalian_bird=true, iceandfire:fire_dragon_cave=true, iceandfire:sapphire_ore=true, iceandfire:spawn_hippocampus=true, iceandfire:spawn_death_worm=true}
[15Aug2026 23:34:02.565] [Server thread/INFO] [com.github.alexthe666.iceandfire.IceAndFire/]: {TROLL_S=true, HIPPOGRYPH=true, AMPHITHERE=true, COCKATRICE=true, TROLL_M=true, DREAD_LICH=true, TROLL_F=true}
[15Aug2026 23:34:02.673] [Server thread/INFO] [net.bettercombat.logic.WeaponRegistry/]: Encoded Weapon Attribute registry size: 335316 bytes (uncompressed), 9252 bytes (compressed), compression ratio: 97.2% (in 1 string chunks with the size of 10000)
[15Aug2026 23:34:02.674] [Server thread/WARN] [voicechat/]: [voicechat] Running in offline mode - Voice chat encryption is not secure!
[15Aug2026 23:34:02.683] [VoiceChatServerThread/INFO] [voicechat/]: [voicechat] Voice chat server started at port 24454
[15Aug2026 23:34:02.684] [Server thread/WARN] [ModernFix/]: Dedicated server took 93.913 seconds to load
[15Aug2026 23:35:12.792] [Server thread/INFO] [com.github.alexthe666.alexsmobs.AlexsMobs/]: Found Pupfish chunk at 1919 ~ -1968 after 1122 tries
[15Aug2026 23:35:27.540] [Server thread/INFO] [net.minecraft.server.network.ServerLoginPacketListenerImpl/]: com.mojang.authlib.GameProfile@3a24fc46[id=<null>,name=crisbpl,properties={},legacy=false] (/10.147.17.189:64033) lost connection: Disconnected
